usr_prompt:  Context: In a business whose owners and employees all belong to one family, the employees can be paid exceptionally low wages. Hence, general operating expenses are much lower than they would be for other business ventures, making profits higher. So a family business is a family' s surest road to financial prosperity.
Question: The reasoning in the argument is flawed because the argument
A. ignores the fact that in a family business, paying family members low wages may itself reduce the family's prosperity
B. presumes, without providing justification, that family members are willing to work for low wages in a family business because they believe that doing so promotes the family's prosperity
C. ignores the fact that businesses that achieve high levels of customer satisfaction are often profitable even if they pay high wages
D. presumes, without providing justification, that only businesses with low general operating expenses can succeed
token:  Let  prob:  0.4199158251285553  total_p:  0.9553913772106171
token:  To  prob:  0.28030478954315186  total_p:  0.9553913772106171
token:  The  prob:  0.2551707625389099  total_p:  0.9553913772106171
token:   We  prob:  0.47887566685676575  total_p:  0.8261504992842674
token:   Option  prob:  0.22470879554748535  total_p:  0.8261504992842674
token:   The  prob:  0.12256603688001633  total_p:  0.8261504992842674
token:   To  prob:  0.3320310115814209  total_p:  0.7693573981523514
token:   Let  prob:  0.26611846685409546  total_p:  0.7693573981523514
token:   However  prob:  0.17120791971683502  total_p:  0.7693573981523514
token:   This  prob:  0.425957590341568  total_p:  0.9369422197341919
token:   However  prob:  0.37193524837493896  total_p:  0.9369422197341919
token:   The  prob:  0.13904938101768494  total_p:  0.9369422197341919
token:   This  prob:  0.5545554161071777  total_p:  0.8626251518726349
token:   While  prob:  0.16564486920833588  total_p:  0.8626251518726349
token:   However  prob:  0.14242486655712128  total_p:  0.8626251518726349
token:  A  prob:  0.4607312083244324  total_p:  0.8388656377792358
token:  Option  prob:  0.37813442945480347  total_p:  0.8388656377792358
token:  Option  prob:  0.39893215894699097  total_p:  0.9342501014471054
token:  A  prob:  0.35050398111343384  total_p:  0.9342501014471054
token:  Let  prob:  0.1848139613866806  total_p:  0.9342501014471054
token:   However  prob:  0.5055208206176758  total_p:  0.9737557470798492
token:   The  prob:  0.2430841326713562  total_p:  0.9737557470798492
token:   This  prob:  0.22515079379081726  total_p:  0.9737557470798492
token:   The  prob:  0.42021653056144714  total_p:  0.7780959904193878
token:   This  prob:  0.3578794598579407  total_p:  0.7780959904193878
token:   This  prob:  0.4820810854434967  total_p:  0.9418788105249405
token:   However  prob:  0.26645955443382263  total_p:  0.9418788105249405
token:   While  prob:  0.19333817064762115  total_p:  0.9418788105249405
token:  The  prob:  0.499769926071167  total_p:  0.8080576956272125
token:  Option  prob:  0.30828776955604553  total_p:  0.8080576956272125
token:  The  prob:  0.758061408996582  total_p:  0.881051130592823
token:  Option  prob:  0.08087991923093796  total_p:  0.881051130592823
token:  Given  prob:  0.04210980236530304  total_p:  0.881051130592823
token:   While  prob:  0.4720434546470642  total_p:  0.9174921289086342
token:   The  prob:  0.40152227878570557  total_p:  0.9174921289086342
token:   However  prob:  0.04392639547586441  total_p:  0.9174921289086342
token:   While  prob:  0.5339550375938416  total_p:  0.7634074687957764
token:   However  prob:  0.22945243120193481  total_p:  0.7634074687957764
token:  The  prob:  0.3333932161331177  total_p:  0.71114781498909
token:  After  prob:  0.18965725600719452  total_p:  0.71114781498909
token:  Considering  prob:  0.18809734284877777  total_p:  0.71114781498909
token:   While  prob:  0.40635228157043457  total_p:  0.7633640468120575
token:   The  prob:  0.3570117652416229  total_p:  0.7633640468120575
token:   However  prob:  0.4446486830711365  total_p:  0.9634151309728622
token:   While  prob:  0.33839866518974304  total_p:  0.9634151309728622
token:   This  prob:  0.18036778271198273  total_p:  0.9634151309728622
token:   While  prob:  0.4005480706691742  total_p:  0.7402308881282806
token:   It  prob:  0.2119813859462738  total_p:  0.7402308881282806
token:   This  prob:  0.12770143151283264  total_p:  0.7402308881282806
token:  The  prob:  0.7372097373008728  total_p:  0.8635712713003159
token:  Option  prob:  0.12636153399944305  total_p:  0.8635712713003159
usr_prompt:  Context: It takes a particular talent to be a successful business manager. Business courses can help people to solve management problems, but such courses can do so only for those people with managerial talent. Such people should take business courses to acquire ideas that they can subsequently use to good advantage if management problems happen to arise.
Question: If the statements above are true, which of the following must also be true on the basis of them?
A. People who are helped by business courses in solving management problems also have managerial talent.
B. Those people who have never taken business courses are unable to solve management problems when such problems arise.
C. People who lack managerial talent are more likely to take business courses than are people who have managerial talent.
D. People who are already skilled at solving management problems are unlikely to benefit from business courses.
token:   People  prob:  0.5338113903999329  total_p:  0.9388181269168854
token:   "  prob:  0.26705068349838257  total_p:  0.9388181269168854
token:   **  prob:  0.13795605301856995  total_p:  0.9388181269168854
token:   Therefore  prob:  0.4527512490749359  total_p:  0.7108839973807335
token:   This  prob:  0.1503279209136963  total_p:  0.7108839973807335
token:   If  prob:  0.10780482739210129  total_p:  0.7108839973807335
token:  After  prob:  0.2831232249736786  total_p:  0.7252355515956879
token:  Based  prob:  0.2640816569328308  total_p:  0.7252355515956879
token:  <  prob:  0.17803066968917847  total_p:  0.7252355515956879
usr_prompt:  Context: Philosopher: An action is morally good if it both achieves the agent' s intended goal and benefits someone other than the agent.
Question: Which one of the following judgments most closely conforms to the principle cited by the philosopher?
A. Louisa tried to get Henry into serious trouble by making it appear that he stole some expensive clothes from a store. But the store's detective realized what Louisa did, and so Louisa was punished rather than Henry. Since she intended to harm Henry, Louisa's action was not morally good.
B. Yolanda took her children to visit their grandfather because she wanted her children to enjoy their vacation and she knew they adored their grandfather. The grandfather and the children all enjoyed the visit. Though Yolanda greatly enjoyed the visit, her action was morally good.
C. Ellen worked overtime hoping to get a promotion. The extra money she earned allowed her family to take a longer vacation that year, but she failed to get the promotion. Nevertheless, Ellen's action was morally good.
D. Colin chose to lie to the authorities questioning him, in an attempt to protect his friends. The authorities discovered his deception and punished Colin and his friends severely. But because he acted out of love for his friends, Colin's action was morally good.
token:  To  prob:  0.567762553691864  total_p:  0.961493119597435
token:  Let  prob:  0.3165352940559387  total_p:  0.961493119597435
token:  The  prob:  0.07719527184963226  total_p:  0.961493119597435
token:  Now  prob:  0.4479285478591919  total_p:  0.7876925468444824
token:  A  prob:  0.20587575435638428  total_p:  0.7876925468444824
token:  We  prob:  0.13388824462890625  total_p:  0.7876925468444824
token:  A  prob:  0.47751879692077637  total_p:  0.9031095951795578
token:  Let  prob:  0.2819927930831909  total_p:  0.9031095951795578
token:  -  prob:  0.14359800517559052  total_p:  0.9031095951795578
token:   This  prob:  0.33092594146728516  total_p:  0.7181270569562912
token:   Therefore  prob:  0.22001658380031586  total_p:  0.7181270569562912
token:   So  prob:  0.16718453168869019  total_p:  0.7181270569562912
token:   Even  prob:  0.24764391779899597  total_p:  0.5060978084802628
token:   Therefore  prob:  0.16447535157203674  total_p:  0.5060978084802628
token:   Additionally  prob:  0.09397853910923004  total_p:  0.5060978084802628
token:   The  prob:  0.5192874073982239  total_p:  0.9192435145378113
token:   Achie  prob:  0.3999561071395874  total_p:  0.9192435145378113
token:  Option  prob:  0.3520122766494751  total_p:  0.8195262104272842
token:  Let  prob:  0.3349117636680603  total_p:  0.8195262104272842
token:  A  prob:  0.13260217010974884  total_p:  0.8195262104272842
token:   It  prob:  0.28586867451667786  total_p:  0.49950218945741653
token:   Additionally  prob:  0.1143241822719574  total_p:  0.49950218945741653
token:   Therefore  prob:  0.09930933266878128  total_p:  0.49950218945741653
token:   Therefore  prob:  0.2717377841472626  total_p:  0.6560483276844025
token:   This  prob:  0.25924256443977356  total_p:  0.6560483276844025
token:   It  prob:  0.12506797909736633  total_p:  0.6560483276844025
token:   The  prob:  0.2902272939682007  total_p:  0.6831542700529099
token:   This  prob:  0.26677289605140686  total_p:  0.6831542700529099
token:   Her  prob:  0.1261540800333023  total_p:  0.6831542700529099
token:   This  prob:  0.4017719328403473  total_p:  0.7716745436191559
token:   The  prob:  0.19066201150417328  total_p:  0.7716745436191559
token:   Since  prob:  0.17924059927463531  total_p:  0.7716745436191559
token:   Since  prob:  0.16526223719120026  total_p:  0.446740984916687
token:   Although  prob:  0.1478942185640335  total_p:  0.446740984916687
token:   Even  prob:  0.13358452916145325  total_p:  0.446740984916687
token:   Her  prob:  0.22442848980426788  total_p:  0.4973035007715225
token:   Since  prob:  0.140128031373024  total_p:  0.4973035007715225
token:   She  prob:  0.13274697959423065  total_p:  0.4973035007715225
token:   This  prob:  0.3505772352218628  total_p:  0.8251241594552994
token:   Therefore  prob:  0.3237137496471405  total_p:  0.8251241594552994
token:   Thus  prob:  0.15083317458629608  total_p:  0.8251241594552994
token:   Therefore  prob:  0.2699272036552429  total_p:  0.6654193848371506
token:   This  prob:  0.2119818776845932  total_p:  0.6654193848371506
token:   Thus  prob:  0.18351030349731445  total_p:  0.6654193848371506
token:   This  prob:  0.39548802375793457  total_p:  0.6536063253879547
token:   Both  prob:  0.25811830163002014  total_p:  0.6536063253879547
token:   Her  prob:  0.3326253890991211  total_p:  0.5624120831489563
token:   While  prob:  0.2297866940498352  total_p:  0.5624120831489563
token:   This  prob:  0.3019416332244873  total_p:  0.5819643139839172
token:   There  prob:  0.28002268075942993  total_p:  0.5819643139839172
token:   This  prob:  0.5045151114463806  total_p:  0.7117428481578827
token:   The  prob:  0.13771462440490723  total_p:  0.7117428481578827
token:   However  prob:  0.06951311230659485  total_p:  0.7117428481578827
token:  Option  prob:  0.3187767565250397  total_p:  0.5583579391241074
token:  The  prob:  0.2395811825990677  total_p:  0.5583579391241074
token:   This  prob:  0.24677300453186035  total_p:  0.4930006265640259
token:   Therefore  prob:  0.24622762203216553  total_p:  0.4930006265640259
token:   This  prob:  0.5984042286872864  total_p:  0.8213769942522049
token:   Therefore  prob:  0.22297276556491852  total_p:  0.8213769942522049
token:   The  prob:  0.37829920649528503  total_p:  0.7473793029785156
token:   This  prob:  0.19137294590473175  total_p:  0.7473793029785156
token:   Both  prob:  0.17770715057849884  total_p:  0.7473793029785156
token:   This  prob:  0.4204835891723633  total_p:  0.6238217949867249
token:   Her  prob:  0.13060130178928375  total_p:  0.6238217949867249
token:   Additionally  prob:  0.07273690402507782  total_p:  0.6238217949867249
token:   This  prob:  0.3516426980495453  total_p:  0.7127492427825928
token:   Therefore  prob:  0.23701658844947815  total_p:  0.7127492427825928
token:   The  prob:  0.12408995628356934  total_p:  0.7127492427825928
token:   It  prob:  0.1739543378353119  total_p:  0.4562820792198181
token:   The  prob:  0.14446815848350525  total_p:  0.4562820792198181
token:   Even  prob:  0.13785958290100098  total_p:  0.4562820792198181
token:   This  prob:  0.3857448399066925  total_p:  0.7958988100290298
token:   The  prob:  0.2613433003425598  total_p:  0.7958988100290298
token:   Therefore  prob:  0.14881066977977753  total_p:  0.7958988100290298
token:   This  prob:  0.381395161151886  total_p:  0.8291337937116623
token:   The  prob:  0.253627210855484  total_p:  0.8291337937116623
token:   Since  prob:  0.1941114217042923  total_p:  0.8291337937116623
token:   This  prob:  0.4398290514945984  total_p:  0.7153154909610748
token:   Since  prob:  0.27548643946647644  total_p:  0.7153154909610748
token:   This  prob:  0.3127421736717224  total_p:  0.6202278435230255
token:   So  prob:  0.3074856698513031  total_p:  0.6202278435230255
token:   This  prob:  0.37952688336372375  total_p:  0.5762887895107269
token:   It  prob:  0.19676190614700317  total_p:  0.5762887895107269
token:   This  prob:  0.41659051179885864  total_p:  0.6895592212677002
token:   Therefore  prob:  0.27296870946884155  total_p:  0.6895592212677002
token:   The  prob:  0.22623811662197113  total_p:  0.5978310853242874
token:   This  prob:  0.1890466958284378  total_p:  0.5978310853242874
token:   Since  prob:  0.18254627287387848  total_p:  0.5978310853242874
token:   This  prob:  0.44342678785324097  total_p:  0.6975971162319183
token:   The  prob:  0.25417032837867737  total_p:  0.6975971162319183
token:   The  prob:  0.2795526385307312  total_p:  0.5582210421562195
token:   This  prob:  0.2786684036254883  total_p:  0.5582210421562195
token:   Even  prob:  0.3829723596572876  total_p:  0.6073437035083771
token:   The  prob:  0.22437134385108948  total_p:  0.6073437035083771
token:  Option  prob:  0.31612104177474976  total_p:  0.5247122943401337
token:  The  prob:  0.2085912525653839  total_p:  0.5247122943401337
token:  Option  prob:  0.30314335227012634  total_p:  0.6125845611095428
token:  The  prob:  0.18737953901290894  total_p:  0.6125845611095428
token:  Based  prob:  0.12206166982650757  total_p:  0.6125845611095428
token:  Option  prob:  0.2893643081188202  total_p:  0.5284449458122253
token:  The  prob:  0.23908063769340515  total_p:  0.5284449458122253
usr_prompt:  Context: Most lecturers who are effective teachers are eccentric, but some noneccentric lecturers are very effective teachers. In addition, every effective teacher is a good communicator.
Question: Which one of the following statements follows logically from the statements above?
A. Most lecturers who are good communicators are eccentric.
B. Some noneccentric lecturers are effective teachers but are not good communicators.
C. All good communicators are effective teachers.
D. Some good communicators are eccentric.
token:   "  prob:  0.5931748747825623  total_p:  0.9342306703329086
token:   **  prob:  0.25161245465278625  total_p:  0.9342306703329086
token:   Most  prob:  0.08944334089756012  total_p:  0.9342306703329086
token:  -  prob:  0.5135465264320374  total_p:  0.9840408563613892
token:      prob:  0.391979843378067  total_p:  0.9840408563613892
token:  This  prob:  0.07851448655128479  total_p:  0.9840408563613892
token:   We  prob:  0.3961223363876343  total_p:  0.7485062628984451
token:   It  prob:  0.24639414250850677  total_p:  0.7485062628984451
token:   Therefore  prob:  0.10598978400230408  total_p:  0.7485062628984451
token:   Therefore  prob:  0.43238839507102966  total_p:  0.8045610934495926
token:   So  prob:  0.26779383420944214  total_p:  0.8045610934495926
token:   Thus  prob:  0.10437886416912079  total_p:  0.8045610934495926
token:   This  prob:  0.30322811007499695  total_p:  0.7182620018720627
token:   So  prob:  0.21774442493915558  total_p:  0.7182620018720627
token:   Therefore  prob:  0.19728946685791016  total_p:  0.7182620018720627
token:   Since  prob:  0.18633466958999634  total_p:  0.427948959171772
token:   We  prob:  0.13178926706314087  total_p:  0.427948959171772
token:   Therefore  prob:  0.1098250225186348  total_p:  0.427948959171772
token:   We  prob:  0.33493754267692566  total_p:  0.7275309264659882
token:   The  prob:  0.2517947554588318  total_p:  0.7275309264659882
token:   Since  prob:  0.1407986283302307  total_p:  0.7275309264659882
token:   This  prob:  0.273165225982666  total_p:  0.6385675221681595
token:   Therefore  prob:  0.2337905913591385  total_p:  0.6385675221681595
token:   There  prob:  0.13161170482635498  total_p:  0.6385675221681595
token:   Therefore  prob:  0.3259410560131073  total_p:  0.5967612043023109
token:   So  prob:  0.17358508706092834  total_p:  0.5967612043023109
token:   There  prob:  0.0972350612282753  total_p:  0.5967612043023109
token:  This  prob:  0.6593803763389587  total_p:  0.843614861369133
token:  The  prob:  0.18423448503017426  total_p:  0.843614861369133
token:  Based  prob:  0.19160820543766022  total_p:  0.5210210084915161
token:  <  prob:  0.17355915904045105  total_p:  0.5210210084915161
token:  After  prob:  0.15585364401340485  total_p:  0.5210210084915161
token:  Based  prob:  0.22203534841537476  total_p:  0.47507576644420624
token:  After  prob:  0.13765913248062134  total_p:  0.47507576644420624
token:  The  prob:  0.11538128554821014  total_p:  0.47507576644420624
token:  This  prob:  0.4794524312019348  total_p:  0.8971527516841888
token:  Since  prob:  0.24244137108325958  total_p:  0.8971527516841888
token:  Given  prob:  0.17525894939899445  total_p:  0.8971527516841888
token:   Therefore  prob:  0.36974167823791504  total_p:  0.7552365213632584
token:   There  prob:  0.2226460576057434  total_p:  0.7552365213632584
token:   This  prob:  0.16284878551959991  total_p:  0.7552365213632584
token:   Therefore  prob:  0.4976789653301239  total_p:  0.7548280581831932
token:   This  prob:  0.15540844202041626  total_p:  0.7548280581831932
token:   Thus  prob:  0.10174065083265305  total_p:  0.7548280581831932
token:  Therefore  prob:  0.1508137732744217  total_p:  0.4352305233478546
token:  Based  prob:  0.1468989998102188  total_p:  0.4352305233478546
token:  The  prob:  0.1375177502632141  total_p:  0.4352305233478546
token:  Based  prob:  0.15688563883304596  total_p:  0.4376251995563507
token:  The  prob:  0.14455656707286835  total_p:  0.4376251995563507
token:  Thus  prob:  0.1361829936504364  total_p:  0.4376251995563507
token:  <  prob:  0.3724428415298462  total_p:  0.6392923295497894
token:  Therefore  prob:  0.26684948801994324  total_p:  0.6392923295497894
token:  Therefore  prob:  0.227421835064888  total_p:  0.5523003488779068
token:  Based  prob:  0.1832701861858368  total_p:  0.5523003488779068
token:  After  prob:  0.141608327627182  total_p:  0.5523003488779068
token:  <  prob:  0.18501220643520355  total_p:  0.5418617874383926
token:  Therefore  prob:  0.1844702661037445  total_p:  0.5418617874383926
token:  Based  prob:  0.17237931489944458  total_p:  0.5418617874383926
token:   This  prob:  0.6288787722587585  total_p:  0.9583500176668167
token:   Therefore  prob:  0.18689699470996857  total_p:  0.9583500176668167
token:   

  prob:  0.1425742506980896  total_p:  0.9583500176668167
token:  <  prob:  0.327686071395874  total_p:  0.7020834982395172
token:  Therefore  prob:  0.2497411072254181  total_p:  0.7020834982395172
token:  Thus  prob:  0.1246563196182251  total_p:  0.7020834982395172
token:  Therefore  prob:  0.2567121088504791  total_p:  0.5629206597805023
token:  <  prob:  0.16032736003398895  total_p:  0.5629206597805023
token:  Based  prob:  0.14588119089603424  total_p:  0.5629206597805023
usr_prompt:  Context: Selena: Asteroid impact on the Earth caused the extinction of the dinosaurs by raising vast clouds of dust, thus blocking the Sun' s rays and cooling the planet beyond the capacity of the dinosaurs, or perhaps the vegetation that supported them, to adapt. A worldwide dust layer provides evidence of asteroid impact at approximately the correct time, and a huge crater exists on the edge of the Yucatan peninsula in Mexico. Trent: That asteroid crater is not large enough for the requisite amount of dust to have been produced. Besides, the extinction of dinosaur species took many years, not just one or two. So the extinctions must have been due not to asteroid impact on the Earth but to some other kind of cause.
Question: Trent's argument assumes that
A. dinosaurs in the neighborhood of an asteroid impact but not within the zone of direct impact would have survived such an impact
B. dust from the impact of an asteroid on the Earth would not have had any cooling effect on the climate
C. no more than one large asteroid struck the Earth during the period when the dinosaurs were becoming extinct
D. any collision of an asteroid with the Earth would have occurred on a land area rather than an ocean
token:  Let  prob:  0.4138246476650238  total_p:  0.949761301279068
token:  To  prob:  0.3730566203594208  total_p:  0.949761301279068
token:  T  prob:  0.1628800332546234  total_p:  0.949761301279068
token:   Trent  prob:  0.22771883010864258  total_p:  0.5827607363462448
token:   Now  prob:  0.20806296169757843  total_p:  0.5827607363462448
token:   We  prob:  0.1469789445400238  total_p:  0.5827607363462448
token:   This  prob:  0.4706788659095764  total_p:  0.8815648257732391
token:   Trent  prob:  0.23945516347885132  total_p:  0.8815648257732391
token:   While  prob:  0.1714307963848114  total_p:  0.8815648257732391
token:   While  prob:  0.4244145452976227  total_p:  0.8932103738188744
token:   Trent  prob:  0.4011269509792328  total_p:  0.8932103738188744
token:   If  prob:  0.06766887754201889  total_p:  0.8932103738188744
token:   This  prob:  0.5231086611747742  total_p:  0.8773801922798157
token:   Trent  prob:  0.21260841190814972  total_p:  0.8773801922798157
token:   However  prob:  0.14166311919689178  total_p:  0.8773801922798157
token:   He  prob:  0.525424599647522  total_p:  0.8609825670719147
token:   Trent  prob:  0.3355579674243927  total_p:  0.8609825670719147
token:   If  prob:  0.531050980091095  total_p:  0.958936870098114
token:   He  prob:  0.42788589000701904  total_p:  0.958936870098114
token:  The  prob:  0.378465473651886  total_p:  0.6924061924219131
token:  T  prob:  0.20871809124946594  total_p:  0.6924061924219131
token:  Option  prob:  0.10522262752056122  total_p:  0.6924061924219131
token:   However  prob:  0.37705180048942566  total_p:  0.76860611140728
token:   Trent  prob:  0.24560418725013733  total_p:  0.76860611140728
token:   If  prob:  0.14595012366771698  total_p:  0.76860611140728
token:   However  prob:  0.42847564816474915  total_p:  0.8270359486341476
token:   While  prob:  0.22058644890785217  total_p:  0.8270359486341476
token:   This  prob:  0.17797385156154633  total_p:  0.8270359486341476
token:   Trent  prob:  0.56294184923172  total_p:  0.7571834623813629
token:   However  prob:  0.19424161314964294  total_p:  0.7571834623813629
token:   While  prob:  0.4053989350795746  total_p:  0.6845146119594574
token:   However  prob:  0.2791156768798828  total_p:  0.6845146119594574
token:   This  prob:  0.5023914575576782  total_p:  0.9832981526851654
token:   Trent  prob:  0.42085570096969604  total_p:  0.9832981526851654
token:   While  prob:  0.06005099415779114  total_p:  0.9832981526851654
token:   This  prob:  0.5726082921028137  total_p:  0.9242266118526459
token:   Trent  prob:  0.2558075189590454  total_p:  0.9242266118526459
token:   Again  prob:  0.09581080079078674  total_p:  0.9242266118526459
token:  The  prob:  0.3544767200946808  total_p:  0.7030279487371445
token:  T  prob:  0.2230975180864334  total_p:  0.7030279487371445
token:  Given  prob:  0.12545371055603027  total_p:  0.7030279487371445
token:   Trent  prob:  0.42017418146133423  total_p:  0.7542735636234283
token:   This  prob:  0.3340993821620941  total_p:  0.7542735636234283
token:  The  prob:  0.3002162575721741  total_p:  0.504603385925293
token:  T  prob:  0.2043871283531189  total_p:  0.504603385925293
token:   If  prob:  0.5324950218200684  total_p:  0.8299457430839539
token:   Without  prob:  0.2974507212638855  total_p:  0.8299457430839539
token:  The  prob:  0.5170078873634338  total_p:  0.9086529016494751
token:  T  prob:  0.39164501428604126  total_p:  0.9086529016494751
token:   This  prob:  0.7114757299423218  total_p:  0.9416449554264545
token:   Therefore  prob:  0.18242225050926208  total_p:  0.9416449554264545
token:   Thus  prob:  0.04774697497487068  total_p:  0.9416449554264545
token:   Therefore  prob:  0.2706405222415924  total_p:  0.7013252079486847
token:   The  prob:  0.24033282697200775  total_p:  0.7013252079486847
token:   His  prob:  0.19035185873508453  total_p:  0.7013252079486847
token:  The  prob:  0.382966548204422  total_p:  0.8148417174816132
token:  T  prob:  0.27465084195137024  total_p:  0.8148417174816132
token:  Considering  prob:  0.15722432732582092  total_p:  0.8148417174816132
token:  T  prob:  0.4796735644340515  total_p:  0.922833114862442
token:  The  prob:  0.4431595504283905  total_p:  0.922833114862442
token:   He  prob:  0.4460286498069763  total_p:  0.8011085093021393
token:   The  prob:  0.2279617041349411  total_p:  0.8011085093021393
token:   His  prob:  0.12711815536022186  total_p:  0.8011085093021393
token:   This  prob:  0.6160590648651123  total_p:  0.8901193588972092
token:   The  prob:  0.14967067539691925  total_p:  0.8901193588972092
token:   Therefore  prob:  0.12438961863517761  total_p:  0.8901193588972092
token:   If  prob:  0.6144442558288574  total_p:  0.8560698926448822
token:   This  prob:  0.24162563681602478  total_p:  0.8560698926448822
usr_prompt:  Context: Among people who have a history of chronic trouble falling asleep, some rely only on sleeping pills to help them fall asleep, and others practice behavior modification techniques and do not take sleeping pills. Those who rely only on behavior modification fall asleep more quickly than do those who rely only on sleeping pills, so behavior modification is more effective than are sleeping pills in helping people to fall asleep.
Question: Which one of the following, if true, most weakens the argument?
A. The people who are the most likely to take sleeping pills rather than practice behavior modification techniques are those who have previously had the most trouble falling asleep.
B. People who do not take sleeping pills spend at least as many total hours asleep each night as do the people who take sleeping pills.
C. Most people who have trouble falling asleep and who use behavior modification techniques fall asleep more slowly than do most people who have no trouble falling asleep.
D. The people who are the most likely to practice behavior modification techniques rather than take sleeping pills are those who prefer not to use drugs if other treatments are available.
token:  To  prob:  0.5458495616912842  total_p:  0.9332842230796814
token:  Let  prob:  0.2988818883895874  total_p:  0.9332842230796814
token:  The  prob:  0.08855277299880981  total_p:  0.9332842230796814
token:   This  prob:  0.6208266615867615  total_p:  0.9061180427670479
token:   However  prob:  0.1700638383626938  total_p:  0.9061180427670479
token:   If  prob:  0.11522754281759262  total_p:  0.9061180427670479
token:  Now  prob:  0.4231176972389221  total_p:  0.9447639882564545
token:  To  prob:  0.26813048124313354  total_p:  0.9447639882564545
token:  We  prob:  0.2535158097743988  total_p:  0.9447639882564545
token:  A  prob:  0.6459956169128418  total_p:  0.9643697254359722
token:  Option  prob:  0.2710942327976227  total_p:  0.9643697254359722
token:  -  prob:  0.047279875725507736  total_p:  0.9643697254359722
token:   This  prob:  0.5153611302375793  total_p:  0.9819059185683727
token:   While  prob:  0.40827715396881104  total_p:  0.9819059185683727
token:   However  prob:  0.058267634361982346  total_p:  0.9819059185683727
token:   This  prob:  0.4031490981578827  total_p:  0.8025764003396034
token:   It  prob:  0.2892652153968811  total_p:  0.8025764003396034
token:   However  prob:  0.11016208678483963  total_p:  0.8025764003396034
token:  Option  prob:  0.3381791114807129  total_p:  0.7367547899484634
token:  Among  prob:  0.20039965212345123  total_p:  0.7367547899484634
token:  The  prob:  0.19817602634429932  total_p:  0.7367547899484634
token:  Option  prob:  0.6675878167152405  total_p:  0.8215845376253128
token:  The  prob:  0.15399672091007233  total_p:  0.8215845376253128
token:  Option  prob:  0.609315037727356  total_p:  0.8988179415464401
token:  The  prob:  0.23212502896785736  total_p:  0.8988179415464401
token:  C  prob:  0.05737787485122681  total_p:  0.8988179415464401
token:  The  prob:  0.4102170169353485  total_p:  0.6412532180547714
token:  Option  prob:  0.2310362011194229  total_p:  0.6412532180547714
token:   This  prob:  0.6995781660079956  total_p:  0.9152112901210785
token:   If  prob:  0.21563312411308289  total_p:  0.9152112901210785
token:  Option  prob:  0.3785008192062378  total_p:  0.6468218266963959
token:  The  prob:  0.2683210074901581  total_p:  0.6468218266963959
token:  Option  prob:  0.32262513041496277  total_p:  0.7141432389616966
token:  The  prob:  0.29043087363243103  total_p:  0.7141432389616966
token:  Among  prob:  0.10108723491430283  total_p:  0.7141432389616966
token:  Option  prob:  0.5886335968971252  total_p:  0.8726242184638977
token:  The  prob:  0.28399062156677246  total_p:  0.8726242184638977
usr_prompt:  Context: After the United Nations Security Council authorized military intervention by a coalition of armed forces intended to halt civil strife in a certain country, the parliament of one UN member nation passed a resolution condemning its own prime minister for promising to commit military personnel to the action. A parliamentary leader insisted that the overwhelming vote for the resolution did not imply the parliament' s opposition to the anticipated intervention; on the contrary, most members of parliament supported the UN plan.
Question: Which one of the following, if true, most helps to resolve the apparent discrepancy presented above?
A. The public would not support the military action unless it was known that the parliament supported the action.
B. In the parliamentary leader's nation, it is the constitutional prerogative of the parliament, not of the prime minister, to initiate foreign military action.
C. The UN Security Council cannot legally commit the military of a member nation to armed intervention in other countries.
D. Members of the parliament traditionally are more closely attuned to public sentiment, especially with regard to military action, than are prime ministers.
token:  1  prob:  0.5083232522010803  total_p:  0.9958872050046921
token:  -  prob:  0.27434486150741577  total_p:  0.9958872050046921
token:  The  prob:  0.21321909129619598  total_p:  0.9958872050046921
token:   The  prob:  0.5384030938148499  total_p:  0.9627611674368382
token:   A  prob:  0.40797528624534607  total_p:  0.9627611674368382
token:   One  prob:  0.016382787376642227  total_p:  0.9627611674368382
token:   Despite  prob:  0.4021419286727905  total_p:  0.9490215331315994
token:   The  prob:  0.3399181067943573  total_p:  0.9490215331315994
token:   A  prob:  0.2069614976644516  total_p:  0.9490215331315994
token:  The  prob:  0.4171420931816101  total_p:  0.8534471392631531
token:  We  prob:  0.3089253306388855  total_p:  0.8534471392631531
token:  To  prob:  0.12737971544265747  total_p:  0.8534471392631531
token:   We  prob:  0.6298602819442749  total_p:  0.8733704090118408
token:   The  prob:  0.1376953423023224  total_p:  0.8733704090118408
token:   

  prob:  0.10581478476524353  total_p:  0.8733704090118408
token:  A  prob:  0.562178373336792  total_p:  0.834711566567421
token:  Let  prob:  0.14989785850048065  total_p:  0.834711566567421
token:  Option  prob:  0.12263533473014832  total_p:  0.834711566567421
token:   This  prob:  0.5869966149330139  total_p:  0.9570224955677986
token:   If  prob:  0.30374667048454285  total_p:  0.9570224955677986
token:   However  prob:  0.06627921015024185  total_p:  0.9570224955677986
token:   While  prob:  0.4472658932209015  total_p:  0.8242177665233612
token:   However  prob:  0.3769518733024597  total_p:  0.8242177665233612
token:   If  prob:  0.3907650411128998  total_p:  0.7758976817131042
token:   This  prob:  0.38513264060020447  total_p:  0.7758976817131042
token:  Let  prob:  0.29661232233047485  total_p:  0.7369810789823532
token:  Now  prob:  0.29401230812072754  total_p:  0.7369810789823532
token:  A  prob:  0.14635644853115082  total_p:  0.7369810789823532
token:  Option  prob:  0.30460578203201294  total_p:  0.7564829587936401
token:  The  prob:  0.24814771115779877  total_p:  0.7564829587936401
token:  Considering  prob:  0.20372946560382843  total_p:  0.7564829587936401
token:  <  prob:  0.6626384258270264  total_p:  0.8952004984021187
token:  Therefore  prob:  0.14002625644207  total_p:  0.8952004984021187
token:  Thus  prob:  0.09253581613302231  total_p:  0.8952004984021187
token:  A  prob:  0.5015230178833008  total_p:  0.8463809937238693
token:  Let  prob:  0.19983328878879547  total_p:  0.8463809937238693
token:  Option  prob:  0.14502468705177307  total_p:  0.8463809937238693
token:  Considering  prob:  0.44633933901786804  total_p:  0.7477189004421234
token:  Given  prob:  0.1514739990234375  total_p:  0.7477189004421234
token:  The  prob:  0.14990556240081787  total_p:  0.7477189004421234
token:   It  prob:  0.5999112129211426  total_p:  0.8861312568187714
token:   If  prob:  0.2862200438976288  total_p:  0.8861312568187714
token:   While  prob:  0.4892433285713196  total_p:  0.9302790015935898
token:   However  prob:  0.3011399507522583  total_p:  0.9302790015935898
token:   This  prob:  0.1398957222700119  total_p:  0.9302790015935898
token:  Considering  prob:  0.4512270987033844  total_p:  0.6681970208883286
token:  Given  prob:  0.21696992218494415  total_p:  0.6681970208883286
token:   However  prob:  0.4943632185459137  total_p:  0.8031359612941742
token:   This  prob:  0.3087727427482605  total_p:  0.8031359612941742
token:  Given  prob:  0.19629411399364471  total_p:  0.4811663404107094
token:  Considering  prob:  0.16567908227443695  total_p:  0.4811663404107094
token:  The  prob:  0.11919314414262772  total_p:  0.4811663404107094
token:  Considering  prob:  0.2929094135761261  total_p:  0.6850426942110062
token:  After  prob:  0.24189527332782745  total_p:  0.6850426942110062
token:  The  prob:  0.1502380073070526  total_p:  0.6850426942110062
token:  Option  prob:  0.32781508564949036  total_p:  0.5976485013961792
token:  The  prob:  0.26983341574668884  total_p:  0.5976485013961792
token:  The  prob:  0.2937704920768738  total_p:  0.7563067525625229
token:  Option  prob:  0.2858051061630249  total_p:  0.7563067525625229
token:  Considering  prob:  0.1767311543226242  total_p:  0.7563067525625229
usr_prompt:  Context: A proposed change to federal income tax laws would eliminate deductions from taxable income for donations a taxpayer has made to charitable and educational institutions. If this change were adopted, wealthy individuals would no longer be permitted such deductions. Ttherefore, many charitable and educational institutions would have to reduce services, and some would have to close their doors.
Question: The argument above assumes which of the following?
A. Without the incentives offered by federal income tax laws, at least some wealthy individuals would not donate as much money to charitable and educational institutions as they otherwise would have.
B. The primary reason for not adopting the proposed change in the federal income tax laws cited above is to protect wealthy individuals from having to pay higher taxes.
C. Money contributed by individuals who make their donations because of provisions in the federal tax laws provides the only source of funding for many charitable and educational institutions.
D. Income tax laws should be changed to make donations to charitable and educational institutions the only permissible deductions from taxable income.
token:   The  prob:  0.5326775908470154  total_p:  0.8415788412094116
token:   This  prob:  0.15465860068798065  total_p:  0.8415788412094116
token:   If  prob:  0.1542426496744156  total_p:  0.8415788412094116
token:   As  prob:  0.38028764724731445  total_p:  0.8413108810782433
token:   It  prob:  0.3473963439464569  total_p:  0.8413108810782433
token:   The  prob:  0.1136268898844719  total_p:  0.8413108810782433
token:   The  prob:  0.437979131937027  total_p:  0.8976461738348007
token:   As  prob:  0.3346414268016815  total_p:  0.8976461738348007
token:   This  prob:  0.12502561509609222  total_p:  0.8976461738348007
token:  The  prob:  0.38670894503593445  total_p:  0.9031832814216614
token:  To  prob:  0.26079243421554565  total_p:  0.9031832814216614
token:  Now  prob:  0.2556819021701813  total_p:  0.9031832814216614
token:  The  prob:  0.3078967332839966  total_p:  0.9042113125324249
token:  Now  prob:  0.2987956404685974  total_p:  0.9042113125324249
token:  To  prob:  0.29751893877983093  total_p:  0.9042113125324249
token:  The  prob:  0.44295892119407654  total_p:  0.8981980010867119
token:  Now  prob:  0.34866195917129517  total_p:  0.8981980010867119
token:  To  prob:  0.10657712072134018  total_p:  0.8981980010867119
token:   However  prob:  0.5089025497436523  total_p:  0.915918618440628
token:   The  prob:  0.4070160686969757  total_p:  0.915918618440628
token:  Given  prob:  0.24345672130584717  total_p:  0.47463759779930115
token:  Considering  prob:  0.23118087649345398  total_p:  0.47463759779930115
token:  Now  prob:  0.7563023567199707  total_p:  0.8752644807100296
token:  Let  prob:  0.1189621239900589  total_p:  0.8752644807100296
token:  A  prob:  0.4538725018501282  total_p:  0.895636796951294
token:  Option  prob:  0.30679699778556824  total_p:  0.895636796951294
token:  -  prob:  0.13496729731559753  total_p:  0.895636796951294
token:   To  prob:  0.3830954134464264  total_p:  0.5635182112455368
token:   It  prob:  0.1804227977991104  total_p:  0.5635182112455368
token:   The  prob:  0.4442903995513916  total_p:  0.7173475325107574
token:   It  prob:  0.27305713295936584  total_p:  0.7173475325107574
token:  Given  prob:  0.21746526658535004  total_p:  0.551174521446228
token:  Considering  prob:  0.17640423774719238  total_p:  0.551174521446228
token:  The  prob:  0.1573050171136856  total_p:  0.551174521446228
token:  The  prob:  0.4610448479652405  total_p:  0.6061572432518005
token:  Option  prob:  0.14511239528656006  total_p:  0.6061572432518005
token:   An  prob:  0.3498521149158478  total_p:  0.6299600303173065
token:   Let  prob:  0.15212884545326233  total_p:  0.6299600303173065
token:   We  prob:  0.1279790699481964  total_p:  0.6299600303173065
token:  The  prob:  0.46724507212638855  total_p:  0.8158079981803894
token:  Given  prob:  0.1858193278312683  total_p:  0.8158079981803894
token:  Considering  prob:  0.16274359822273254  total_p:  0.8158079981803894
token:  The  prob:  0.2973458170890808  total_p:  0.5869597047567368
token:  Given  prob:  0.1612732857465744  total_p:  0.5869597047567368
token:  Based  prob:  0.12834060192108154  total_p:  0.5869597047567368
token:  Let  prob:  0.371753990650177  total_p:  0.5632728338241577
token:  A  prob:  0.1915188431739807  total_p:  0.5632728338241577
token:   This  prob:  0.6319897174835205  total_p:  0.8146949261426926
token:   Without  prob:  0.18270520865917206  total_p:  0.8146949261426926
token:  Given  prob:  0.176627978682518  total_p:  0.47755321860313416
token:  The  prob:  0.15624423325061798  total_p:  0.47755321860313416
token:  Based  prob:  0.14468100666999817  total_p:  0.47755321860313416
token:   The  prob:  0.443577378988266  total_p:  0.8814762830734253
token:   This  prob:  0.4378989040851593  total_p:  0.8814762830734253
token:   This  prob:  0.43304553627967834  total_p:  0.80500927567482
token:   Therefore  prob:  0.1904681771993637  total_p:  0.80500927567482
token:   So  prob:  0.1814955621957779  total_p:  0.80500927567482
token:   The  prob:  0.638551652431488  total_p:  0.8405799120664597
token:   However  prob:  0.20202825963497162  total_p:  0.8405799120664597
token:  The  prob:  0.25378745794296265  total_p:  0.5951917767524719
token:  Considering  prob:  0.1729518473148346  total_p:  0.5951917767524719
token:  Given  prob:  0.16845247149467468  total_p:  0.5951917767524719
usr_prompt:  Context: Mayor Smith, one of our few government officials with a record of outspoken, informed, and consistent opposition to nuclear power plant construction projects, has now declared herself in favor of building the nuclear power plant at Littletown. If someone with her past antinuclear record now favors building this power plant, then there is good reason to believe that it will be safe and ttherefore should be built.
Question: The argument is vulnerable to criticism on which one of the following grounds?
A. It gives no indication of either the basis of Mayor Smith's former opposition to nuclear power plant construction or the reasons for her support for the Littletown project.
B. It assumes without warrant that the qualities enabling a person to be elected to public office confer on that person a grasp of the scientific principles on which technical decisions are based.
C. It fails to establish that a consistent and outspoken opposition is necessarily an informed opposition.
D. It overlooks the possibility that not all those who fail to speak out on issues of nuclear power are necessarily opposed to it.
token:  Let  prob:  0.4321746230125427  total_p:  0.8642643541097641
token:  To  prob:  0.23935741186141968  total_p:  0.8642643541097641
token:  The  prob:  0.1927323192358017  total_p:  0.8642643541097641
token:   The  prob:  0.37600842118263245  total_p:  0.8163392245769501
token:   We  prob:  0.2971806228160858  total_p:  0.8163392245769501
token:   To  prob:  0.1431501805782318  total_p:  0.8163392245769501
token:   We  prob:  0.5835789442062378  total_p:  0.8328990787267685
token:   Option  prob:  0.1621597707271576  total_p:  0.8328990787267685
token:   The  prob:  0.08716036379337311  total_p:  0.8328990787267685
token:  Let  prob:  0.6438454985618591  total_p:  0.839213527739048
token:  Option  prob:  0.1213565468788147  total_p:  0.839213527739048
token:  A  prob:  0.07401148229837418  total_p:  0.839213527739048
token:  The  prob:  0.5461647510528564  total_p:  0.8746733516454697
token:  </  prob:  0.17981870472431183  total_p:  0.8746733516454697
token:  Option  prob:  0.1486898958683014  total_p:  0.8746733516454697
token:  Option  prob:  0.37354663014411926  total_p:  0.647714227437973
token:  A  prob:  0.27416759729385376  total_p:  0.647714227437973
token:   This  prob:  0.45842716097831726  total_p:  0.7836396098136902
token:   While  prob:  0.3252124488353729  total_p:  0.7836396098136902
token:   This  prob:  0.5251415967941284  total_p:  0.9261836111545563
token:   While  prob:  0.40104201436042786  total_p:  0.9261836111545563
token:   However  prob:  0.4005892872810364  total_p:  0.7900552749633789
token:   This  prob:  0.38946598768234253  total_p:  0.7900552749633789
token:   This  prob:  0.4320705235004425  total_p:  0.8523311614990234
token:   However  prob:  0.42026063799858093  total_p:  0.8523311614990234
token:   However  prob:  0.4045126736164093  total_p:  0.9832802712917328
token:   While  prob:  0.29993361234664917  total_p:  0.9832802712917328
token:   This  prob:  0.2788339853286743  total_p:  0.9832802712917328
usr_prompt:  Context: Any government practice that might facilitate the abuse of power should not be undertaken except in cases in which there is a compelling reason to do so. The keeping of government secrets is one such practice. Though government officials are sometimes justified in keeping secrets, too often they keep secrets for insubstantial reasons, and in so doing they wind up enabling abuses of power. When government officials conceal from the public the very fact that they are keeping a secret, this practice opens up even greater opportunity for abuse.
Question: Which one of the following can be properly inferred from the statements above?
A. Government officials who conceal information without a compelling reason are thereby guilty of an abuse of power.
B. Government officials should keep information secret only if doing so does not make it easier for those officials to abuse their power.
C. A government official who justifiably keeps a secret should not conceal its existence without having a compelling reason to do so.
D. In most cases in which government officials conceal information from the public, they are not justified in doing so.
token:  1  prob:  0.5834996700286865  total_p:  0.9411623030900955
token:  The  prob:  0.3232264816761017  total_p:  0.9411623030900955
token:  <  prob:  0.03443615138530731  total_p:  0.9411623030900955
token:   The  prob:  0.46779534220695496  total_p:  0.9546131193637848
token:   This  prob:  0.27405908703804016  total_p:  0.9546131193637848
token:   While  prob:  0.21275869011878967  total_p:  0.9546131193637848
token:   It  prob:  0.44290274381637573  total_p:  0.8773494213819504
token:   The  prob:  0.21765734255313873  total_p:  0.8773494213819504
token:   This  prob:  0.2167893350124359  total_p:  0.8773494213819504
token:  Now  prob:  0.46400323510169983  total_p:  0.8178122118115425
token:  A  prob:  0.2506745755672455  total_p:  0.8178122118115425
token:  Option  prob:  0.1031344011425972  total_p:  0.8178122118115425
token:   It  prob:  0.353593647480011  total_p:  0.733306810259819
token:   This  prob:  0.23363222181797028  total_p:  0.733306810259819
token:   However  prob:  0.14608094096183777  total_p:  0.733306810259819
token:   The  prob:  0.4688294529914856  total_p:  0.9919454827904701
token:   This  prob:  0.40758100152015686  total_p:  0.9919454827904701
token:   While  prob:  0.11553502827882767  total_p:  0.9919454827904701
token:   The  prob:  0.34797513484954834  total_p:  0.9230608344078064
token:   This  prob:  0.3017672002315521  total_p:  0.9230608344078064
token:   While  prob:  0.27331849932670593  total_p:  0.9230608344078064
token:   It  prob:  0.49380743503570557  total_p:  0.9393155872821808
token:   The  prob:  0.4455081522464752  total_p:  0.9393155872821808
token:  Considering  prob:  0.2707698941230774  total_p:  0.6874906122684479
token:  Given  prob:  0.21748217940330505  total_p:  0.6874906122684479
token:  After  prob:  0.19923853874206543  total_p:  0.6874906122684479
token:   This  prob:  0.432182639837265  total_p:  0.7435301691293716
token:   It  prob:  0.15597662329673767  total_p:  0.7435301691293716
token:   Therefore  prob:  0.15537090599536896  total_p:  0.7435301691293716
token:   The  prob:  0.3941376805305481  total_p:  0.9493476152420044
token:   It  prob:  0.2998778820037842  total_p:  0.9493476152420044
token:   If  prob:  0.2553320527076721  total_p:  0.9493476152420044
token:   This  prob:  0.466764897108078  total_p:  0.9900818914175034
token:   While  prob:  0.3171176612377167  total_p:  0.9900818914175034
token:   The  prob:  0.20619933307170868  total_p:  0.9900818914175034
token:  After  prob:  0.23044855892658234  total_p:  0.58530293405056
token:  Based  prob:  0.19863483309745789  total_p:  0.58530293405056
token:  Considering  prob:  0.15621954202651978  total_p:  0.58530293405056
token:   This  prob:  0.5656315684318542  total_p:  0.7887536957859993
token:   The  prob:  0.12429923564195633  total_p:  0.7887536957859993
token:   Therefore  prob:  0.09882289171218872  total_p:  0.7887536957859993
token:   This  prob:  0.6304939985275269  total_p:  0.9051338136196136
token:   The  prob:  0.2746398150920868  total_p:  0.9051338136196136
token:   The  prob:  0.5798015594482422  total_p:  0.8200427740812302
token:   While  prob:  0.24024121463298798  total_p:  0.8200427740812302
token:  Given  prob:  0.23842893540859222  total_p:  0.6196202784776688
token:  3  prob:  0.23033635318279266  total_p:  0.6196202784776688
token:  After  prob:  0.15085498988628387  total_p:  0.6196202784776688
token:   The  prob:  0.613241970539093  total_p:  0.9459772780537605
token:   This  prob:  0.23691245913505554  total_p:  0.9459772780537605
token:   While  prob:  0.09582284837961197  total_p:  0.9459772780537605
token:   The  prob:  0.6501632332801819  total_p:  0.9752959609031677
token:   This  prob:  0.19791226089000702  total_p:  0.9752959609031677
token:   While  prob:  0.12722046673297882  total_p:  0.9752959609031677
token:   The  prob:  0.4769841134548187  total_p:  0.8147459030151367
token:   This  prob:  0.337761789560318  total_p:  0.8147459030151367
token:  3  prob:  0.37349259853363037  total_p:  0.7196860760450363
token:  Given  prob:  0.22272291779518127  total_p:  0.7196860760450363
token:  Considering  prob:  0.12347055971622467  total_p:  0.7196860760450363
token:   This  prob:  0.4895026683807373  total_p:  0.8824991583824158
token:   The  prob:  0.39299649000167847  total_p:  0.8824991583824158
token:   This  prob:  0.5255837440490723  total_p:  0.9653022736310959
token:   While  prob:  0.26029500365257263  total_p:  0.9653022736310959
token:   The  prob:  0.179423525929451  total_p:  0.9653022736310959
token:  3  prob:  0.2992919385433197  total_p:  0.6880261451005936
token:  Given  prob:  0.22006992995738983  total_p:  0.6880261451005936
token:  Based  prob:  0.16866427659988403  total_p:  0.6880261451005936
token:  Based  prob:  0.22043639421463013  total_p:  0.6068136692047119
token:  After  prob:  0.2035377472639084  total_p:  0.6068136692047119
token:  Given  prob:  0.1828395277261734  total_p:  0.6068136692047119
token:  3  prob:  0.23885436356067657  total_p:  0.4491875618696213
token:  After  prob:  0.2103331983089447  total_p:  0.4491875618696213
token:   The  prob:  0.48985809087753296  total_p:  0.8938001096248627
token:   While  prob:  0.4039420187473297  total_p:  0.8938001096248627
token:   While  prob:  0.4480365812778473  total_p:  0.7929131984710693
token:   The  prob:  0.34487661719322205  total_p:  0.7929131984710693
token:  After  prob:  0.30188289284706116  total_p:  0.5093894749879837
token:  Considering  prob:  0.20750658214092255  total_p:  0.5093894749879837
usr_prompt:  Context: On average, American consumers buy a new computer every four years even though older computers are still perfectly capable of basic operations such as word processing and surfing the Internet. This is the case despite the fact that most computers are designed to work for approximately ten years.
Question: The statements above, if true, best support which of the following as a conclusion?
A. Computers ought to be designed to break down more quickly than is presently the case.
B. Computers utilizing the latest technology represent substantial functional upgrades from earlier computers.
C. American consumers are motivated to purchase new computers by some combination of factors other than their current computer's ability to perform basic functions.
D. Improved manufacturing techniques have led to computers lasting longer than was possible in the past.
token:  1  prob:  0.7472452521324158  total_p:  0.9709225818514824
token:  -  prob:  0.14241771399974823  total_p:  0.9709225818514824
token:  The  prob:  0.08125961571931839  total_p:  0.9709225818514824
token:   It  prob:  0.4726240038871765  total_p:  0.9318439029157162
token:   The  prob:  0.42695334553718567  total_p:  0.9318439029157162
token:   Moreover  prob:  0.03226655349135399  total_p:  0.9318439029157162
token:  Now  prob:  0.43075039982795715  total_p:  0.6429324597120285
token:  Given  prob:  0.21218205988407135  total_p:  0.6429324597120285
token:   The  prob:  0.26059818267822266  total_p:  0.7166813164949417
token:   If  prob:  0.2350301891565323  total_p:  0.7166813164949417
token:   It  prob:  0.22105294466018677  total_p:  0.7166813164949417
token:  A  prob:  0.5703850388526917  total_p:  0.9181737005710602
token:  Option  prob:  0.34778866171836853  total_p:  0.9181737005710602
token:   This  prob:  0.5572901964187622  total_p:  0.9265031218528748
token:   However  prob:  0.36921292543411255  total_p:  0.9265031218528748
token:   The  prob:  0.28248465061187744  total_p:  0.7010930925607681
token:   If  prob:  0.27976611256599426  total_p:  0.7010930925607681
token:   Consumers  prob:  0.13884232938289642  total_p:  0.7010930925607681
token:   If  prob:  0.2823353409767151  total_p:  0.6681757569313049
token:   The  prob:  0.2418833076953888  total_p:  0.6681757569313049
token:   Consumers  prob:  0.14395710825920105  total_p:  0.6681757569313049
token:   If  prob:  0.29198509454727173  total_p:  0.5715056955814362
token:   The  prob:  0.27952060103416443  total_p:  0.5715056955814362
token:  Based  prob:  0.3464163839817047  total_p:  0.5983673334121704
token:  Given  prob:  0.2519509494304657  total_p:  0.5983673334121704
token:  Based  prob:  0.371976375579834  total_p:  0.7160352319478989
token:  Given  prob:  0.2422819584608078  total_p:  0.7160352319478989
token:  3  prob:  0.10177689790725708  total_p:  0.7160352319478989
token:  Based  prob:  0.34290942549705505  total_p:  0.6972456350922585
token:  Given  prob:  0.2553589940071106  total_p:  0.6972456350922585
token:  After  prob:  0.0989772155880928  total_p:  0.6972456350922585
token:   This  prob:  0.483315646648407  total_p:  0.7532006129622459
token:   There  prob:  0.20066788792610168  total_p:  0.7532006129622459
token:   Therefore  prob:  0.06921707838773727  total_p:  0.7532006129622459
token:  Based  prob:  0.3504922389984131  total_p:  0.7158500179648399
token:  Given  prob:  0.25785377621650696  total_p:  0.7158500179648399
token:  3  prob:  0.10750400274991989  total_p:  0.7158500179648399
token:  After  prob:  0.23098315298557281  total_p:  0.647635743021965
token:  Based  prob:  0.2158476561307907  total_p:  0.647635743021965
token:  Considering  prob:  0.2008049339056015  total_p:  0.647635743021965
usr_prompt:  Context: An experiment was done in which human subjects recognize a pattern within a matrix of abstract designs and then select another design that completes that pattern. The results of the experiment were surprising. The lowest expenditure of energy in neurons in the brain was found in those subjects who performed most successfully in the experiments.
Question: Which of the following hypotheses best accounts for the findings of the experiment?
A. The neurons of the brain react less when a subject is trying to recognize patterns than when the subject is doing other kinds of reasoning.
B. The energy expenditure of the subjects' brains increases when a design that completes the initially recognized pattern is determined.
C. People who are better at abstract pattern recognition have more energy-efficient neural connections.
D. The task of completing a given design is more capably performed by athletes, whose energy expenditure is lower when they are at rest.
token:   The  prob:  0.546026885509491  total_p:  0.9236413463950157
token:   However  prob:  0.26958003640174866  total_p:  0.9236413463950157
token:   But  prob:  0.10803442448377609  total_p:  0.9236413463950157
token:   It  prob:  0.6074605584144592  total_p:  0.9582500755786896
token:   If  prob:  0.35078951716423035  total_p:  0.9582500755786896
token:  Considering  prob:  0.4286836087703705  total_p:  0.6744895577430725
token:  Given  prob:  0.13418662548065186  total_p:  0.6744895577430725
token:  The  prob:  0.11161932349205017  total_p:  0.6744895577430725
token:   It  prob:  0.7145439982414246  total_p:  0.9737712517380714
token:   If  prob:  0.19492675364017487  total_p:  0.9737712517380714
token:   The  prob:  0.06430049985647202  total_p:  0.9737712517380714
token:  Considering  prob:  0.3364292085170746  total_p:  0.6468375325202942
token:  Given  prob:  0.15838292241096497  total_p:  0.6468375325202942
token:  The  prob:  0.15202540159225464  total_p:  0.6468375325202942
token:   It  prob:  0.46611499786376953  total_p:  0.9634854793548584
token:   The  prob:  0.4078420102596283  total_p:  0.9634854793548584
token:   This  prob:  0.08952847123146057  total_p:  0.9634854793548584
token:   The  prob:  0.4649594724178314  total_p:  0.7211391031742096
token:   It  prob:  0.2561796307563782  total_p:  0.7211391031742096
token:  Considering  prob:  0.3774386942386627  total_p:  0.6676501035690308
token:  Given  prob:  0.18035456538200378  total_p:  0.6676501035690308
token:  Based  prob:  0.10985684394836426  total_p:  0.6676501035690308
token:  Considering  prob:  0.3969570994377136  total_p:  0.6998757645487785
token:  Given  prob:  0.18691223859786987  total_p:  0.6998757645487785
token:  Based  prob:  0.11600642651319504  total_p:  0.6998757645487785
usr_prompt:  Context: Researcher: Research has shown that inhaling the scent of lavender has measurable physiological effects tending to reduce stress. It is known that intense stress can impair the immune system, making one more susceptible to illness. Ttherefore, it is likely that the incidence of illness among those who regularly inhale the scent of lavender is reduced by this practice.
Question: Which one of the following is an assumption that the researcher's argument requires?
A. Many, if not all, of the scents that have a tendency to reduce susceptibility to illness do so, at least in part, by reducing stress.
B. At least some people who use the scent of lavender to induce relaxation and reduce stress are no more susceptible to illness than average.
C. Some people who regularly inhale the scent of lavender would otherwise be under enough stress to impair their immune systems.
D. Reduced stress diminishes susceptibility to illness only for people who are under enough stress to impair their immune systems to at least some degree.
token:  1  prob:  0.4732094705104828  total_p:  0.9994530975818634
token:  -  prob:  0.37010252475738525  total_p:  0.9994530975818634
token:  The  prob:  0.15614110231399536  total_p:  0.9994530975818634
token:   Therefore  prob:  0.6550219655036926  total_p:  0.9233531281352043
token:   Thus  prob:  0.18687504529953003  total_p:  0.9233531281352043
token:   Hence  prob:  0.08145611733198166  total_p:  0.9233531281352043
token:  </  prob:  0.4848667085170746  total_p:  0.7259923815727234
token:  The  prob:  0.13275988399982452  total_p:  0.7259923815727234
token:  -  prob:  0.10836578905582428  total_p:  0.7259923815727234
token:   </  prob:  0.6733684539794922  total_p:  0.93628990650177
token:   This  prob:  0.26292145252227783  total_p:  0.93628990650177
usr_prompt:  Context: Britain is now rabies free. Nevertheless, Britain' s strict quarantine of imported domesticated animals, designed to prevent widespread outbreaks of rabies there, cannot succeed indefinitely in preventing such outbreaks. Bats, which are very susceptible to rabies, fly into Britain from continental Europe. Since wild bats cannot be quarantined, this policy cannot control rabies spread by wild bats.
Question: Which one of the following is an argumentative strategy employed in the argument?
A. trying to undermine support for a certain policy by pointing out that factors other than the policy itself could account for the results attributed to that policy
B. providing evidence that because the officials charged with enforcing a certain policy often fail to perform their duty that policy is sure to have little effect
C. raising a possible objection to a certain policy in order to show that the objection is in fact irrelevant to the particular situation the policy was designed to address
D. arguing that a certain policy is bound to fail because an event that is likely to defeat the aim of the policy falls outside the policy's influence
token:  Let  prob:  0.34168556332588196  total_p:  0.8853039294481277
token:  The  prob:  0.31651538610458374  total_p:  0.8853039294481277
token:  To  prob:  0.22710298001766205  total_p:  0.8853039294481277
token:   Britain  prob:  0.3847692608833313  total_p:  0.6616431176662445
token:   There  prob:  0.14901356399059296  total_p:  0.6616431176662445
token:   The  prob:  0.12786029279232025  total_p:  0.6616431176662445
token:   Despite  prob:  0.35910946130752563  total_p:  0.7745551615953445
token:   The  prob:  0.2488778829574585  total_p:  0.7745551615953445
token:   This  prob:  0.1665678173303604  total_p:  0.7745551615953445
token:   The  prob:  0.6612633466720581  total_p:  0.9448430612683296
token:   Let  prob:  0.2252969890832901  total_p:  0.9448430612683296
token:   

  prob:  0.058282725512981415  total_p:  0.9448430612683296
token:   The  prob:  0.7048249840736389  total_p:  0.9474600702524185
token:   It  prob:  0.2426350861787796  total_p:  0.9474600702524185
token:   Britain  prob:  0.40973204374313354  total_p:  0.6986644566059113
token:   There  prob:  0.15284542739391327  total_p:  0.6986644566059113
token:   The  prob:  0.13608698546886444  total_p:  0.6986644566059113
token:   Despite  prob:  0.35920464992523193  total_p:  0.6676428020000458
token:   The  prob:  0.193929061293602  total_p:  0.6676428020000458
token:   B  prob:  0.11450909078121185  total_p:  0.6676428020000458
token:   Wild  prob:  0.4969446659088135  total_p:  0.8447005599737167
token:   Since  prob:  0.19287362694740295  total_p:  0.8447005599737167
token:   These  prob:  0.1548822671175003  total_p:  0.8447005599737167
token:   The  prob:  0.5051365494728088  total_p:  0.8944142609834671
token:   It  prob:  0.2019776552915573  total_p:  0.8944142609834671
token:   This  prob:  0.18730005621910095  total_p:  0.8944142609834671
token:   The  prob:  0.771772027015686  total_p:  0.888252392411232
token:   There  prob:  0.062449920922517776  total_p:  0.888252392411232
token:   Despite  prob:  0.05403044447302818  total_p:  0.888252392411232
token:   Wild  prob:  0.2708824872970581  total_p:  0.6416096985340118
token:   Since  prob:  0.20265303552150726  total_p:  0.6416096985340118
token:   The  prob:  0.16807417571544647  total_p:  0.6416096985340118
token:  Now  prob:  0.46564924716949463  total_p:  0.7762669324874878
token:  This  prob:  0.2241508662700653  total_p:  0.7762669324874878
token:  Let  prob:  0.08646681904792786  total_p:  0.7762669324874878
token:  Options  prob:  0.5173518657684326  total_p:  0.8072560131549835
token:  Option  prob:  0.16466915607452393  total_p:  0.8072560131549835
token:  Let  prob:  0.12523499131202698  total_p:  0.8072560131549835
token:   This  prob:  0.6522352695465088  total_p:  0.8178952187299728
token:   The  prob:  0.16565994918346405  total_p:  0.8178952187299728
token:   The  prob:  0.6136348247528076  total_p:  0.9208450317382812
token:   However  prob:  0.30721020698547363  total_p:  0.9208450317382812
token:   Despite  prob:  0.40801262855529785  total_p:  0.7655140906572342
token:   The  prob:  0.223378524184227  total_p:  0.7655140906572342
token:   Wild  prob:  0.13412293791770935  total_p:  0.7655140906572342
token:   Wild  prob:  0.2917937934398651  total_p:  0.72447070479393
token:   Since  prob:  0.287192165851593  total_p:  0.72447070479393
token:   B  prob:  0.14548474550247192  total_p:  0.72447070479393
token:  Now  prob:  0.6311980485916138  total_p:  0.8900184631347656
token:  Let  prob:  0.25882041454315186  total_p:  0.8900184631347656
token:   While  prob:  0.6245243549346924  total_p:  0.7760867774486542
token:   The  prob:  0.1515624225139618  total_p:  0.7760867774486542
token:   This  prob:  0.6344502568244934  total_p:  0.7784542739391327
token:   

  prob:  0.14400401711463928  total_p:  0.7784542739391327
token:  Let  prob:  0.6269643306732178  total_p:  0.7901178821921349
token:  Now  prob:  0.09181973338127136  total_p:  0.7901178821921349
token:  -  prob:  0.07133381813764572  total_p:  0.7901178821921349
token:  Let  prob:  0.5500708222389221  total_p:  0.7339230328798294
token:  Option  prob:  0.1838522106409073  total_p:  0.7339230328798294
token:  Now  prob:  0.6115158200263977  total_p:  0.7512740939855576
token:  Looking  prob:  0.13975827395915985  total_p:  0.7512740939855576
token:   Instead  prob:  0.48783576488494873  total_p:  0.7119069248437881
token:   It  prob:  0.22407115995883942  total_p:  0.7119069248437881
token:  Now  prob:  0.5016211271286011  total_p:  0.7053874731063843
token:  Let  prob:  0.2037663459777832  total_p:  0.7053874731063843
token:   A  prob:  0.45518845319747925  total_p:  0.8342922925949097
token:   Option  prob:  0.3791038393974304  total_p:  0.8342922925949097
token:   Wild  prob:  0.5074748992919922  total_p:  0.8456275761127472
token:   These  prob:  0.19852958619594574  total_p:  0.8456275761127472
token:   Since  prob:  0.13962309062480927  total_p:  0.8456275761127472
token:  The  prob:  0.6667094826698303  total_p:  0.7740185633301735
token:  Analy  prob:  0.10730908066034317  total_p:  0.7740185633301735
token:   B  prob:  0.28738582134246826  total_p:  0.7888566106557846
token:   These  prob:  0.27097222208976746  total_p:  0.7888566106557846
token:   Wild  prob:  0.2304985672235489  total_p:  0.7888566106557846
token:  The  prob:  0.5345908999443054  total_p:  0.7855830490589142
token:  Analy  prob:  0.16408519446849823  total_p:  0.7855830490589142
token:  Let  prob:  0.08690695464611053  total_p:  0.7855830490589142
token:   The  prob:  0.43319329619407654  total_p:  0.911781556904316
token:   However  prob:  0.3770848512649536  total_p:  0.911781556904316
token:   This  prob:  0.1015034094452858  total_p:  0.911781556904316
token:   While  prob:  0.46527037024497986  total_p:  0.7091568112373352
token:   However  prob:  0.24388644099235535  total_p:  0.7091568112373352
token:  The  prob:  0.5375794768333435  total_p:  0.731169193983078
token:  Option  prob:  0.1935897171497345  total_p:  0.731169193983078
token:  The  prob:  0.4372851848602295  total_p:  0.7724615335464478
token:  Therefore  prob:  0.1965315341949463  total_p:  0.7724615335464478
token:  </  prob:  0.13864481449127197  total_p:  0.7724615335464478
token:  </  prob:  0.5144084692001343  total_p:  0.8664157092571259
token:  Therefore  prob:  0.3520072400569916  total_p:  0.8664157092571259
token:  Therefore  prob:  0.4892973005771637  total_p:  0.8213608860969543
token:  </  prob:  0.33206358551979065  total_p:  0.8213608860969543
token:   The  prob:  0.5799596905708313  total_p:  0.889743834733963
token:   This  prob:  0.3097841441631317  total_p:  0.889743834733963
token:  The  prob:  0.4419113099575043  total_p:  0.615410789847374
token:  Therefore  prob:  0.1734994798898697  total_p:  0.615410789847374
usr_prompt:  Context: A distinguished British judge, Justice Upton, said that whether some administrative decision by a government minister is reasonable "is a question that judges, by their training and experience, should be well-equipped to answer, or else there would be something badly wrong with the legal system, and there is little reason to suppose that there is. "
Question: Which one of the following most accurately expresses the conclusion of Justice Upton's argument?
A. Judges are qualified to decide upon the reasonableness of a government minister's administrative decision.
B. Judges should be given a greater part in administrative decision making.
C. There is nothing much wrong with the legal system.
D. If something were badly wrong with the legal system, judges would be ill-equipped to determine whether a government minister's decisions are reasonable.
token:   Let  prob:  0.6996778249740601  total_p:  0.904124740511179
token:   The  prob:  0.14876528084278107  total_p:  0.904124740511179
token:   I  prob:  0.055681634694337845  total_p:  0.904124740511179
token:   Judges  prob:  0.5282942056655884  total_p:  0.9884985387325287
token:   This  prob:  0.4307759404182434  total_p:  0.9884985387325287
token:   "  prob:  0.0294283926486969  total_p:  0.9884985387325287
token:  Let  prob:  0.3333504796028137  total_p:  0.8418600708246231
token:  Option  prob:  0.2846309542655945  total_p:  0.8418600708246231
token:  -  prob:  0.2238786369562149  total_p:  0.8418600708246231
token:  The  prob:  0.5152094960212708  total_p:  0.7069881483912468
token:  Option  prob:  0.09975188225507736  total_p:  0.7069881483912468
token:  Given  prob:  0.09202677011489868  total_p:  0.7069881483912468
token:  The  prob:  0.47042810916900635  total_p:  0.6818358898162842
token:  Option  prob:  0.21140778064727783  total_p:  0.6818358898162842
token:  Therefore  prob:  0.2761511206626892  total_p:  0.6692116260528564
token:  The  prob:  0.24561576545238495  total_p:  0.6692116260528564
token:  Thus  prob:  0.1474447399377823  total_p:  0.6692116260528564
token:   U  prob:  0.6849318146705627  total_p:  0.9653398245573044
token:   The  prob:  0.1987908035516739  total_p:  0.9653398245573044
token:   While  prob:  0.08161720633506775  total_p:  0.9653398245573044
token:  Option  prob:  0.4078441262245178  total_p:  0.7940104305744171
token:  The  prob:  0.3861663043498993  total_p:  0.7940104305744171
token:   It  prob:  0.5667678117752075  total_p:  0.9031804352998734
token:   U  prob:  0.17438764870166779  total_p:  0.9031804352998734
token:   The  prob:  0.16202497482299805  total_p:  0.9031804352998734
token:  The  prob:  0.4895952641963959  total_p:  0.7850160002708435
token:  Option  prob:  0.29542073607444763  total_p:  0.7850160002708435
usr_prompt:  Context: Theatergoer: In January of last year, the Megaplex chain of movie theaters started popping its popcorn in canola oil, instead of the less healthful coconut oil that it had been using until then. Now Megaplex is planning to switch back, saying that the change has hurt popcorn sales. That claim is false, however, since according to Megaplex' s own sales figures, Megaplex sold five percent more popcorn last year than in the previous year.
Question: Which of the following, if true, most seriously weakens the theatergoer's argument?
A. Total sales of all food and beverage items at Megaplex's movie theaters increased by less than five percent last year.
B. Total attendance at Megaplex's movie theaters was more than 20 percent higher last year than the year before.
C. In a survey to determine pubic response to the change to canola oil, very few of Megapiex's customers said that the change had affected their popcorn-buying habits.
D. When it switched from using coconut oil to using canola oil, Megaplex made sure that the chain received a great deal of publicity stressing the health benefits of the change.
token:  To  prob:  0.5681454539299011  total_p:  0.9486493244767189
token:  Now  prob:  0.33481571078300476  total_p:  0.9486493244767189
token:  We  prob:  0.04568815976381302  total_p:  0.9486493244767189
token:   

  prob:  0.36887386441230774  total_p:  0.7703443914651871
token:   Let  prob:  0.3102179765701294  total_p:  0.7703443914651871
token:   This  prob:  0.09125255048274994  total_p:  0.7703443914651871
token:   It  prob:  0.7179275155067444  total_p:  0.8780706748366356
token:   If  prob:  0.09115540981292725  total_p:  0.8780706748366356
token:   Even  prob:  0.06898774951696396  total_p:  0.8780706748366356
token:   While  prob:  0.40747714042663574  total_p:  0.7421144992113113
token:   If  prob:  0.20825794339179993  total_p:  0.7421144992113113
token:   It  prob:  0.12637941539287567  total_p:  0.7421144992113113
token:   If  prob:  0.4452763795852661  total_p:  0.8562906719744205
token:   This  prob:  0.3694450259208679  total_p:  0.8562906719744205
token:   While  prob:  0.041569266468286514  total_p:  0.8562906719744205
token:  Considering  prob:  0.23680230975151062  total_p:  0.49619823694229126
token:  The  prob:  0.13305872678756714  total_p:  0.49619823694229126
token:  Given  prob:  0.1263372004032135  total_p:  0.49619823694229126
token:   This  prob:  0.7550643682479858  total_p:  0.8266116790473461
token:   In  prob:  0.03862348943948746  total_p:  0.8266116790473461
token:   The  prob:  0.03292382135987282  total_p:  0.8266116790473461
token:  A  prob:  0.6091827750205994  total_p:  0.8705586194992065
token:  Let  prob:  0.2613758444786072  total_p:  0.8705586194992065
token:   If  prob:  0.6884437203407288  total_p:  0.9162687212228775
token:   This  prob:  0.15842165052890778  total_p:  0.9162687212228775
token:   Even  prob:  0.06940335035324097  total_p:  0.9162687212228775
token:   However  prob:  0.3835822641849518  total_p:  0.7880802005529404
token:   This  prob:  0.2543325126171112  total_p:  0.7880802005529404
token:   If  prob:  0.15016542375087738  total_p:  0.7880802005529404
token:   If  prob:  0.4533827006816864  total_p:  0.8350323140621185
token:   This  prob:  0.38164961338043213  total_p:  0.8350323140621185
token:  Considering  prob:  0.2814345359802246  total_p:  0.636275127530098
token:  The  prob:  0.19131971895694733  total_p:  0.636275127530098
token:  Given  prob:  0.16352087259292603  total_p:  0.636275127530098
token:   This  prob:  0.563246488571167  total_p:  0.9274632036685944
token:   While  prob:  0.36421671509742737  total_p:  0.9274632036685944
token:   This  prob:  0.5418989062309265  total_p:  0.8384187445044518
token:   If  prob:  0.2055843621492386  total_p:  0.8384187445044518
token:   While  prob:  0.09093547612428665  total_p:  0.8384187445044518
token:   It  prob:  0.7270181179046631  total_p:  0.8842970803380013
token:   The  prob:  0.10869704186916351  total_p:  0.8842970803380013
token:   Customer  prob:  0.04858192056417465  total_p:  0.8842970803380013
token:   If  prob:  0.6526850461959839  total_p:  0.7944002747535706
token:   Even  prob:  0.14171522855758667  total_p:  0.7944002747535706
token:  The  prob:  0.30698639154434204  total_p:  0.6180331408977509
token:  Given  prob:  0.16041819751262665  total_p:  0.6180331408977509
token:  Considering  prob:  0.15062855184078217  total_p:  0.6180331408977509
token:  Considering  prob:  0.332435667514801  total_p:  0.6246233880519867
token:  Given  prob:  0.1789569854736328  total_p:  0.6246233880519867
token:  The  prob:  0.11323073506355286  total_p:  0.6246233880519867
token:   This  prob:  0.5668132901191711  total_p:  0.8729561269283295
token:   

  prob:  0.3061428368091583  total_p:  0.8729561269283295
token:  The  prob:  0.3205013871192932  total_p:  0.6476435363292694
token:  <  prob:  0.17815059423446655  total_p:  0.6476435363292694
token:  Considering  prob:  0.14899155497550964  total_p:  0.6476435363292694
token:  The  prob:  0.3052772879600525  total_p:  0.6360266357660294
token:  Considering  prob:  0.18987412750720978  total_p:  0.6360266357660294
token:  Among  prob:  0.1408752202987671  total_p:  0.6360266357660294
token:  The  prob:  0.23386670649051666  total_p:  0.4475521743297577
token:  Considering  prob:  0.21368546783924103  total_p:  0.4475521743297577
token:   If  prob:  0.2893838584423065  total_p:  0.49346283078193665
token:   It  prob:  0.20407897233963013  total_p:  0.49346283078193665
usr_prompt:  Context: Unlike newspapers in the old days, today' s newspapers and televised news programs are full of stories about murders and assaults in our city. One can only conclude from this change that violent crime is now out of control, and, to be safe from personal attack, one should not leave one' s home except for absolute necessities.
Question: Which one of the following, if true, would cast the most serious doubt on the conclusion?
A. Newspapers and televised news programs have more comprehensive coverage of violent crime than newspapers did in the old days.
B. National data show that violent crime is out of control everywhere, not just in the author's city.
C. Police records show that people experience more violent crimes in their own neighborhoods than they do outside their neighborhoods.
D. News magazines play a more important role today in informing the public about crime than they did in the old days.
token:   The  prob:  0.422293096780777  total_p:  0.8713198453187943
token:   This  prob:  0.2801886796951294  total_p:  0.8713198453187943
token:   It  prob:  0.16883806884288788  total_p:  0.8713198453187943
token:   The  prob:  0.46099936962127686  total_p:  0.9843132197856903
token:   To  prob:  0.30486011505126953  total_p:  0.9843132197856903
token:   We  prob:  0.21845373511314392  total_p:  0.9843132197856903
token:  3  prob:  0.5731592774391174  total_p:  0.8444804772734642
token:  Option  prob:  0.17626141011714935  total_p:  0.8444804772734642
token:  Let  prob:  0.09505978971719742  total_p:  0.8444804772734642
token:   The  prob:  0.3919643461704254  total_p:  0.6051743775606155
token:   This  prob:  0.11890701204538345  total_p:  0.6051743775606155
token:   To  prob:  0.09430301934480667  total_p:  0.6051743775606155
token:   We  prob:  0.6582157015800476  total_p:  0.9195223301649094
token:   Now  prob:  0.14730964601039886  total_p:  0.9195223301649094
token:   To  prob:  0.11399698257446289  total_p:  0.9195223301649094
token:  3  prob:  0.542513370513916  total_p:  0.7727978527545929
token:  Option  prob:  0.23028448224067688  total_p:  0.7727978527545929
token:   Let  prob:  0.6298928260803223  total_p:  0.8269293010234833
token:   Option  prob:  0.197036474943161  total_p:  0.8269293010234833
token:  Let  prob:  0.33025944232940674  total_p:  0.7494591027498245
token:  Now  prob:  0.25150609016418457  total_p:  0.7494591027498245
token:  Option  prob:  0.16769357025623322  total_p:  0.7494591027498245
token:   This  prob:  0.6324504017829895  total_p:  0.8160600662231445
token:   "  prob:  0.18360966444015503  total_p:  0.8160600662231445
token:  Considering  prob:  0.3357967734336853  total_p:  0.7079506367444992
token:  After  prob:  0.29820963740348816  total_p:  0.7079506367444992
token:  The  prob:  0.07394422590732574  total_p:  0.7079506367444992
token:  Let  prob:  0.3144977390766144  total_p:  0.7960377186536789
token:  Now  prob:  0.27055197954177856  total_p:  0.7960377186536789
token:  Option  prob:  0.21098800003528595  total_p:  0.7960377186536789
token:   This  prob:  0.6499201655387878  total_p:  0.9743038192391396
token:   If  prob:  0.23603829741477966  total_p:  0.9743038192391396
token:   While  prob:  0.08834535628557205  total_p:  0.9743038192391396
token:  Considering  prob:  0.33102479577064514  total_p:  0.6046680882573128
token:  After  prob:  0.15862610936164856  total_p:  0.6046680882573128
token:  <  prob:  0.11501718312501907  total_p:  0.6046680882573128
token:   Let  prob:  0.5213021039962769  total_p:  0.8631027936935425
token:   Option  prob:  0.3418006896972656  total_p:  0.8631027936935425
token:   If  prob:  0.40608152747154236  total_p:  0.7961589097976685
token:   This  prob:  0.3900773823261261  total_p:  0.7961589097976685
token:  4  prob:  0.32754310965538025  total_p:  0.6899997144937515
token:  Considering  prob:  0.2535342574119568  total_p:  0.6899997144937515
token:  Given  prob:  0.10892234742641449  total_p:  0.6899997144937515
token:   This  prob:  0.6615455746650696  total_p:  0.9422470554709435
token:   If  prob:  0.2408532053232193  total_p:  0.9422470554709435
token:   However  prob:  0.03984827548265457  total_p:  0.9422470554709435
token:   outside  prob:  0.3191285729408264  total_p:  0.5531823188066483
token:   own  prob:  0.23405374586582184  total_p:  0.5531823188066483
token:  After  prob:  0.24173542857170105  total_p:  0.5888770818710327
token:  Considering  prob:  0.2028132826089859  total_p:  0.5888770818710327
token:  Given  prob:  0.14432837069034576  total_p:  0.5888770818710327
token:  Considering  prob:  0.3056302070617676  total_p:  0.7106924504041672
token:  After  prob:  0.28481948375701904  total_p:  0.7106924504041672
token:  Given  prob:  0.12024275958538055  total_p:  0.7106924504041672
token:  <  prob:  0.4783886969089508  total_p:  0.6802662014961243
token:  Therefore  prob:  0.20187750458717346  total_p:  0.6802662014961243
usr_prompt:  Context: Hernandez: I recommend that staff cars be replaced every four years instead of every three years. Three-year-old cars are still in good condition and this would result in big savings. Green: I disagree. Some of our salespeople with big territories wear out their cars in three years. Hernandez: I meant three-year-old cars subjected to normal use.
Question: In the conversation, Hernandez responds to Green's objection in which one of the following ways?
A. by indicating that Green used a phrase ambiguously
B. by changing the subject to the size of sales territories
C. by criticizing salespeople who wear out their cars in three years
D. by explicitly qualifying a premise used earlier
token:  Let  prob:  0.575894296169281  total_p:  0.8234927207231522
token:  H  prob:  0.1431751847267151  total_p:  0.8234927207231522
token:  1  prob:  0.10442323982715607  total_p:  0.8234927207231522
token:  H  prob:  0.40560635924339294  total_p:  0.7151276841759682
token:  This  prob:  0.20193885266780853  total_p:  0.7151276841759682
token:  Now  prob:  0.1075824722647667  total_p:  0.7151276841759682
token:   Green  prob:  0.5690346956253052  total_p:  0.8708972781896591
token:   Let  prob:  0.15384340286254883  total_p:  0.8708972781896591
token:   Specifically  prob:  0.14801917970180511  total_p:  0.8708972781896591
token:   This  prob:  0.5279406905174255  total_p:  0.8277144432067871
token:   Hernandez  prob:  0.1510874330997467  total_p:  0.8277144432067871
token:   Option  prob:  0.14868631958961487  total_p:  0.8277144432067871
token:  Let  prob:  0.3819185495376587  total_p:  0.7878628820180893
token:  A  prob:  0.235672265291214  total_p:  0.7878628820180893
token:  Option  prob:  0.1702720671892166  total_p:  0.7878628820180893
token:   Hernandez  prob:  0.43815791606903076  total_p:  0.7662685811519623
token:   This  prob:  0.3281106650829315  total_p:  0.7662685811519623
token:   He  prob:  0.6984642148017883  total_p:  0.9341705348342657
token:   Option  prob:  0.2150525599718094  total_p:  0.9341705348342657
token:   Hernandez  prob:  0.02065376006066799  total_p:  0.9341705348342657
token:  Therefore  prob:  0.5833572745323181  total_p:  0.8348804861307144
token:  Thus  prob:  0.1286398023366928  total_p:  0.8348804861307144
token:  The  prob:  0.12288340926170349  total_p:  0.8348804861307144
token:   Hernandez  prob:  0.5334628224372864  total_p:  0.9077320396900177
token:   This  prob:  0.3742692172527313  total_p:  0.9077320396900177
token:  </  prob:  0.4861099123954773  total_p:  0.7280934453010559
token:  The  prob:  0.2419835329055786  total_p:  0.7280934453010559
token:  The  prob:  0.5371378064155579  total_p:  0.7498973459005356
token:  Therefore  prob:  0.21275953948497772  total_p:  0.7498973459005356
token:  The  prob:  0.46794289350509644  total_p:  0.8428167700767517
token:  </  prob:  0.21875682473182678  total_p:  0.8428167700767517
token:  Therefore  prob:  0.1561170518398285  total_p:  0.8428167700767517
usr_prompt:  Context: Telephone companies are promoting "voice mail" as an alternative to the answering machine. By recording messages from callers when a subscriber does not have access to his or her telephone, voice mail provides a service similar to that of an answering machine. The companies promoting this service argue that it will soon make answering machines obsolete, since it is much more convenient, more flexible, and less expensive than an answering machine.
Question: Which one of the following, if true, most calls into question the argument made by the companies promoting voice mail?
A. Unlike calls made to owners of answering machines, all telephone calls made to voicemail subscribers are completed, even if the line called is in use at the time of the call.
B. The surge in sales of answering machines occurred shortly after they were first introduced to the electronics market.
C. Answering machines enable the customer to hear who is calling before the customer decides whether to answer the telephone, a service voice mail does not provide.
D. Once a telephone customer decides to subscribe to voice mail, that customer can cancel the service at any time.
token:  Let  prob:  0.574905276298523  total_p:  0.9492390379309654
token:  To  prob:  0.3269001841545105  total_p:  0.9492390379309654
token:  The  prob:  0.047433577477931976  total_p:  0.9492390379309654
token:  Now  prob:  0.48233288526535034  total_p:  0.88677067309618
token:  We  prob:  0.29802966117858887  total_p:  0.88677067309618
token:  Option  prob:  0.10640812665224075  total_p:  0.88677067309618
token:   The  prob:  0.4986659288406372  total_p:  0.8482520282268524
token:   Let  prob:  0.3495860993862152  total_p:  0.8482520282268524
token:   This  prob:  0.4786234498023987  total_p:  0.9312962517142296
token:   It  prob:  0.34239092469215393  total_p:  0.9312962517142296
token:   While  prob:  0.11028187721967697  total_p:  0.9312962517142296
token:  Option  prob:  0.3944539725780487  total_p:  0.7036006152629852
token:  The  prob:  0.3091466426849365  total_p:  0.7036006152629852
token:   This  prob:  0.41829490661621094  total_p:  0.827308401465416
token:   Let  prob:  0.2726516127586365  total_p:  0.827308401465416
token:   

  prob:  0.13636188209056854  total_p:  0.827308401465416
token:   It  prob:  0.18571336567401886  total_p:  0.4837276339530945
token:   The  prob:  0.18508709967136383  total_p:  0.4837276339530945
token:   If  prob:  0.11292716860771179  total_p:  0.4837276339530945
token:   While  prob:  0.48815274238586426  total_p:  0.9655532538890839
token:   It  prob:  0.37145912647247314  total_p:  0.9655532538890839
token:   This  prob:  0.10594138503074646  total_p:  0.9655532538890839
token:  Option  prob:  0.45604607462882996  total_p:  0.9453324228525162
token:  A  prob:  0.4027694761753082  total_p:  0.9453324228525162
token:  Let  prob:  0.08651687204837799  total_p:  0.9453324228525162
token:   It  prob:  0.5443317294120789  total_p:  0.9461039304733276
token:   While  prob:  0.31793129444122314  total_p:  0.9461039304733276
token:   This  prob:  0.08384090662002563  total_p:  0.9461039304733276
token:  The  prob:  0.4260089099407196  total_p:  0.7721331417560577
token:  Option  prob:  0.34612423181533813  total_p:  0.7721331417560577
token:  The  prob:  0.42090490460395813  total_p:  0.8646885305643082
token:  Option  prob:  0.39762404561042786  total_p:  0.8646885305643082
token:  Among  prob:  0.04615958034992218  total_p:  0.8646885305643082
token:  The  prob:  0.32643136382102966  total_p:  0.7226801514625549
token:  Option  prob:  0.22520682215690613  total_p:  0.7226801514625549
token:  Considering  prob:  0.17104196548461914  total_p:  0.7226801514625549
token:  The  prob:  0.371240496635437  total_p:  0.6430889070034027
token:  Option  prob:  0.2718484103679657  total_p:  0.6430889070034027
token:  Option  prob:  0.5391501188278198  total_p:  0.8195230662822723
token:  The  prob:  0.2803729474544525  total_p:  0.8195230662822723
token:  Option  prob:  0.600082278251648  total_p:  0.7743697762489319
token:  The  prob:  0.17428749799728394  total_p:  0.7743697762489319
token:  Option  prob:  0.3724050223827362  total_p:  0.6338984668254852
token:  The  prob:  0.261493444442749  total_p:  0.6338984668254852
token:  Option  prob:  0.32841500639915466  total_p:  0.7411733120679855
token:  The  prob:  0.2287992686033249  total_p:  0.7411733120679855
token:  Considering  prob:  0.18395903706550598  total_p:  0.7411733120679855
token:  The  prob:  0.5155050158500671  total_p:  0.8223300278186798
token:  Option  prob:  0.30682501196861267  total_p:  0.8223300278186798
token:  The  prob:  0.44376707077026367  total_p:  0.7812913060188293
token:  Option  prob:  0.3375242352485657  total_p:  0.7812913060188293
usr_prompt:  Context: Some biologists believe that the capacity for flight first developed in marine reptiles, claiming that feathers are clearly developed from scales. Other biologists rightly reject this suggestion, pointing out that bats have no scales and that nonmarine reptiles also have scales. Those who believe that flight first developed in tree-dwelling reptiles reject the claim that the limbs of land-dwelling reptiles might have developed into wings. They insist that it is more likely that tree-dwelling reptiles developed wings to assist their leaps from branch to branch.
Question: Which one of the following most accurately describes the role played in the passage by the claim that nonmarine reptiles have scales?
A. It is cited as evidence against the claim that the capacity for flight first developed in treedwelling reptiles.
B. It weakens the claim that tree-dwelling reptiles were the first kind of reptile to develop the capacity for flight.
C. It is cited as evidence against the claim that the capacity for flight first developed in marine reptiles.
D. It is cited as evidence against the claim that the capacity for flight first developed in land-dwelling animals.
token:  Let  prob:  0.4776918888092041  total_p:  0.8357314467430115
token:  To  prob:  0.23311680555343628  total_p:  0.8357314467430115
token:  1  prob:  0.1249227523803711  total_p:  0.8357314467430115
token:   The  prob:  0.7438562512397766  total_p:  0.8502104245126247
token:   For  prob:  0.07364640384912491  total_p:  0.8502104245126247
token:   Non  prob:  0.03270776942372322  total_p:  0.8502104245126247
token:   The  prob:  0.47424232959747314  total_p:  0.7986404001712799
token:   One  prob:  0.21306456625461578  total_p:  0.7986404001712799
token:   We  prob:  0.11133350431919098  total_p:  0.7986404001712799
token:   The  prob:  0.4214742183685303  total_p:  0.7056317329406738
token:   We  prob:  0.28415751457214355  total_p:  0.7056317329406738
token:   We  prob:  0.25832849740982056  total_p:  0.7423359453678131
token:   Let  prob:  0.24490073323249817  total_p:  0.7423359453678131
token:   Analy  prob:  0.23910671472549438  total_p:  0.7423359453678131
token:   The  prob:  0.4570770561695099  total_p:  0.7372393608093262
token:   Now  prob:  0.2801623046398163  total_p:  0.7372393608093262
token:   The  prob:  0.31555578112602234  total_p:  0.6235359758138657
token:   Let  prob:  0.17491480708122253  total_p:  0.6235359758138657
token:   Looking  prob:  0.1330653876066208  total_p:  0.6235359758138657
token:   The  prob:  0.48341038823127747  total_p:  0.7286705300211906
token:   Looking  prob:  0.13018731772899628  total_p:  0.7286705300211906
token:   Let  prob:  0.1150728240609169  total_p:  0.7286705300211906
token:   However  prob:  0.4616018831729889  total_p:  0.829752579331398
token:   The  prob:  0.2022332400083542  total_p:  0.829752579331398
token:   This  prob:  0.16591745615005493  total_p:  0.829752579331398
token:   This  prob:  0.5830966234207153  total_p:  0.8335667252540588
token:   Analy  prob:  0.1834374964237213  total_p:  0.8335667252540588
token:   Let  prob:  0.06703260540962219  total_p:  0.8335667252540588
token:      prob:  0.6437025666236877  total_p:  0.8077428638935089
token:  -  prob:  0.16404029726982117  total_p:  0.8077428638935089
token:  5  prob:  0.36736759543418884  total_p:  0.6272285580635071
token:  Now  prob:  0.25986096262931824  total_p:  0.6272285580635071
token:  5  prob:  0.6825135350227356  total_p:  0.8545138351619244
token:  Now  prob:  0.12900765240192413  total_p:  0.8545138351619244
token:  Therefore  prob:  0.04299264773726463  total_p:  0.8545138351619244
token:   Correct  prob:  0.4548165798187256  total_p:  0.976078987121582
token:   This  prob:  0.3244382441043854  total_p:  0.976078987121582
token:   Incorrect  prob:  0.19682416319847107  total_p:  0.976078987121582
token:   Incorrect  prob:  0.4438970685005188  total_p:  0.9223229736089706
token:   This  prob:  0.2454618662595749  total_p:  0.9223229736089706
token:   Correct  prob:  0.23296403884887695  total_p:  0.9223229736089706
token:   However  prob:  0.5751104354858398  total_p:  0.7718394696712494
token:   The  prob:  0.19672903418540955  total_p:  0.7718394696712494
token:   This  prob:  0.4958036541938782  total_p:  0.8928789291530848
token:   The  prob:  0.3664917051792145  total_p:  0.8928789291530848
token:   It  prob:  0.030583569779992104  total_p:  0.8928789291530848
usr_prompt:  Context: About 3 billion years ago, the Sun was only 80 percent as luminous as it is currently. Such conditions today would result in the freezing of Earth' s oceans, but geological evidence shows that water rather than ice filled the oceans at that time. Heat is trapped within Earth' s atmosphere through the presence of carbon dioxide, which, like methane, is a "greenhouse gas. " Only if the level of greenhouse gases were higher 3 billion years ago than it is today would Earth have retained enough heat to keep the oceans from freezing. It is likely, ttherefore, that the level of carbon dioxide in the atmosphere was significantly higher then than it is today.
Question: Which one of the following, if true, weakens the argument?
A. Geological evidence indicates that the oceans contained greater amounts of dissolved minerals 3 billion years ago, but not enough to alter their freezing points significantly.
B. Geological studies indicate that there is much less methane in Earth's atmosphere today than there was 3 billion years ago.
C. Sufficient heat to keep the oceans liquid 3 billion years ago could not have been generated through geological processes such as volcanic activity.
D. Because the distance from Earth to the Sun has not changed significantly over the last 3 billion years, the increase in the Sun's luminosity has resulted in more radiation reaching Earth.
token:  1  prob:  0.4991603195667267  total_p:  0.9628608524799347
token:  The  prob:  0.3197387754917145  total_p:  0.9628608524799347
token:  -  prob:  0.14396175742149353  total_p:  0.9628608524799347
token:   The  prob:  0.7267951369285583  total_p:  0.9164381176233292
token:   It  prob:  0.12281406670808792  total_p:  0.9164381176233292
token:   Instead  prob:  0.06682891398668289  total_p:  0.9164381176233292
token:  <  prob:  0.17281751334667206  total_p:  0.4932960122823715
token:  The  prob:  0.1710682213306427  total_p:  0.4932960122823715
token:  Considering  prob:  0.14941027760505676  total_p:  0.4932960122823715
token:  Now  prob:  0.7702366709709167  total_p:  0.915896724909544
token:  To  prob:  0.09204834699630737  total_p:  0.915896724909544
token:  We  prob:  0.05361170694231987  total_p:  0.915896724909544
token:  Now  prob:  0.61948162317276  total_p:  0.7497552335262299
token:  To  prob:  0.13027361035346985  total_p:  0.7497552335262299
token:   This  prob:  0.45206496119499207  total_p:  0.842605710029602
token:   Geological  prob:  0.39054074883461  total_p:  0.842605710029602
token:   If  prob:  0.4487764239311218  total_p:  0.7781922221183777
token:   It  prob:  0.32941579818725586  total_p:  0.7781922221183777
token:   This  prob:  0.4774779677391052  total_p:  0.9176800400018692
token:   Geological  prob:  0.37322378158569336  total_p:  0.9176800400018692
token:   **  prob:  0.06697829067707062  total_p:  0.9176800400018692
token:  The  prob:  0.26195037364959717  total_p:  0.6051601320505142
token:  Considering  prob:  0.22681334614753723  total_p:  0.6051601320505142
token:  After  prob:  0.11639641225337982  total_p:  0.6051601320505142
token:   This  prob:  0.4310058057308197  total_p:  0.7246007025241852
token:   It  prob:  0.2935948967933655  total_p:  0.7246007025241852
usr_prompt:  Context: Advertisement: The dental profession knows that brushing with Blizzard toothpaste is the best way to fight cavities. We surveyed five dentists, and each agreed that the tartar control formula found in Blizzard is the most effective cavity-fighting formula available in a toothpaste.
Question: The flawed reasoning in which one of the following is most similar to the flawed reasoning in the advertisement?
A. The nation's voters know that Gomez is the candidate whose policies would be best for the nation. Of ten voters polled, each said that Gomez would be a very popular leader.
B. Some of the nation's voters believe that Gomez is the candidate who would be best for the nation. Of the ten voters we surveyed, each agreed that the policies Gomez is committed to would be the best policies for the nation to adopt.
C. We know that electing Gomez would be the best course for the nation to follow because, of ten voters we surveyed, each agreed that electing Gomez would help the nation.
D. The nation's voters know that electing Gomez would be the best way to help the nation. The ten voters we polled all agreed that the policies Gomez is committed to would help the nation more than any other policies.
token:  To  prob:  0.4052119851112366  total_p:  0.9395595192909241
token:  Let  prob:  0.2683672308921814  total_p:  0.9395595192909241
token:  The  prob:  0.2659803032875061  total_p:  0.9395595192909241
token:   The  prob:  0.37192192673683167  total_p:  0.9853097498416901
token:   This  prob:  0.32355567812919617  total_p:  0.9853097498416901
token:   However  prob:  0.28983214497566223  total_p:  0.9853097498416901
token:   This  prob:  0.354737251996994  total_p:  0.7827592343091965
token:   It  prob:  0.26051828265190125  total_p:  0.7827592343091965
token:   The  prob:  0.1675036996603012  total_p:  0.7827592343091965
token:  The  prob:  0.4332830607891083  total_p:  0.8619742393493652
token:  Option  prob:  0.42869117856025696  total_p:  0.8619742393493652
token:   This  prob:  0.5102601051330566  total_p:  0.7907628417015076
token:   The  prob:  0.2805027365684509  total_p:  0.7907628417015076
token:   This  prob:  0.47215536236763  total_p:  0.7565467953681946
token:   It  prob:  0.1427152305841446  total_p:  0.7565467953681946
token:   While  prob:  0.14167620241641998  total_p:  0.7565467953681946
token:   This  prob:  0.3447735607624054  total_p:  0.7185933589935303
token:   Like  prob:  0.25818899273872375  total_p:  0.7185933589935303
token:   The  prob:  0.11563080549240112  total_p:  0.7185933589935303
token:   It  prob:  0.3902566730976105  total_p:  0.8790390491485596
token:   While  prob:  0.3151714503765106  total_p:  0.8790390491485596
token:   This  prob:  0.17361092567443848  total_p:  0.8790390491485596
token:   However  prob:  0.5138548612594604  total_p:  0.9546135067939758
token:   This  prob:  0.35304707288742065  total_p:  0.9546135067939758
token:   It  prob:  0.08771157264709473  total_p:  0.9546135067939758
token:   This  prob:  0.5841253995895386  total_p:  0.7441279888153076
token:   It  prob:  0.16000258922576904  total_p:  0.7441279888153076
token:   This  prob:  0.4905003607273102  total_p:  0.7320094406604767
token:   While  prob:  0.2415090799331665  total_p:  0.7320094406604767
token:   It  prob:  0.43245503306388855  total_p:  0.7927887216210365
token:   The  prob:  0.25299179553985596  total_p:  0.7927887216210365
token:   This  prob:  0.10734189301729202  total_p:  0.7927887216210365
token:   It  prob:  0.32678520679473877  total_p:  0.832028791308403
token:   While  prob:  0.2650984525680542  total_p:  0.832028791308403
token:   This  prob:  0.24014513194561005  total_p:  0.832028791308403
token:   It  prob:  0.5832098126411438  total_p:  0.8332585096359253
token:   Again  prob:  0.2500486969947815  total_p:  0.8332585096359253
token:   It  prob:  0.5416022539138794  total_p:  0.8378690481185913
token:   While  prob:  0.2962667942047119  total_p:  0.8378690481185913
token:   It  prob:  0.6223336458206177  total_p:  0.908707469701767
token:   While  prob:  0.2863738238811493  total_p:  0.908707469701767
token:  The  prob:  0.47610408067703247  total_p:  0.7697064876556396
token:  Option  prob:  0.2936024069786072  total_p:  0.7697064876556396
token:   However  prob:  0.46810442209243774  total_p:  0.8303121328353882
token:   It  prob:  0.36220771074295044  total_p:  0.8303121328353882
token:  The  prob:  0.4828837513923645  total_p:  0.8150008022785187
token:  Option  prob:  0.3321170508861542  total_p:  0.8150008022785187
token:  The  prob:  0.42437565326690674  total_p:  0.7538255453109741
token:  Option  prob:  0.3294498920440674  total_p:  0.7538255453109741
token:   It  prob:  0.4156302809715271  total_p:  0.8955975621938705
token:   There  prob:  0.2915102243423462  total_p:  0.8955975621938705
token:   This  prob:  0.18845705687999725  total_p:  0.8955975621938705
token:  The  prob:  0.28257763385772705  total_p:  0.49270452558994293
token:  Options  prob:  0.21012689173221588  total_p:  0.49270452558994293
token:  Both  prob:  0.3692537546157837  total_p:  0.8054985105991364
token:  Between  prob:  0.22972795367240906  total_p:  0.8054985105991364
token:  Options  prob:  0.2065168023109436  total_p:  0.8054985105991364
token:  Option  prob:  0.4212808310985565  total_p:  0.8395136892795563
token:  The  prob:  0.41823285818099976  total_p:  0.8395136892795563
token:  Between  prob:  0.2772235572338104  total_p:  0.48629896342754364
token:  The  prob:  0.20907540619373322  total_p:  0.48629896342754364
token:  Option  prob:  0.513105571269989  total_p:  0.9135136604309082
token:  The  prob:  0.4004080891609192  total_p:  0.9135136604309082
token:  The  prob:  0.5280012488365173  total_p:  0.7511339783668518
token:  Option  prob:  0.22313272953033447  total_p:  0.7511339783668518
token:   It  prob:  0.5022978186607361  total_p:  0.8781142234802246
token:   This  prob:  0.3758164048194885  total_p:  0.8781142234802246
token:  The  prob:  0.5151253938674927  total_p:  0.9057710468769073
token:  Option  prob:  0.3906456530094147  total_p:  0.9057710468769073
token:  The  prob:  0.5878449082374573  total_p:  0.8984273374080658
token:  Option  prob:  0.3105824291706085  total_p:  0.8984273374080658
usr_prompt:  Context: Director of Ace Manufacturing Company: Our management consultant proposes that we reassign staff so that all employees are doing both what they like to do and what they do well. This, she says, will "increase productivity by fully exploiting our available resources. " But Ace Manufacturing has a long-standing commitment not to exploit its workers. Ttherefore, implementing her recommendations would cause us to violate our own policy.
Question: The director' s argument for rejecting the management consultant's proposal is most vulnerable to criticism on which one of the following grounds?
A. calling something by a less offensive term than the term that is usually used to name that thing
B. defining a term by pointing to an atypical example of something to which the term applies
C. drawing a conclusion that simply restates one of the premises of the argument
D. failing to distinguish two distinct senses of a key term
token:  The  prob:  0.49958300590515137  total_p:  0.9810353554785252
token:  1  prob:  0.4715409278869629  total_p:  0.9810353554785252
token:  -  prob:  0.009911421686410904  total_p:  0.9810353554785252
token:  Now  prob:  0.5770725607872009  total_p:  0.9387719333171844
token:  The  prob:  0.28896844387054443  total_p:  0.9387719333171844
token:  To  prob:  0.07273092865943909  total_p:  0.9387719333171844
token:  Now  prob:  0.5351024270057678  total_p:  0.9310011938214302
token:  The  prob:  0.34421274065971375  total_p:  0.9310011938214302
token:  To  prob:  0.05168602615594864  total_p:  0.9310011938214302
token:  A  prob:  0.31462034583091736  total_p:  0.6945208609104156
token:  Let  prob:  0.23162131011486053  total_p:  0.6945208609104156
token:  Option  prob:  0.14827920496463776  total_p:  0.6945208609104156
token:  Considering  prob:  0.31209927797317505  total_p:  0.6596326380968094
token:  Given  prob:  0.20323063433170319  total_p:  0.6596326380968094
token:  After  prob:  0.14430272579193115  total_p:  0.6596326380968094
token:   This  prob:  0.3629795014858246  total_p:  0.7350663095712662
token:   There  prob:  0.22488699853420258  total_p:  0.7350663095712662
token:   The  prob:  0.147199809551239  total_p:  0.7350663095712662
token:   The  prob:  0.6155053377151489  total_p:  0.8600675016641617
token:   This  prob:  0.12514127790927887  total_p:  0.8600675016641617
token:   However  prob:  0.11942088603973389  total_p:  0.8600675016641617
token:   

  prob:  0.33724305033683777  total_p:  0.7682701647281647
token:   Let  prob:  0.23987525701522827  total_p:  0.7682701647281647
token:   The  prob:  0.19115185737609863  total_p:  0.7682701647281647
token:   This  prob:  0.7000375986099243  total_p:  0.8666028901934624
token:   There  prob:  0.09702162444591522  total_p:  0.8666028901934624
token:   The  prob:  0.06954366713762283  total_p:  0.8666028901934624
token:   The  prob:  0.3622298240661621  total_p:  0.8012636005878448
token:   This  prob:  0.2612549364566803  total_p:  0.8012636005878448
token:   However  prob:  0.17777884006500244  total_p:  0.8012636005878448
token:   This  prob:  0.4189758896827698  total_p:  0.8921695202589035
token:   The  prob:  0.38494130969047546  total_p:  0.8921695202589035
token:   In  prob:  0.08825232088565826  total_p:  0.8921695202589035
token:  After  prob:  0.24655862152576447  total_p:  0.6620843410491943
token:  Considering  prob:  0.22889485955238342  total_p:  0.6620843410491943
token:  Given  prob:  0.18663085997104645  total_p:  0.6620843410491943
token:   "  prob:  0.3310995399951935  total_p:  0.7310860753059387
token:   Calling  prob:  0.2148895561695099  total_p:  0.7310860753059387
token:   This  prob:  0.18509697914123535  total_p:  0.7310860753059387
token:   The  prob:  0.4860711395740509  total_p:  0.8315686285495758
token:   This  prob:  0.3454974889755249  total_p:  0.8315686285495758
token:   The  prob:  0.5863146781921387  total_p:  0.9177376180887222
token:   Again  prob:  0.17936718463897705  total_p:  0.9177376180887222
token:   This  prob:  0.1520557552576065  total_p:  0.9177376180887222
token:   The  prob:  0.7296760678291321  total_p:  0.8897722661495209
token:   Here  prob:  0.08522722870111465  total_p:  0.8897722661495209
token:   In  prob:  0.07486896961927414  total_p:  0.8897722661495209
token:  Given  prob:  0.27809563279151917  total_p:  0.6489271074533463
token:  After  prob:  0.21085137128829956  total_p:  0.6489271074533463
token:  Considering  prob:  0.15998010337352753  total_p:  0.6489271074533463
token:  Considering  prob:  0.3288911283016205  total_p:  0.6978656500577927
token:  The  prob:  0.18664279580116272  total_p:  0.6978656500577927
token:  Given  prob:  0.18233172595500946  total_p:  0.6978656500577927
token:  The  prob:  0.3548625707626343  total_p:  0.6218583509325981
token:  Considering  prob:  0.145247220993042  total_p:  0.6218583509325981
token:  <  prob:  0.12174855917692184  total_p:  0.6218583509325981
token:  <  prob:  0.6211072206497192  total_p:  0.7985002845525742
token:  Therefore  prob:  0.17739306390285492  total_p:  0.7985002845525742
token:  <  prob:  0.4495059549808502  total_p:  0.8049047961831093
token:  Therefore  prob:  0.23208507895469666  total_p:  0.8049047961831093
token:  Thus  prob:  0.12331376224756241  total_p:  0.8049047961831093
token:  <  prob:  0.2541019022464752  total_p:  0.43101145327091217
token:  Therefore  prob:  0.17690955102443695  total_p:  0.43101145327091217
token:  The  prob:  0.27587175369262695  total_p:  0.661763608455658
token:  Considering  prob:  0.2144606113433838  total_p:  0.661763608455658
token:  Given  prob:  0.17143124341964722  total_p:  0.661763608455658
usr_prompt:  Context: In recent decades, government efforts to fight counterfeiting have been extremely successful, especially efforts to remove counterfeit bills from circulation. Yet counterfeiters are not finding it at all difficult to get away with passing counterfeit bills to merchants and even banks.
Question: Which one of the following, if true, most helps to resolve the apparent discrepancy in the information above?
A. Counterfeiters are generally unaware that the percentage of fake bills in circulation is the lowest it has ever been.
B. Government success in removing counterfeit bills from circulation has caused merchants and bank tellers to become lax in checking for counterfeit bills.
C. Government information campaigns that teach merchants and bank tellers how to detect counterfeit bills are more effective than ever.
D. Governments are continually developing new currency designs with features that are difficult for criminals to counterfeit.
token:   We  prob:  0.42630138993263245  total_p:  0.975978434085846
token:   This  prob:  0.34574076533317566  total_p:  0.975978434085846
token:   The  prob:  0.20393627882003784  total_p:  0.975978434085846
token:  Option  prob:  0.5127770900726318  total_p:  0.881084680557251
token:  A  prob:  0.29537099599838257  total_p:  0.881084680557251
token:  -  prob:  0.07293659448623657  total_p:  0.881084680557251
token:   This  prob:  0.5183907151222229  total_p:  0.9727998226881027
token:   However  prob:  0.2699839472770691  total_p:  0.9727998226881027
token:   While  prob:  0.18442516028881073  total_p:  0.9727998226881027
token:  A  prob:  0.5248706340789795  total_p:  0.9844059199094772
token:  Option  prob:  0.39801469445228577  total_p:  0.9844059199094772
token:  -  prob:  0.061520591378211975  total_p:  0.9844059199094772
token:   This  prob:  0.7020421028137207  total_p:  0.982035256922245
token:   While  prob:  0.16409868001937866  total_p:  0.982035256922245
token:   However  prob:  0.11589447408914566  total_p:  0.982035256922245
token:   This  prob:  0.6471787691116333  total_p:  0.9047923982143402
token:   While  prob:  0.2576136291027069  total_p:  0.9047923982143402
token:  Option  prob:  0.4604686498641968  total_p:  0.7468104436993599
token:  Therefore  prob:  0.16473817825317383  total_p:  0.7468104436993599
token:  The  prob:  0.12160361558198929  total_p:  0.7468104436993599
token:  Option  prob:  0.33182790875434875  total_p:  0.6150983273983002
token:  Therefore  prob:  0.1553644984960556  total_p:  0.6150983273983002
token:  The  prob:  0.1279059201478958  total_p:  0.6150983273983002
token:  Option  prob:  0.39291617274284363  total_p:  0.6596170738339424
token:  Therefore  prob:  0.14196647703647614  total_p:  0.6596170738339424
token:  Considering  prob:  0.12473442405462265  total_p:  0.6596170738339424
token:  Option  prob:  0.39933058619499207  total_p:  0.6647754013538361
token:  Therefore  prob:  0.1331445276737213  total_p:  0.6647754013538361
token:  The  prob:  0.13230028748512268  total_p:  0.6647754013538361
token:  Option  prob:  0.3518722653388977  total_p:  0.5666145235300064
token:  Therefore  prob:  0.2147422581911087  total_p:  0.5666145235300064
usr_prompt:  Context: It is unlikely that the world will ever be free of disease. Most diseases are caused by very prolific microorganisms whose response to the pressures medicines exert on them is predictable: they quickly evolve immunities to those medicines while maintaining their power to infect and even kill humans.
Question: Which one of the following most accurately describes the role played in the argument by the claim that it is unlikely that the world will ever be free of disease?
A. It is a conclusion that is claimed to follow from the premise that microorganisms are too numerous for medicines to eliminate entirely.
B. It is a generalization used to predict the response of microorganisms to the medicines humans use to kill them.
C. It is a premise offered in support of the claim that most disease-causing microorganisms are able to evolve immunities to medicines while retaining their ability to infect humans.
D. It is a conclusion for which a description of the responses of microorganisms to the medicines designed to cure the diseases they cause is offered as support.
token:   **  prob:  0.6742950081825256  total_p:  0.9741799756884575
token:   The  prob:  0.2214028537273407  total_p:  0.9741799756884575
token:   <  prob:  0.07848211377859116  total_p:  0.9741799756884575
token:   This  prob:  0.3519476056098938  total_p:  0.7745037227869034
token:   The  prob:  0.2535196542739868  total_p:  0.7745037227869034
token:   Specifically  prob:  0.16903646290302277  total_p:  0.7745037227869034
token:  Now  prob:  0.7867082357406616  total_p:  0.908443134278059
token:  Let  prob:  0.07355967164039612  total_p:  0.908443134278059
token:  3  prob:  0.048175226897001266  total_p:  0.908443134278059
token:   It  prob:  0.7395424246788025  total_p:  0.9546637684106827
token:   This  prob:  0.15044042468070984  total_p:  0.9546637684106827
token:   The  prob:  0.06468091905117035  total_p:  0.9546637684106827
token:   The  prob:  0.4407801032066345  total_p:  0.8619921207427979
token:   It  prob:  0.26782795786857605  total_p:  0.8619921207427979
token:   These  prob:  0.15338405966758728  total_p:  0.8619921207427979
token:  Now  prob:  0.7044414281845093  total_p:  0.8606783710420132
token:  The  prob:  0.11410829424858093  total_p:  0.8606783710420132
token:  We  prob:  0.04212864860892296  total_p:  0.8606783710420132
token:   This  prob:  0.4772563576698303  total_p:  0.8649005889892578
token:   However  prob:  0.3876442313194275  total_p:  0.8649005889892578
token:   We  prob:  0.4165855050086975  total_p:  0.6597121208906174
token:   The  prob:  0.24312661588191986  total_p:  0.6597121208906174
token:  Therefore  prob:  0.18551114201545715  total_p:  0.4900783896446228
token:  <  prob:  0.15398374199867249  total_p:  0.4900783896446228
token:  Thus  prob:  0.15058350563049316  total_p:  0.4900783896446228
token:   This  prob:  0.37328192591667175  total_p:  0.6744146943092346
token:   The  prob:  0.30113276839256287  total_p:  0.6744146943092346
token:   While  prob:  0.48420819640159607  total_p:  0.8869399130344391
token:   However  prob:  0.25040313601493835  total_p:  0.8869399130344391
token:   This  prob:  0.15232858061790466  total_p:  0.8869399130344391
token:   However  prob:  0.4220006763935089  total_p:  0.8991556167602539
token:   The  prob:  0.34786397218704224  total_p:  0.8991556167602539
token:   This  prob:  0.12929096817970276  total_p:  0.8991556167602539
token:   This  prob:  0.4709406793117523  total_p:  0.7779445648193359
token:   The  prob:  0.3070038855075836  total_p:  0.7779445648193359
usr_prompt:  Context: Mourdet Winery: Danville Winery' s new wine was introduced to compete with our most popular wine, which is sold in a distinctive tall, black bottle. Danville uses a similar bottle. Thus, it is likely that many customers intending to buy our wine will mistakenly buy theirs instead. Danville Winery: Not so. The two bottles can be readily distinguished: the label on ours, but not on theirs, is gold colored.
Question: Which of the following, if true, most undermines Danville Winery's response?
A. Danville Winery, unlike Mourdet Winery, displays its wine's label prominently in advertisements.
B. When the bottles are viewed side by side, Danville Winery's bottle is perceptibly taller than Mourdet Winery's.
C. Gold is the background color on the label of many of the wines produced by Danville Winery.
D. It is common for occasional purchasers to buy a bottle of wine on the basis of a general impression of the most obvious feature of the bottle.
token:   To  prob:  0.46292930841445923  total_p:  0.7861855253577232
token:   The  prob:  0.20221762359142303  total_p:  0.7861855253577232
token:   

  prob:  0.12103859335184097  total_p:  0.7861855253577232
token:  A  prob:  0.45088061690330505  total_p:  0.951600581407547
token:  Option  prob:  0.37441110610961914  total_p:  0.951600581407547
token:  Let  prob:  0.1263088583946228  total_p:  0.951600581407547
token:   If  prob:  0.6688779592514038  total_p:  0.9330001994967461
token:   Since  prob:  0.19924712181091309  total_p:  0.9330001994967461
token:   Given  prob:  0.06487511843442917  total_p:  0.9330001994967461
token:  Option  prob:  0.24180853366851807  total_p:  0.6436321586370468
token:  The  prob:  0.234757199883461  total_p:  0.6436321586370468
token:  Considering  prob:  0.16706642508506775  total_p:  0.6436321586370468
token:  Option  prob:  0.6758354306221008  total_p:  0.8552278280258179
token:  The  prob:  0.17939239740371704  total_p:  0.8552278280258179
token:  The  prob:  0.3295266926288605  total_p:  0.6765237897634506
token:  Option  prob:  0.2185649871826172  total_p:  0.6765237897634506
token:  Given  prob:  0.12843210995197296  total_p:  0.6765237897634506
token:  Final  prob:  0.4040437638759613  total_p:  0.7872571349143982
token:  Therefore  prob:  0.2259272336959839  total_p:  0.7872571349143982
token:  </  prob:  0.157286137342453  total_p:  0.7872571349143982
usr_prompt:  Context: Carolyn: The artist Marc Quinn has displayed, behind a glass plate, biologically replicated fragments of Sir John Sulston' s DNA, calling it a "conceptual portrait" of Sulston. But to be a portrait, something must bear a recognizable resemblance to its subject. Arnold: I disagree. Quinn' s conceptual portrait is a maximally realistic portrait, for it holds actual instructions according to which Sulston was created.
Question: The dialogue provides most support for the claim that Carolyn and Arnold disagree over whether the object described by Quinn as a conceptual portrait of Sir John Sulston
A. should be considered to be art
B. bears a recognizable resemblance to Sulston
C. is actually a portrait of Sulston
D. contains instructions according to which Sulston was created
token:  From  prob:  0.48322147130966187  total_p:  0.8393109440803528
token:  The  prob:  0.29064813256263733  total_p:  0.8393109440803528
token:  This  prob:  0.06544134020805359  total_p:  0.8393109440803528
token:  Now  prob:  0.7274489998817444  total_p:  0.9200970679521561
token:  Option  prob:  0.13382023572921753  total_p:  0.9200970679521561
token:  Looking  prob:  0.05882783234119415  total_p:  0.9200970679521561
token:   should  prob:  0.447391152381897  total_p:  0.9007835537195206
token:   Should  prob:  0.2452310025691986  total_p:  0.9007835537195206
token:   "  prob:  0.208161398768425  total_p:  0.9007835537195206
token:   Both  prob:  0.3138783872127533  total_p:  0.6108501106500626
token:   She  prob:  0.19680370390415192  total_p:  0.6108501106500626
token:   
  prob:  0.10016801953315735  total_p:  0.6108501106500626
token:   should  prob:  0.4705069959163666  total_p:  0.9104427844285965
token:   "  prob:  0.24148541688919067  total_p:  0.9104427844285965
token:   Should  prob:  0.19845037162303925  total_p:  0.9104427844285965
token:  The  prob:  0.5439589619636536  total_p:  0.8047066405415535
token:  Therefore  prob:  0.13670244812965393  total_p:  0.8047066405415535
token:  Option  prob:  0.124045230448246  total_p:  0.8047066405415535
token:  The  prob:  0.4516892433166504  total_p:  0.8321556448936462
token:  Therefore  prob:  0.38046640157699585  total_p:  0.8321556448936462
token:  The  prob:  0.39852485060691833  total_p:  0.7048197090625763
token:  Option  prob:  0.30629485845565796  total_p:  0.7048197090625763
token:  The  prob:  0.44500458240509033  total_p:  0.7597216069698334
token:  Option  prob:  0.168450728058815  total_p:  0.7597216069698334
token:  Given  prob:  0.14626629650592804  total_p:  0.7597216069698334
token:  Therefore  prob:  0.4870457351207733  total_p:  0.8452594727277756
token:  </  prob:  0.18164578080177307  total_p:  0.8452594727277756
token:  The  prob:  0.1765679568052292  total_p:  0.8452594727277756
usr_prompt:  Context: Since the introduction of the Impanian National Health scheme, Impanians (or their private insurance companies) have had to pay only for the more unusual and sophisticated medical procedures. When the scheme was introduced, it was hoped that private insurance to pay for these procedures would be available at modest cost, since the insurers would no longer be paying for the bulk of health care costs, as they had done previously. Paradoxically, however, the cost of private health insurance did not decrease but has instead increased dramatically in the years since the scheme' s introduction.
Question: Which one of the following, if true, does most to explain the apparently paradoxical outcome?
A. Before the National Health scheme was introduced, more than 80 percent of all Impanian medical costs were associated with procedures that are now covered by the scheme.
B. The proportion of total expenditures within Impania that is spent on health care has declined since the introduction of the National Health scheme.
C. Impanians now buy private medical insurance only at times when they expect that they will need care of kinds not available in the National Health scheme.
D. The National Health scheme has greatly reduced the number of medical claims handled annually by Impania's private insurers, enabling these firms to reduce overhead costs substantially.
token:   This  prob:  0.7382867932319641  total_p:  0.9438188597559929
token:   Before  prob:  0.11959710717201233  total_p:  0.9438188597559929
token:   "  prob:  0.08593495935201645  total_p:  0.9438188597559929
token:   If  prob:  0.34422898292541504  total_p:  0.7801841646432877
token:   However  prob:  0.30429595708847046  total_p:  0.7801841646432877
token:   It  prob:  0.13165922462940216  total_p:  0.7801841646432877
token:   It  prob:  0.727334201335907  total_p:  0.8635341599583626
token:   Therefore  prob:  0.10256698727607727  total_p:  0.8635341599583626
token:   Thus  prob:  0.033632971346378326  total_p:  0.8635341599583626
token:   While  prob:  0.4570499658584595  total_p:  0.9672171622514725
token:   However  prob:  0.44380661845207214  total_p:  0.9672171622514725
token:   This  prob:  0.06636057794094086  total_p:  0.9672171622514725
token:   This  prob:  0.7243719100952148  total_p:  0.962080292403698
token:   If  prob:  0.17224089801311493  total_p:  0.962080292403698
token:   While  prob:  0.0654674842953682  total_p:  0.962080292403698
token:   If  prob:  0.7443323135375977  total_p:  0.8605606183409691
token:   Since  prob:  0.0784764438867569  total_p:  0.8605606183409691
token:   With  prob:  0.03775186091661453  total_p:  0.8605606183409691
token:  Considering  prob:  0.4112231135368347  total_p:  0.6891050338745117
token:  Given  prob:  0.140678271651268  total_p:  0.6891050338745117
token:  After  prob:  0.137203648686409  total_p:  0.6891050338745117
token:  Considering  prob:  0.3321269750595093  total_p:  0.5072430968284607
token:  Option  prob:  0.17511612176895142  total_p:  0.5072430968284607
token:  Considering  prob:  0.5278962254524231  total_p:  0.7387052848935127
token:  After  prob:  0.10679607093334198  total_p:  0.7387052848935127
token:  Given  prob:  0.10401298850774765  total_p:  0.7387052848935127
token:   It  prob:  0.7087429165840149  total_p:  0.8520300388336182
token:   If  prob:  0.14328712224960327  total_p:  0.8520300388336182
token:   If  prob:  0.6371892690658569  total_p:  0.9228648543357849
token:   It  prob:  0.285675585269928  total_p:  0.9228648543357849
token:   This  prob:  0.5506474375724792  total_p:  0.8829519785940647
token:   However  prob:  0.28017181158065796  total_p:  0.8829519785940647
token:   If  prob:  0.052132729440927505  total_p:  0.8829519785940647
token:  Considering  prob:  0.5363776683807373  total_p:  0.73170106112957
token:  The  prob:  0.10270506888628006  total_p:  0.73170106112957
token:  After  prob:  0.09261832386255264  total_p:  0.73170106112957
token:  Considering  prob:  0.2876392602920532  total_p:  0.6545663774013519
token:  After  prob:  0.21469388902187347  total_p:  0.6545663774013519
token:  Given  prob:  0.15223322808742523  total_p:  0.6545663774013519
token:  The  prob:  0.24557435512542725  total_p:  0.6418861299753189
token:  Considering  prob:  0.24444158375263214  total_p:  0.6418861299753189
token:  Option  prob:  0.15187019109725952  total_p:  0.6418861299753189
token:   It  prob:  0.542488694190979  total_p:  0.8955311067402363
token:   If  prob:  0.30110710859298706  total_p:  0.8955311067402363
token:   The  prob:  0.05193530395627022  total_p:  0.8955311067402363
usr_prompt:  Context: The short-term and long-term interests of a business often conflict; when they do, the morally preferable act is usually the one that serves the long-term interest. Because of this, businesses often have compelling reasons to execute the morally preferable act.
Question: Which one of the following, if assumed, enables the conclusion of the argument to be properly drawn?
A. When a business's short-term and long-term interests conflict, morality alone is rarely the overriding consideration.
B. The morally preferable act for a business to execute and the long-term interests of the business seldom conflict.
C. A business's long-term interests often provide compelling reasons for executing an act.
D. The morally preferable act for a business to execute and the short-term interests of the business usually conflict.
token:  The  prob:  0.4366520941257477  total_p:  0.9874011427164078
token:  1  prob:  0.4081791937351227  total_p:  0.9874011427164078
token:  -  prob:  0.14256985485553741  total_p:  0.9874011427164078
token:   This  prob:  0.3100360035896301  total_p:  0.7250072658061981
token:   It  prob:  0.27013570070266724  total_p:  0.7250072658061981
token:   The  prob:  0.14483556151390076  total_p:  0.7250072658061981
token:  Now  prob:  0.7417537569999695  total_p:  0.8837565742433071
token:  We  prob:  0.08048631250858307  total_p:  0.8837565742433071
token:  To  prob:  0.06151650473475456  total_p:  0.8837565742433071
token:  The  prob:  0.5569679737091064  total_p:  0.9090365022420883
token:  Now  prob:  0.2854655385017395  total_p:  0.9090365022420883
token:  We  prob:  0.06660299003124237  total_p:  0.9090365022420883
token:  Now  prob:  0.4043291211128235  total_p:  0.8764078319072723
token:  Let  prob:  0.3903360962867737  total_p:  0.8764078319072723
token:  Analy  prob:  0.08174261450767517  total_p:  0.8764078319072723
token:  Let  prob:  0.4502318799495697  total_p:  0.8491730391979218
token:  Now  prob:  0.39894115924835205  total_p:  0.8491730391979218
token:   This  prob:  0.52348393201828  total_p:  0.8216525912284851
token:   When  prob:  0.2981686592102051  total_p:  0.8216525912284851
token:  Considering  prob:  0.2566293179988861  total_p:  0.6013605445623398
token:  The  prob:  0.21145012974739075  total_p:  0.6013605445623398
token:  Given  prob:  0.13328109681606293  total_p:  0.6013605445623398
token:   If  prob:  0.501722514629364  total_p:  0.9951450079679489
token:   It  prob:  0.25534680485725403  total_p:  0.9951450079679489
token:   The  prob:  0.23807568848133087  total_p:  0.9951450079679489
token:  The  prob:  0.23978790640830994  total_p:  0.5403876304626465
token:  Considering  prob:  0.1833251267671585  total_p:  0.5403876304626465
token:  Option  prob:  0.11727459728717804  total_p:  0.5403876304626465
token:  Considering  prob:  0.26122474670410156  total_p:  0.5421445667743683
token:  After  prob:  0.14228545129299164  total_p:  0.5421445667743683
token:  Given  prob:  0.13863436877727509  total_p:  0.5421445667743683
token:  The  prob:  0.2390400618314743  total_p:  0.5760039687156677
token:  Considering  prob:  0.18213742971420288  total_p:  0.5760039687156677
token:  Given  prob:  0.15482647716999054  total_p:  0.5760039687156677
token:  Considering  prob:  0.20071767270565033  total_p:  0.48580512404441833
token:  Given  prob:  0.14650630950927734  total_p:  0.48580512404441833
token:  The  prob:  0.13858114182949066  total_p:  0.48580512404441833
usr_prompt:  Context: Zoologist: It is true that over the past 15 years, there has been a fourfold increase in government funding to preserve endangered species, while the number of endangered species needing such preservation has increased by only 70% (there were, however, a large number of endangered species to begin with 15 years ago). Taking into account inflation, the amount of funding is at least double what it was 15 years ago. Nevertheless, the current amount of funding from the government for species preservation is inadequate and must be enhanced.
Question: Which one of the following, if true, most helps to reconcile the zoologist's conclusion with the above evidence?
A. The two government agencies responsible for species preservation are typically under budget and are known for an utter lack of cooperation.
B. Unlike today, funding for the preservation of species was essentially nonexistent 15 years ago.
C. Over the past 15 years, the salaries of conservationists employed by the government to work on species preservation solutions have increased at a rate twice that of inflation.
D. Within the past 15 years, there have been breakthroughs in species demography that allow scientists to identify those species most in need of protection far before they face any real risk of extinction.
token:  1  prob:  0.6026660799980164  total_p:  0.9917703121900558
token:  The  prob:  0.228268563747406  total_p:  0.9917703121900558
token:  -  prob:  0.16083566844463348  total_p:  0.9917703121900558
token:   It  prob:  0.7639697194099426  total_p:  0.8721887357532978
token:   This  prob:  0.0646100789308548  total_p:  0.8721887357532978
token:   If  prob:  0.04360893741250038  total_p:  0.8721887357532978
token:  Now  prob:  0.2795144319534302  total_p:  0.7960642874240875
token:  The  prob:  0.2612113058567047  total_p:  0.7960642874240875
token:  We  prob:  0.25533854961395264  total_p:  0.7960642874240875
token:   Adjust  prob:  0.21806493401527405  total_p:  0.4970187842845917
token:   In  prob:  0.1445169448852539  total_p:  0.4970187842845917
token:   The  prob:  0.13443690538406372  total_p:  0.4970187842845917
token:  The  prob:  0.5495628714561462  total_p:  0.8783343806862831
token:  We  prob:  0.2198072224855423  total_p:  0.8783343806862831
token:  Now  prob:  0.10896428674459457  total_p:  0.8783343806862831
token:  Let  prob:  0.46161097288131714  total_p:  0.7964139431715012
token:  Now  prob:  0.1838502585887909  total_p:  0.7964139431715012
token:  Option  prob:  0.15095271170139313  total_p:  0.7964139431715012
token:  A  prob:  0.29902172088623047  total_p:  0.8231370747089386
token:  Let  prob:  0.2705329358577728  total_p:  0.8231370747089386
token:  Option  prob:  0.2535824179649353  total_p:  0.8231370747089386
token:   While  prob:  0.6643075346946716  total_p:  0.8922694325447083
token:   This  prob:  0.22796189785003662  total_p:  0.8922694325447083
token:  Option  prob:  0.3446456491947174  total_p:  0.626389890909195
token:  Considering  prob:  0.28174424171447754  total_p:  0.626389890909195
token:  Let  prob:  0.48359963297843933  total_p:  0.7152184993028641
token:  Now  prob:  0.23161886632442474  total_p:  0.7152184993028641
token:   This  prob:  0.6185314655303955  total_p:  0.8615084141492844
token:   While  prob:  0.24297694861888885  total_p:  0.8615084141492844
token:  A  prob:  0.4378456175327301  total_p:  0.8928196430206299
token:  Option  prob:  0.28185662627220154  total_p:  0.8928196430206299
token:  Let  prob:  0.17311739921569824  total_p:  0.8928196430206299
token:   This  prob:  0.5609957575798035  total_p:  0.8602128624916077
token:   However  prob:  0.2992171049118042  total_p:  0.8602128624916077
token:   This  prob:  0.449507474899292  total_p:  0.8804486095905304
token:   However  prob:  0.4309411346912384  total_p:  0.8804486095905304
token:  4  prob:  0.3051029145717621  total_p:  0.7811494171619415
token:  Considering  prob:  0.27261024713516235  total_p:  0.7811494171619415
token:  Given  prob:  0.2034362554550171  total_p:  0.7811494171619415
token:  4  prob:  0.4059959650039673  total_p:  0.8032800257205963
token:  Considering  prob:  0.21649278700351715  total_p:  0.8032800257205963
token:  Given  prob:  0.18079127371311188  total_p:  0.8032800257205963
token:   This  prob:  0.749040424823761  total_p:  0.8621331453323364
token:   If  prob:  0.11309272050857544  total_p:  0.8621331453323364
token:  Option  prob:  0.22939567267894745  total_p:  0.43662475049495697
token:  The  prob:  0.20722907781600952  total_p:  0.43662475049495697
token:  Option  prob:  0.2922147512435913  total_p:  0.5484254956245422
token:  Considering  prob:  0.2562107443809509  total_p:  0.5484254956245422
token:  Option  prob:  0.40463781356811523  total_p:  0.6200034320354462
token:  Considering  prob:  0.21536561846733093  total_p:  0.6200034320354462
token:   While  prob:  0.4338458478450775  total_p:  0.8769016116857529
token:   This  prob:  0.2501375377178192  total_p:  0.8769016116857529
token:   However  prob:  0.19291822612285614  total_p:  0.8769016116857529
token:  Considering  prob:  0.2819252908229828  total_p:  0.6462338417768478
token:  Option  prob:  0.20116575062274933  total_p:  0.6462338417768478
token:  Given  prob:  0.16314280033111572  total_p:  0.6462338417768478
usr_prompt:  Context: Murray: You claim Senator Brandon has accepted gifts from lobbyists. You are wrong to make this criticism. That it is motivated by personal dislike is shown by the fact that you deliberately avoid criticizing other politicians who have done what you accuse Senator Brandon of doing. Jane: You are right that I dislike Senator Brandon, but just because I have not criticized the same failing in others doesn' t mean you can excuse the senator' s offense.
Question: If Murray and Jane are both sincere in what they say, then it can properly be concluded that they agree that
A. one or more politicians have accepted gifts from lobbyists
B. it is wrong for politicians to accept gifts from lobbyists
C. Senator Brandon has accepted gifts from lobbyists
D. Senator Brandon should be criticized for accepting gifts from lobbyists
token:  Now  prob:  0.5306527614593506  total_p:  0.8393632210791111
token:  From  prob:  0.2559514045715332  total_p:  0.8393632210791111
token:  The  prob:  0.05275905504822731  total_p:  0.8393632210791111
token:   One  prob:  0.3203548491001129  total_p:  0.8643830418586731
token:   This  prob:  0.2857300639152527  total_p:  0.8643830418586731
token:   "  prob:  0.2582981288433075  total_p:  0.8643830418586731
token:  -  prob:  0.40506988763809204  total_p:  0.8633308857679367
token:  A  prob:  0.3185044229030609  total_p:  0.8633308857679367
token:  Option  prob:  0.13975657522678375  total_p:  0.8633308857679367
token:  Given  prob:  0.5656949877738953  total_p:  0.8091322034597397
token:  Considering  prob:  0.13809064030647278  total_p:  0.8091322034597397
token:  Based  prob:  0.10534657537937164  total_p:  0.8091322034597397
token:   This  prob:  0.47265082597732544  total_p:  0.7277701869606972
token:   Neither  prob:  0.17885273694992065  total_p:  0.7277701869606972
token:   Both  prob:  0.07626662403345108  total_p:  0.7277701869606972
token:   This  prob:  0.5226314663887024  total_p:  0.8638063967227936
token:   Murray  prob:  0.3411749303340912  total_p:  0.8638063967227936
token:   This  prob:  0.5488328337669373  total_p:  0.89798404276371
token:   Murray  prob:  0.18304453790187836  total_p:  0.89798404276371
token:   Jane  prob:  0.1661066710948944  total_p:  0.89798404276371
token:   This  prob:  0.6037894487380981  total_p:  0.9388731122016907
token:   Jane  prob:  0.19065183401107788  total_p:  0.9388731122016907
token:   Murray  prob:  0.14443182945251465  total_p:  0.9388731122016907
token:   Jane  prob:  0.5216951370239258  total_p:  0.8724367022514343
token:   Murray  prob:  0.35074156522750854  total_p:  0.8724367022514343
token:   Jane  prob:  0.4594954550266266  total_p:  0.9163865745067596
token:   This  prob:  0.45689111948013306  total_p:  0.9163865745067596
token:  The  prob:  0.3365890681743622  total_p:  0.7264508381485939
token:  Given  prob:  0.3017907440662384  total_p:  0.7264508381485939
token:  From  prob:  0.08807102590799332  total_p:  0.7264508381485939
token:  Given  prob:  0.3717131018638611  total_p:  0.6331870853900909
token:  The  prob:  0.26147398352622986  total_p:  0.6331870853900909
usr_prompt:  Context: Unlike the wholesale price of raw wool, the wholesale price of raw cotton has fallen considerably in the last year. Thus, although the retail price of cotton clothing at retail clothing stores has not yet fallen, it will inevitably fall.
Question: Which of the following, if true, most seriously weakens the argument above?
A. The operating costs of the average retail clothing store have remained constant during the last year.
B. The cost of processing raw cotton for cloth has increased during the last year.
C. The wholesale price of raw wool is typically higher than that of the same volume of raw cotton.
D. Changes in retail prices always lag behind changes in wholesale prices.
token:  1  prob:  0.5964943766593933  total_p:  0.992049016058445
token:  -  prob:  0.3076897859573364  total_p:  0.992049016058445
token:  The  prob:  0.08786485344171524  total_p:  0.992049016058445
token:   The  prob:  0.6255463361740112  total_p:  0.8333439528942108
token:   Despite  prob:  0.12513934075832367  total_p:  0.8333439528942108
token:   Retail  prob:  0.08265827596187592  total_p:  0.8333439528942108
token:  Now  prob:  0.42851412296295166  total_p:  0.9109814912080765
token:  To  prob:  0.366610050201416  total_p:  0.9109814912080765
token:  We  prob:  0.1158573180437088  total_p:  0.9109814912080765
token:  Now  prob:  0.625791072845459  total_p:  0.8884238377213478
token:  Let  prob:  0.16162914037704468  total_p:  0.8884238377213478
token:  Option  prob:  0.10100362449884415  total_p:  0.8884238377213478
token:   However  prob:  0.5992363691329956  total_p:  0.8921466693282127
token:   While  prob:  0.19855394959449768  total_p:  0.8921466693282127
token:   This  prob:  0.09435635060071945  total_p:  0.8921466693282127
token:   This  prob:  0.5154271721839905  total_p:  0.8096396625041962
token:   It  prob:  0.2942124903202057  total_p:  0.8096396625041962
token:   It  prob:  0.7079160213470459  total_p:  0.8839427977800369
token:   In  prob:  0.17602677643299103  total_p:  0.8839427977800369
token:  A  prob:  0.5931293368339539  total_p:  0.9037120938301086
token:  Option  prob:  0.18244622647762299  total_p:  0.9037120938301086
token:  Let  prob:  0.1281365305185318  total_p:  0.9037120938301086
token:  The  prob:  0.32863330841064453  total_p:  0.7026872560381889
token:  Considering  prob:  0.2827700078487396  total_p:  0.7026872560381889
token:  Option  prob:  0.09128393977880478  total_p:  0.7026872560381889
token:  Considering  prob:  0.38455474376678467  total_p:  0.7119959890842438
token:  After  prob:  0.19602960348129272  total_p:  0.7119959890842438
token:  Given  prob:  0.13141164183616638  total_p:  0.7119959890842438
token:  After  prob:  0.2080538421869278  total_p:  0.6150827407836914
token:  The  prob:  0.20772475004196167  total_p:  0.6150827407836914
token:  Considering  prob:  0.19930414855480194  total_p:  0.6150827407836914
token:   While  prob:  0.43422731757164  total_p:  0.7041786015033722
token:   This  prob:  0.2699512839317322  total_p:  0.7041786015033722
token:   This  prob:  0.4256783425807953  total_p:  0.6180475205183029
token:   

  prob:  0.19236917793750763  total_p:  0.6180475205183029
usr_prompt:  Context: Scientists attempting to replicate certain controversial results reported by a group of experienced researchers failed to get the same results as those reported. The conclusion drawn from this by the scientists who conducted the replication experiments was that the originally reported results had been due to faulty measurements.
Question: The argument of the scientists who conducted the replication experiments assumes that
A. the replication experiments were not so likely as the original experiments to be marred by faulty measurements
B. the theoretical principles called into question by the originally reported results were themselves based on weak evidence
C. the original experiments had not been described in sufficient detail to make an exact replication possible
D. the researchers who originally reported the controversial results had themselves observed those results only once
token:  To  prob:  0.3569406569004059  total_p:  0.9496871829032898
token:  The  prob:  0.3272199332714081  total_p:  0.9496871829032898
token:  Let  prob:  0.26552659273147583  total_p:  0.9496871829032898
token:   They  prob:  0.7385936975479126  total_p:  0.9293463677167892
token:   The  prob:  0.12097754329442978  total_p:  0.9293463677167892
token:   Their  prob:  0.06977512687444687  total_p:  0.9293463677167892
token:   We  prob:  0.5136982798576355  total_p:  0.9459704756736755
token:   The  prob:  0.43227219581604004  total_p:  0.9459704756736755
token:  Now  prob:  0.49976110458374023  total_p:  0.7346595749258995
token:  Looking  prob:  0.130202978849411  total_p:  0.7346595749258995
token:  We  prob:  0.10469549149274826  total_p:  0.7346595749258995
token:   We  prob:  0.2898021638393402  total_p:  0.7360580265522003
token:   This  prob:  0.26503506302833557  total_p:  0.7360580265522003
token:   To  prob:  0.18122079968452454  total_p:  0.7360580265522003
token:  Let  prob:  0.643425703048706  total_p:  0.9215338453650475
token:  A  prob:  0.17537550628185272  total_p:  0.9215338453650475
token:  Option  prob:  0.10273263603448868  total_p:  0.9215338453650475
token:  A  prob:  0.6190995573997498  total_p:  0.9610369764268398
token:  Option  prob:  0.2857595980167389  total_p:  0.9610369764268398
token:  Let  prob:  0.05617782101035118  total_p:  0.9610369764268398
token:   This  prob:  0.5143056511878967  total_p:  0.9735218435525894
token:   The  prob:  0.3692849576473236  total_p:  0.9735218435525894
token:   There  prob:  0.08993123471736908  total_p:  0.9735218435525894
token:  Let  prob:  0.6978289484977722  total_p:  0.8763157948851585
token:  Option  prob:  0.10515264421701431  total_p:  0.8763157948851585
token:  A  prob:  0.07333420217037201  total_p:  0.8763157948851585
token:   However  prob:  0.48300257325172424  total_p:  0.7975358068943024
token:   This  prob:  0.3145332336425781  total_p:  0.7975358068943024
token:   The  prob:  0.3380456268787384  total_p:  0.7548839002847672
token:   Let  prob:  0.22467811405658722  total_p:  0.7548839002847672
token:   

  prob:  0.19216015934944153  total_p:  0.7548839002847672
token:   The  prob:  0.36748048663139343  total_p:  0.8426521569490433
token:   While  prob:  0.31827545166015625  total_p:  0.8426521569490433
token:   However  prob:  0.1568962186574936  total_p:  0.8426521569490433
token:   This  prob:  0.4465356171131134  total_p:  0.8020567446947098
token:   However  prob:  0.20464098453521729  total_p:  0.8020567446947098
token:   If  prob:  0.1508801430463791  total_p:  0.8020567446947098
token:   However  prob:  0.6511655449867249  total_p:  0.9256108179688454
token:   This  prob:  0.20246869325637817  total_p:  0.9256108179688454
token:   The  prob:  0.07197657972574234  total_p:  0.9256108179688454
token:   However  prob:  0.5772780179977417  total_p:  0.8916203081607819
token:   This  prob:  0.31434229016304016  total_p:  0.8916203081607819
token:   While  prob:  0.6671628355979919  total_p:  0.9438092038035393
token:   However  prob:  0.16239042580127716  total_p:  0.9438092038035393
token:   This  prob:  0.11425594240427017  total_p:  0.9438092038035393
token:   This  prob:  0.5004059076309204  total_p:  0.8260318040847778
token:   While  prob:  0.3256258964538574  total_p:  0.8260318040847778
token:   However  prob:  0.3937154710292816  total_p:  0.8803254812955856
token:   While  prob:  0.30647972226142883  total_p:  0.8803254812955856
token:   This  prob:  0.18013028800487518  total_p:  0.8803254812955856
token:   The  prob:  0.5058273077011108  total_p:  0.7950280755758286
token:   While  prob:  0.15123458206653595  total_p:  0.7950280755758286
token:   This  prob:  0.13796618580818176  total_p:  0.7950280755758286
token:   The  prob:  0.348652184009552  total_p:  0.5840447247028351
token:   This  prob:  0.23539254069328308  total_p:  0.5840447247028351
token:  The  prob:  0.44071343541145325  total_p:  0.8026657924056053
token:  Option  prob:  0.24665357172489166  total_p:  0.8026657924056053
token:  Given  prob:  0.1152987852692604  total_p:  0.8026657924056053
token:  The  prob:  0.35537201166152954  total_p:  0.7698274627327919
token:  Option  prob:  0.2921828031539917  total_p:  0.7698274627327919
token:  Based  prob:  0.12227264791727066  total_p:  0.7698274627327919
token:   While  prob:  0.6052926778793335  total_p:  0.8776324912905693
token:   This  prob:  0.16396409273147583  total_p:  0.8776324912905693
token:   The  prob:  0.10837572067975998  total_p:  0.8776324912905693
token:   However  prob:  0.39141762256622314  total_p:  0.7153700590133667
token:   This  prob:  0.32395243644714355  total_p:  0.7153700590133667
token:   This  prob:  0.38853099942207336  total_p:  0.7883865386247635
token:   While  prob:  0.21137122809886932  total_p:  0.7883865386247635
token:   If  prob:  0.1884843111038208  total_p:  0.7883865386247635
token:   This  prob:  0.3843079209327698  total_p:  0.8118893206119537
token:   If  prob:  0.2240135222673416  total_p:  0.8118893206119537
token:   However  prob:  0.20356787741184235  total_p:  0.8118893206119537
token:  Therefore  prob:  0.5011662840843201  total_p:  0.7808392941951752
token:  </  prob:  0.2796730101108551  total_p:  0.7808392941951752
token:  The  prob:  0.45568159222602844  total_p:  0.892655998468399
token:  Given  prob:  0.4369744062423706  total_p:  0.892655998468399
token:  The  prob:  0.2838438153266907  total_p:  0.7397637218236923
token:  Option  prob:  0.24753239750862122  total_p:  0.7397637218236923
token:  Given  prob:  0.20838750898838043  total_p:  0.7397637218236923
token:   However  prob:  0.42765817046165466  total_p:  0.8325892090797424
token:   While  prob:  0.40493103861808777  total_p:  0.8325892090797424
usr_prompt:  Context: Travel agent: Although most low-fare airlines have had few, if any, accidents, very few such airlines have been in existence long enough for their safety records to be reliably established. Major airlines, on the other hand, usually have longstanding records reliably indicating their degree of safety. Hence, passengers are safer on a major airline than on one of the newer low-fare airlines.
Question: Of the following, which one is the criticism to which the reasoning in the travel agent's argument is most vulnerable?
A. The argument takes for granted that airlines that are the safest are also the most reliable in documenting their safety.
B. The argument draws a general conclusion about how safe passengers are on different airlines on the basis of safety records that are each from too brief a period to adequately justify such a conclusion.
C. The argument fails to address adequately the possibility that the average major airline has had a total number of accidents as great as the average low-fare airline has had.
D. The argument fails to consider the possibility that long-standing and reliable records documenting an airline's degree of safety may indicate that the airline is unsafe.
token:  Let  prob:  0.5339802503585815  total_p:  0.9413792043924332
token:  The  prob:  0.20405109226703644  total_p:  0.9413792043924332
token:  To  prob:  0.20334786176681519  total_p:  0.9413792043924332
token:  Now  prob:  0.7167067527770996  total_p:  0.9322835057973862
token:  Option  prob:  0.14488309621810913  total_p:  0.9322835057973862
token:  Let  prob:  0.07069365680217743  total_p:  0.9322835057973862
token:  The  prob:  0.6725786924362183  total_p:  0.9578129015862942
token:  1  prob:  0.22891370952129364  total_p:  0.9578129015862942
token:  Core  prob:  0.05632049962878227  total_p:  0.9578129015862942
token:   The  prob:  0.4857580363750458  total_p:  0.9272604733705521
token:   This  prob:  0.27149778604507446  total_p:  0.9272604733705521
token:   

  prob:  0.17000465095043182  total_p:  0.9272604733705521
token:   To  prob:  0.33991754055023193  total_p:  0.8115383684635162
token:   We  prob:  0.2394375503063202  total_p:  0.8115383684635162
token:   The  prob:  0.2321832776069641  total_p:  0.8115383684635162
token:  Let  prob:  0.38258638978004456  total_p:  0.8831190764904022
token:  A  prob:  0.2522580325603485  total_p:  0.8831190764904022
token:  Option  prob:  0.24827465415000916  total_p:  0.8831190764904022
token:   This  prob:  0.45654475688934326  total_p:  0.9818985015153885
token:   However  prob:  0.3916909992694855  total_p:  0.9818985015153885
token:   While  prob:  0.13366274535655975  total_p:  0.9818985015153885
token:  The  prob:  0.5979741215705872  total_p:  0.8219241425395012
token:  Option  prob:  0.15432828664779663  total_p:  0.8219241425395012
token:  Therefore  prob:  0.0696217343211174  total_p:  0.8219241425395012
token:   However  prob:  0.5329602360725403  total_p:  0.893584668636322
token:   While  prob:  0.36062443256378174  total_p:  0.893584668636322
token:   However  prob:  0.616456925868988  total_p:  0.9615154266357422
token:   While  prob:  0.1924753040075302  total_p:  0.9615154266357422
token:   This  prob:  0.15258319675922394  total_p:  0.9615154266357422
token:   However  prob:  0.630354642868042  total_p:  0.875130906701088
token:   While  prob:  0.24477626383304596  total_p:  0.875130906701088
token:  Let  prob:  0.4687731862068176  total_p:  0.7814725935459137
token:  Now  prob:  0.31269940733909607  total_p:  0.7814725935459137
token:   However  prob:  0.512980580329895  total_p:  0.958887130022049
token:   While  prob:  0.2681342363357544  total_p:  0.958887130022049
token:   This  prob:  0.17777231335639954  total_p:  0.958887130022049
token:  Let  prob:  0.4256384074687958  total_p:  0.9065155237913132
token:  Option  prob:  0.24602743983268738  total_p:  0.9065155237913132
token:  A  prob:  0.23484967648983002  total_p:  0.9065155237913132
token:   While  prob:  0.4211173951625824  total_p:  0.9409197717905045
token:   However  prob:  0.3633473217487335  total_p:  0.9409197717905045
token:   This  prob:  0.15645505487918854  total_p:  0.9409197717905045
token:  The  prob:  0.5270634889602661  total_p:  0.7683543190360069
token:  Option  prob:  0.16262520849704742  total_p:  0.7683543190360069
token:  Considering  prob:  0.07866562157869339  total_p:  0.7683543190360069
token:   While  prob:  0.4422522187232971  total_p:  0.9706118255853653
token:   However  prob:  0.2796921133995056  total_p:  0.9706118255853653
token:   This  prob:  0.24866749346256256  total_p:  0.9706118255853653
token:  The  prob:  0.5466206669807434  total_p:  0.7975476384162903
token:  Option  prob:  0.2509269714355469  total_p:  0.7975476384162903
token:  The  prob:  0.41505563259124756  total_p:  0.7978869080543518
token:  Option  prob:  0.38283127546310425  total_p:  0.7978869080543518
token:  The  prob:  0.5254778861999512  total_p:  0.74357520788908
token:  Option  prob:  0.12191485613584518  total_p:  0.74357520788908
token:  Given  prob:  0.09618246555328369  total_p:  0.74357520788908
token:  Option  prob:  0.4564588963985443  total_p:  0.8575322031974792
token:  The  prob:  0.40107330679893494  total_p:  0.8575322031974792
usr_prompt:  Context: Columnist: Although there is and should be complete freedom of thought and expression, that does not mean that there is nothing wrong with exploiting depraved popular tastes for the sake of financial gain.
Question: Which one of the following judgments conforms most closely to the principle cited by the columnist?
A. People who produce depraved movies have the freedom to do so, but that means that they also have the freedom to refrain from doing so.
B. There should be no laws restricting what books are published, but publishing books that pander to people with depraved tastes is not thereby morally acceptable.
C. The public has the freedom to purchase whatever recordings are produced, but that does not mean that the government may not limit the production of recordings deemed to be depraved.
D. One who advocates complete freedom of speech should not criticize others for saying things that he or she believes to exhibit depraved tastes.
token:  The  prob:  0.547752320766449  total_p:  0.9523171037435532
token:  1  prob:  0.27330565452575684  total_p:  0.9523171037435532
token:  -  prob:  0.13125912845134735  total_p:  0.9523171037435532
token:   This  prob:  0.6406943202018738  total_p:  0.9473540131002665
token:   The  prob:  0.2903299331665039  total_p:  0.9473540131002665
token:   They  prob:  0.01632975973188877  total_p:  0.9473540131002665
token:  Now  prob:  0.7782368659973145  total_p:  0.9233922362327576
token:  We  prob:  0.10938552021980286  total_p:  0.9233922362327576
token:  Analy  prob:  0.03576985001564026  total_p:  0.9233922362327576
token:  A  prob:  0.570755660533905  total_p:  0.8729676157236099
token:  Option  prob:  0.15160256624221802  total_p:  0.8729676157236099
token:  Now  prob:  0.15060938894748688  total_p:  0.8729676157236099
token:  Option  prob:  0.5344650745391846  total_p:  0.8703824430704117
token:  The  prob:  0.2667059004306793  total_p:  0.8703824430704117
token:  B  prob:  0.06921146810054779  total_p:  0.8703824430704117
token:  Option  prob:  0.43965214490890503  total_p:  0.7536028027534485
token:  The  prob:  0.31395065784454346  total_p:  0.7536028027534485
token:  Option  prob:  0.4906361401081085  total_p:  0.8342084959149361
token:  The  prob:  0.2251511961221695  total_p:  0.8342084959149361
token:  B  prob:  0.11842115968465805  total_p:  0.8342084959149361
token:  The  prob:  0.29126566648483276  total_p:  0.6461020335555077
token:  Option  prob:  0.2636450231075287  total_p:  0.6461020335555077
token:  B  prob:  0.09119134396314621  total_p:  0.6461020335555077
usr_prompt:  Context: Certain instruments used in veterinary surgery can be made either of stainless steel or of nylon. In a study of such instruments, 50 complete sterilizations of a set of nylon instruments required 3. 4 times the amount of energy used to manufacture that set of instruments, whereas 50 complete sterilizations of a set of stainless steel instruments required 2. 1 times the amount of energy required to manufacture that set of instruments.
Question: If the statements above are true, each of the following could be true EXCEPT:
A. The 50 complete sterilizations of the nylon instruments used more energy than did the 50 complete sterilizations of the stainless steel instruments.
B. The total cost of 50 complete sterilizations of the stainless steel instruments was greater than the cost of manufacturing the stainless steel instruments.
C. More energy was required for each complete sterilization of the nylon instruments than was required to manufacture the nylon instruments.
D. More energy was used to produce the stainless steel instruments than was used to produce the nylon instruments.
token:  -  prob:  0.44338521361351013  total_p:  0.9382391795516014
token:  1  prob:  0.4163852632045746  total_p:  0.9382391795516014
token:  A  prob:  0.0784687027335167  total_p:  0.9382391795516014
token:  Now  prob:  0.6024335026741028  total_p:  0.8050218820571899
token:  We  prob:  0.12329362332820892  total_p:  0.8050218820571899
token:  Let  prob:  0.07929475605487823  total_p:  0.8050218820571899
token:  Now  prob:  0.687780499458313  total_p:  0.8502358756959438
token:  We  prob:  0.10882475972175598  total_p:  0.8502358756959438
token:  Let  prob:  0.05363061651587486  total_p:  0.8502358756959438
token:   This  prob:  0.3574237525463104  total_p:  0.6849497705698013
token:   Therefore  prob:  0.16856281459331512  total_p:  0.6849497705698013
token:   Since  prob:  0.15896320343017578  total_p:  0.6849497705698013
token:   This  prob:  0.3823924660682678  total_p:  0.7686669230461121
token:   So  prob:  0.20682185888290405  total_p:  0.7686669230461121
token:   Therefore  prob:  0.17945259809494019  total_p:  0.7686669230461121
token:   The  prob:  0.657212495803833  total_p:  0.7800172045826912
token:   If  prob:  0.12280470877885818  total_p:  0.7800172045826912
token:  -  prob:  0.7570200562477112  total_p:  0.8966088145971298
token:      prob:  0.13958875834941864  total_p:  0.8966088145971298
token:  **  prob:  0.3145858943462372  total_p:  0.9310600459575653
token:  -  prob:  0.3105930984020233  total_p:  0.9310600459575653
token:  A  prob:  0.3058810532093048  total_p:  0.9310600459575653
token:   The  prob:  0.38696959614753723  total_p:  0.6975687146186829
token:   According  prob:  0.1735428124666214  total_p:  0.6975687146186829
token:   Given  prob:  0.13705630600452423  total_p:  0.6975687146186829
token:   Since  prob:  0.2546279728412628  total_p:  0.688174843788147
token:   The  prob:  0.2444356232881546  total_p:  0.688174843788147
token:   If  prob:  0.18911124765872955  total_p:  0.688174843788147
token:   The  prob:  0.7637169361114502  total_p:  0.918298315256834
token:   If  prob:  0.0966760441660881  total_p:  0.918298315256834
token:   We  prob:  0.05790533497929573  total_p:  0.918298315256834
token:   This  prob:  0.2190147191286087  total_p:  0.5220235586166382
token:   Therefore  prob:  0.15406200289726257  total_p:  0.5220235586166382
token:   Other  prob:  0.1489468365907669  total_p:  0.5220235586166382
token:  <  prob:  0.3265070617198944  total_p:  0.7128663957118988
token:  The  prob:  0.20279279351234436  total_p:  0.7128663957118988
token:  Therefore  prob:  0.18356654047966003  total_p:  0.7128663957118988
token:  <  prob:  0.40356770157814026  total_p:  0.7356722503900528
token:  The  prob:  0.16795599460601807  total_p:  0.7356722503900528
token:  Therefore  prob:  0.16414855420589447  total_p:  0.7356722503900528
token:   Therefore  prob:  0.339661180973053  total_p:  0.5795528590679169
token:   This  prob:  0.2398916780948639  total_p:  0.5795528590679169
token:   The  prob:  0.6238025426864624  total_p:  0.8284322917461395
token:   According  prob:  0.20462974905967712  total_p:  0.8284322917461395
token:   So  prob:  0.4421674311161041  total_p:  0.7351221144199371
token:   This  prob:  0.292954683303833  total_p:  0.7351221144199371
token:   This  prob:  0.36374998092651367  total_p:  0.6511729657649994
token:   Therefore  prob:  0.2874229848384857  total_p:  0.6511729657649994
token:  The  prob:  0.23285093903541565  total_p:  0.44197407364845276
token:  <  prob:  0.2091231346130371  total_p:  0.44197407364845276
token:   This  prob:  0.36856794357299805  total_p:  0.7230413481593132
token:   Therefore  prob:  0.26600679755210876  total_p:  0.7230413481593132
token:   Since  prob:  0.08846660703420639  total_p:  0.7230413481593132
usr_prompt:  Context: For over two centuries, no one had been able to make Damascus blades-blades with a distinctive serpentine surface pattern-but a contemporary sword maker may just have rediscovered how. Using iron with trace impurities that precisely matched those present in the iron used in historic Damascus blades, this contemporary sword maker seems to have finally hit on an intricate process by which he can produce a blade indistinguishable from a true Damascus blade.
Question: Which of the following, if true, provides the strongest support for the hypothesis that trace impurities in the iron are essential for the production of Damascus blades?
A. Almost all the tools used by the contemporary sword maker were updated versions of tools that were used by sword makers over two centuries ago.
B. Production of Damascus blades by sword makers of the past ceased abruptly after those sword makers' original source of iron became exhausted.
C. There are surface features of every Damascus blade-including the blades produced by the contemporary sword maker-that are unique to that blade.
D. Although Damascus blades were renowned for maintaining a sharp edge, the blade made by the contemporary sword maker suggests that they may have maintained their edge less well than blades made using what is now the standard process for making blades.
token:  Option  prob:  0.26095181703567505  total_p:  0.6000787913799286
token:  The  prob:  0.1833197921514511  total_p:  0.6000787913799286
token:  Considering  prob:  0.15580718219280243  total_p:  0.6000787913799286
usr_prompt:  Context: Each of the smallest particles in the universe has an elegantly simple structure. Since these particles compose the universe, we can conclude that the universe itself has an elegantly simple structure.
Question: Each of the following arguments exhibits flawed reasoning similar to that in the argument above EXCEPT:
A. Each part of this car is nearly perfectly engineered. Ttherefore this car is nearly perfect, from an engineering point of view.
B. Each sentence in this novel is well constructed. Ttherefore this is a well-constructed novel.
C. Each brick in this wall is rectangular. Ttherefore this wall is rectangular.
D. Each part of this desk is made of metal. Ttherefore this desk is made of metal.
token:   

  prob:  0.5060437321662903  total_p:  0.7456318289041519
token:   The  prob:  0.1259652078151703  total_p:  0.7456318289041519
token:   It  prob:  0.11362288892269135  total_p:  0.7456318289041519
token:   Each  prob:  0.42049935460090637  total_p:  0.9600971341133118
token:   This  prob:  0.3562522530555725  total_p:  0.9600971341133118
token:   "  prob:  0.18334552645683289  total_p:  0.9600971341133118
token:   It  prob:  0.5563700199127197  total_p:  0.8698226660490036
token:   The  prob:  0.19730399549007416  total_p:  0.8698226660490036
token:   If  prob:  0.11614865064620972  total_p:  0.8698226660490036
token:   Each  prob:  0.3854820728302002  total_p:  0.9614610075950623
token:   This  prob:  0.36781343817710876  total_p:  0.9614610075950623
token:   "  prob:  0.2081654965877533  total_p:  0.9614610075950623
token:   

  prob:  0.3007095456123352  total_p:  0.5919306054711342
token:   This  prob:  0.1772283911705017  total_p:  0.5919306054711342
token:   However  prob:  0.11399266868829727  total_p:  0.5919306054711342
token:   This  prob:  0.4223099946975708  total_p:  0.8111614882946014
token:   There  prob:  0.31659436225891113  total_p:  0.8111614882946014
token:   It  prob:  0.0722571313381195  total_p:  0.8111614882946014
token:   However  prob:  0.7236533761024475  total_p:  0.8980185836553574
token:   A  prob:  0.17436520755290985  total_p:  0.8980185836553574
token:   There  prob:  0.5949075222015381  total_p:  0.9050705134868622
token:   This  prob:  0.3101629912853241  total_p:  0.9050705134868622
token:   This  prob:  0.6176279783248901  total_p:  0.9635649770498276
token:   However  prob:  0.20504920184612274  total_p:  0.9635649770498276
token:   The  prob:  0.1408877968788147  total_p:  0.9635649770498276
token:   This  prob:  0.5576422810554504  total_p:  0.8527940958738327
token:   There  prob:  0.16388572752475739  total_p:  0.8527940958738327
token:   The  prob:  0.13126608729362488  total_p:  0.8527940958738327
token:   This  prob:  0.23160092532634735  total_p:  0.6587684601545334
token:   The  prob:  0.22523055970668793  total_p:  0.6587684601545334
token:   It  prob:  0.2019369751214981  total_p:  0.6587684601545334
token:  <  prob:  0.27108070254325867  total_p:  0.7664868980646133
token:  Therefore  prob:  0.2684765160083771  total_p:  0.7664868980646133
token:  The  prob:  0.2269296795129776  total_p:  0.7664868980646133
token:  Therefore  prob:  0.30669105052948  total_p:  0.7359650135040283
token:  <  prob:  0.22454223036766052  total_p:  0.7359650135040283
token:  The  prob:  0.20473173260688782  total_p:  0.7359650135040283
token:  The  prob:  0.3085614740848541  total_p:  0.7369835823774338
token:  Therefore  prob:  0.2408061921596527  total_p:  0.7369835823774338
token:  <  prob:  0.18761591613292694  total_p:  0.7369835823774338
token:   This  prob:  0.48982518911361694  total_p:  0.8273051679134369
token:   The  prob:  0.22701998054981232  total_p:  0.8273051679134369
token:   It  prob:  0.11045999825000763  total_p:  0.8273051679134369
token:  Therefore  prob:  0.27877241373062134  total_p:  0.6471775397658348
token:  The  prob:  0.26035943627357483  total_p:  0.6471775397658348
token:  Thus  prob:  0.10804568976163864  total_p:  0.6471775397658348
token:   Therefore  prob:  0.3802899122238159  total_p:  0.8645807802677155
token:   

  prob:  0.34658893942832947  total_p:  0.8645807802677155
token:   Thus  prob:  0.13770192861557007  total_p:  0.8645807802677155
token:  Therefore  prob:  0.20541399717330933  total_p:  0.5834677517414093
token:  The  prob:  0.20231498777866364  total_p:  0.5834677517414093
token:  <  prob:  0.17573876678943634  total_p:  0.5834677517414093
usr_prompt:  Context: Editorialist: Society is obligated to bestow the privileges of adulthood upon its members once they are mature enough to accept the corresponding responsibilities. But science has established that physiological development is completed in most persons by age seventeen. Since this maturing process has been completed by most seventeen-year-olds, there is no reason not to grant these citizens all of the privileges of adulthood.
Question: The editorialist's argument is most vulnerable to criticism on the ground that it
A. assumes what it is trying to prove
B. too hastily reaches a general conclusion on the basis of a few examples
C. ignores the fact that some people are mature at age sixteen
D. equivocates with respect to a central concept
token:   The  prob:  0.3420192003250122  total_p:  0.7753005623817444
token:   Based  prob:  0.29752349853515625  total_p:  0.7753005623817444
token:   Therefore  prob:  0.13575786352157593  total_p:  0.7753005623817444
token:  Now  prob:  0.6445493698120117  total_p:  0.9511104598641396
token:  The  prob:  0.2808045744895935  total_p:  0.9511104598641396
token:  To  prob:  0.025756515562534332  total_p:  0.9511104598641396
token:  The  prob:  0.5674929022789001  total_p:  0.9309839606285095
token:  Option  prob:  0.32535025477409363  total_p:  0.9309839606285095
token:  Given  prob:  0.03814080357551575  total_p:  0.9309839606285095
token:   This  prob:  0.6711133122444153  total_p:  0.864679828286171
token:   The  prob:  0.1291087567806244  total_p:  0.864679828286171
token:   Let  prob:  0.06445775926113129  total_p:  0.864679828286171
token:  Now  prob:  0.5389302372932434  total_p:  0.8697034865617752
token:  Option  prob:  0.19437772035598755  total_p:  0.8697034865617752
token:  Let  prob:  0.13639552891254425  total_p:  0.8697034865617752
token:   Assumes  prob:  0.6981658339500427  total_p:  0.9227219000458717
token:   This  prob:  0.12257697433233261  total_p:  0.9227219000458717
token:   assumes  prob:  0.1019790917634964  total_p:  0.9227219000458717
token:  The  prob:  0.364736944437027  total_p:  0.7160609215497971
token:  Therefore  prob:  0.21163617074489594  total_p:  0.7160609215497971
token:  Thus  prob:  0.13968780636787415  total_p:  0.7160609215497971
token:   </  prob:  0.6104233860969543  total_p:  0.9507498145103455
token:   The  prob:  0.3403264284133911  total_p:  0.9507498145103455
token:  Now  prob:  0.367643803358078  total_p:  0.5370494574308395
token:  Option  prob:  0.16940565407276154  total_p:  0.5370494574308395
token:   Assumes  prob:  0.3839711844921112  total_p:  0.9492641091346741
token:   This  prob:  0.32844799757003784  total_p:  0.9492641091346741
token:   assumes  prob:  0.23684492707252502  total_p:  0.9492641091346741
token:  The  prob:  0.3523835241794586  total_p:  0.5602325052022934
token:  Option  prob:  0.20784898102283478  total_p:  0.5602325052022934
token:   This  prob:  0.5567967891693115  total_p:  0.9861534088850021
token:   </  prob:  0.36001378297805786  total_p:  0.9861534088850021
token:   The  prob:  0.06934283673763275  total_p:  0.9861534088850021
usr_prompt:  Context: Business owner: Around noon in one section of the city, food trucks that sell lunch directly to customers on the sidewalk occupy many of the limited metered parking spaces available, thus worsening already bad traffic congestion. This led the city council to consider a bill to prohibit food trucks from parking in metered spaces in any commercially zoned area. This bill should be rejected since there is plenty of available parking and little traffic congestion in most areas of the city.
Question: Which one of the following principles, if valid, most helps to justify the business owner's argument?
A. If a city has a serious problem, then it should not implement any policy that would aggravate that problem even if the policy would address another serious problem.
B. No proposed solution to a city problem should be implemented until the problem has been thoroughly studied.
C. Unless a business provides a product or service that is valued by consumers, the business should not be allowed to make use of scarce city resources.
D. A law that would disadvantage businesses of a certain type throughout a city should not be used to solve a problem that does not affect most areas of the city.
token:  Let  prob:  0.5428519248962402  total_p:  0.9233748018741608
token:  To  prob:  0.23285773396492004  total_p:  0.9233748018741608
token:  The  prob:  0.1476651430130005  total_p:  0.9233748018741608
token:   The  prob:  0.33176389336586  total_p:  0.7894623726606369
token:   Option  prob:  0.31503772735595703  total_p:  0.7894623726606369
token:   We  prob:  0.14266075193881989  total_p:  0.7894623726606369
token:   The  prob:  0.5530362725257874  total_p:  0.9664867222309113
token:   Let  prob:  0.4134504497051239  total_p:  0.9664867222309113
token:   While  prob:  0.5286354422569275  total_p:  0.79490065574646
token:   However  prob:  0.26626521348953247  total_p:  0.79490065574646
token:   There  prob:  0.7263870239257812  total_p:  0.8280461803078651
token:   Traffic  prob:  0.10165915638208389  total_p:  0.8280461803078651
token:  Let  prob:  0.37862926721572876  total_p:  0.7198168933391571
token:  Now  prob:  0.20170387625694275  total_p:  0.7198168933391571
token:  We  prob:  0.1394837498664856  total_p:  0.7198168933391571
token:   While  prob:  0.44803521037101746  total_p:  0.9463139176368713
token:   The  prob:  0.38561952114105225  total_p:  0.9463139176368713
token:   This  prob:  0.11265918612480164  total_p:  0.9463139176368713
token:  Option  prob:  0.6208634376525879  total_p:  0.8486785441637039
token:  A  prob:  0.15905694663524628  total_p:  0.8486785441637039
token:  -  prob:  0.06875815987586975  total_p:  0.8486785441637039
token:  Option  prob:  0.28250911831855774  total_p:  0.6717532277107239
token:  The  prob:  0.2228272259235382  total_p:  0.6717532277107239
token:  Given  prob:  0.16641688346862793  total_p:  0.6717532277107239
token:  The  prob:  0.2755875885486603  total_p:  0.620227724313736
token:  Therefore  prob:  0.24645859003067017  total_p:  0.620227724313736
token:  Thus  prob:  0.09818154573440552  total_p:  0.620227724313736
token:  Option  prob:  0.36627450585365295  total_p:  0.6964720785617828
token:  Now  prob:  0.16608457267284393  total_p:  0.6964720785617828
token:  3  prob:  0.16411300003528595  total_p:  0.6964720785617828
token:   The  prob:  0.4137212634086609  total_p:  0.6796253621578217
token:   However  prob:  0.26590409874916077  total_p:  0.6796253621578217
token:   The  prob:  0.6212046146392822  total_p:  0.8459892719984055
token:   It  prob:  0.22478465735912323  total_p:  0.8459892719984055
token:  Option  prob:  0.4083196222782135  total_p:  0.6532136350870132
token:  The  prob:  0.24489401280879974  total_p:  0.6532136350870132
token:  Option  prob:  0.37097328901290894  total_p:  0.6354847848415375
token:  The  prob:  0.26451149582862854  total_p:  0.6354847848415375
token:  Option  prob:  0.7026710510253906  total_p:  0.8950305879116058
token:  The  prob:  0.1923595368862152  total_p:  0.8950305879116058
token:  The  prob:  0.3518669009208679  total_p:  0.7713481560349464
token:  Therefore  prob:  0.3468242585659027  total_p:  0.7713481560349464
token:  Thus  prob:  0.07265699654817581  total_p:  0.7713481560349464
token:  Option  prob:  0.32911446690559387  total_p:  0.6160927414894104
token:  Given  prob:  0.28697827458381653  total_p:  0.6160927414894104
usr_prompt:  Context: High levels of fertilizer and pesticides, needed when farmers try to produce high yields of the same crop year after year, pollute water supplies. Experts ttherefore urge farmers to diversify their crops and to rotate their plantings yearly. To receive governmental price-support benefits for a crop, farmers must have produced that same crop for the past several years.
Question: The statements above, if true, best support which of the following conclusions?
A. The only solution to the problem of water pollution from fertilizers and pesticides is to take farmland out of production.
B. The rules for governmental support of farm prices work against efforts to reduce water pollution.
C. Farmers can continue to make a profit by rotating diverse crops, thus reducing costs for chemicals, but not by planting the same crop each year.
D. New farming techniques will be developed to make it possible for farmers to reduce the application of fertilizers and pesticides.
token:   The  prob:  0.6126222014427185  total_p:  0.9648537244647741
token:   **  prob:  0.33407458662986755  total_p:  0.9648537244647741
token:   <  prob:  0.018156936392188072  total_p:  0.9648537244647741
token:   Experts  prob:  0.4416620433330536  total_p:  0.7977326661348343
token:   To  prob:  0.2181241512298584  total_p:  0.7977326661348343
token:   It  prob:  0.1379464715719223  total_p:  0.7977326661348343
token:   It  prob:  0.619408905506134  total_p:  0.8992562517523766
token:   The  prob:  0.17382581532001495  total_p:  0.8992562517523766
token:   If  prob:  0.10602153092622757  total_p:  0.8992562517523766
token:  4  prob:  0.7503093481063843  total_p:  0.9156889319419861
token:  Given  prob:  0.08567669987678528  total_p:  0.9156889319419861
token:  Based  prob:  0.07970288395881653  total_p:  0.9156889319419861
token:   However  prob:  0.3132160007953644  total_p:  0.830238401889801
token:   It  prob:  0.26444846391677856  total_p:  0.830238401889801
token:   The  prob:  0.2525739371776581  total_p:  0.830238401889801
token:   It  prob:  0.520979642868042  total_p:  0.9203936904668808
token:   The  prob:  0.21808525919914246  total_p:  0.9203936904668808
token:   If  prob:  0.18132878839969635  total_p:  0.9203936904668808
token:   This  prob:  0.7708966732025146  total_p:  0.925106231123209
token:   "  prob:  0.09498586505651474  total_p:  0.925106231123209
token:   The  prob:  0.05922369286417961  total_p:  0.925106231123209
token:   The  prob:  0.35500356554985046  total_p:  0.84232097864151
token:   If  prob:  0.2688907980918884  total_p:  0.84232097864151
token:   Farmers  prob:  0.21842661499977112  total_p:  0.84232097864151
token:  Considering  prob:  0.2882187068462372  total_p:  0.6784254163503647
token:  After  prob:  0.21887412667274475  total_p:  0.6784254163503647
token:  Given  prob:  0.17133258283138275  total_p:  0.6784254163503647
token:   The  prob:  0.722743034362793  total_p:  0.9411654993891716
token:   It  prob:  0.11434473842382431  total_p:  0.9411654993891716
token:   If  prob:  0.10407772660255432  total_p:  0.9411654993891716
token:   The  prob:  0.5986202359199524  total_p:  0.8025836199522018
token:   While  prob:  0.20396338403224945  total_p:  0.8025836199522018
token:   While  prob:  0.4420115649700165  total_p:  0.9665312170982361
token:   This  prob:  0.26695364713668823  total_p:  0.9665312170982361
token:   The  prob:  0.25756600499153137  total_p:  0.9665312170982361
token:   This  prob:  0.4807857871055603  total_p:  0.8522883951663971
token:   While  prob:  0.3715026080608368  total_p:  0.8522883951663971
token:   While  prob:  0.39697277545928955  total_p:  0.7917844653129578
token:   The  prob:  0.3948116898536682  total_p:  0.7917844653129578
token:   This  prob:  0.5881785750389099  total_p:  0.800779365003109
token:   Therefore  prob:  0.11098316311836243  total_p:  0.800779365003109
token:   Thus  prob:  0.10161762684583664  total_p:  0.800779365003109
token:  Considering  prob:  0.23039765655994415  total_p:  0.45017796754837036
token:  Given  prob:  0.2197803109884262  total_p:  0.45017796754837036
token:  Considering  prob:  0.2331831455230713  total_p:  0.45103761553764343
token:  Given  prob:  0.21785447001457214  total_p:  0.45103761553764343
token:  Considering  prob:  0.25782710313796997  total_p:  0.631113663315773
token:  Given  prob:  0.24339494109153748  total_p:  0.631113663315773
token:  The  prob:  0.12989161908626556  total_p:  0.631113663315773
token:  Based  prob:  0.1880325824022293  total_p:  0.500209391117096
token:  Considering  prob:  0.15660716593265533  total_p:  0.500209391117096
token:  Given  prob:  0.1555696427822113  total_p:  0.500209391117096
usr_prompt:  Context: laboratory data. Although the original data in question have disappeared, data from K' s more recent experiments have been examined and clearly none of them were falsified. Ttherefore, the accusation should be dismissed.
Question: Which one of the following contains questionable reasoning that is most similar to that in the argument above?
A. L, an accountant, was charged with having embezzled funds from a client. The charge should be ignored, however, because although the records that might reveal this embezzlement have been destroyed, records of L's current clients show clearly that there has never been any embezzlement from them.
B. N, a social scientist, was charged with plagiarism. The charge is without foundation because although strong similarities between N's book and the work of another scholar have been discovered, the other scholar's work was written after N's work was published.
C. M, a factory supervisor, was accused of failing to enforce safety standards. This accusation should be discussed, because although the identity of the accuser was not revealed, a survey of factory personnel revealed that some violations of the standards have occurred.
D. P, a politician, has been accused of failing to protect the public interest. From at least some points of view, however, the accusation will undoubtedly be considered false, because there is clearly disagreement about where the public interest lies.
token:  Let  prob:  0.35094666481018066  total_p:  0.9249217808246613
token:  To  prob:  0.31602028012275696  total_p:  0.9249217808246613
token:  The  prob:  0.25795483589172363  total_p:  0.9249217808246613
token:  1  prob:  0.567033588886261  total_p:  0.9362434297800064
token:  -  prob:  0.191534623503685  total_p:  0.9362434297800064
token:  Original  prob:  0.17767521739006042  total_p:  0.9362434297800064
token:   This  prob:  0.6351655125617981  total_p:  0.9126458913087845
token:   The  prob:  0.20216679573059082  total_p:  0.9126458913087845
token:   

  prob:  0.07531358301639557  total_p:  0.9126458913087845
token:   This  prob:  0.7034658789634705  total_p:  0.9380525797605515
token:   The  prob:  0.234586700797081  total_p:  0.9380525797605515
token:   We  prob:  0.32786813378334045  total_p:  0.6360237002372742
token:   Option  prob:  0.24485988914966583  total_p:  0.6360237002372742
token:   Let  prob:  0.06329567730426788  total_p:  0.6360237002372742
token:  Now  prob:  0.29838424921035767  total_p:  0.6415393650531769
token:  We  prob:  0.1791042536497116  total_p:  0.6415393650531769
token:  This  prob:  0.1640508621931076  total_p:  0.6415393650531769
token:  Now  prob:  0.5904448628425598  total_p:  0.8887070417404175
token:  Let  prob:  0.254361629486084  total_p:  0.8887070417404175
token:  I  prob:  0.04390054941177368  total_p:  0.8887070417404175
token:  Now  prob:  0.4780742824077606  total_p:  0.8015851676464081
token:  Let  prob:  0.32351088523864746  total_p:  0.8015851676464081
token:   This  prob:  0.7227598428726196  total_p:  0.8690807521343231
token:   It  prob:  0.1463209092617035  total_p:  0.8690807521343231
token:  Therefore  prob:  0.2274058759212494  total_p:  0.6027183383703232
token:  Option  prob:  0.19952547550201416  total_p:  0.6027183383703232
token:  The  prob:  0.17578698694705963  total_p:  0.6027183383703232
token:  Now  prob:  0.6477068066596985  total_p:  0.8711635172367096
token:  Let  prob:  0.2234567105770111  total_p:  0.8711635172367096
token:  Option  prob:  0.7016671895980835  total_p:  0.8547970503568649
token:  The  prob:  0.15312986075878143  total_p:  0.8547970503568649
token:  Now  prob:  0.47619542479515076  total_p:  0.8191315606236458
token:  Let  prob:  0.26856157183647156  total_p:  0.8191315606236458
token:  A  prob:  0.07437456399202347  total_p:  0.8191315606236458
token:  Option  prob:  0.6972653269767761  total_p:  0.912476159632206
token:  A  prob:  0.14545559883117676  total_p:  0.912476159632206
token:  Let  prob:  0.06975523382425308  total_p:  0.912476159632206
token:   The  prob:  0.4276394546031952  total_p:  0.6570856273174286
token:   It  prob:  0.2294461727142334  total_p:  0.6570856273174286
token:  </  prob:  0.7055689096450806  total_p:  0.9155864715576172
token:  Option  prob:  0.12775026261806488  total_p:  0.9155864715576172
token:  The  prob:  0.08226729929447174  total_p:  0.9155864715576172
token:  Option  prob:  0.5484488010406494  total_p:  0.868572860956192
token:  The  prob:  0.3201240599155426  total_p:  0.868572860956192
token:  Option  prob:  0.5974950790405273  total_p:  0.769024446606636
token:  The  prob:  0.1715293675661087  total_p:  0.769024446606636
token:   It  prob:  0.475251168012619  total_p:  0.8999648690223694
token:   This  prob:  0.27520066499710083  total_p:  0.8999648690223694
token:   The  prob:  0.14951303601264954  total_p:  0.8999648690223694
token:  Option  prob:  0.3627077341079712  total_p:  0.776683546602726
token:  The  prob:  0.33522850275039673  total_p:  0.776683546602726
token:  Therefore  prob:  0.07874730974435806  total_p:  0.776683546602726
usr_prompt:  Context: Outsourcing is the practice of obtaining from an independent supplier a product or service that a company has previously provided for itself. Vernon, Inc. , a small manufacturing company that has in recent years experienced a decline in its profits, plans to boost its profits by outsourcing those parts of its business that independent suppliers can provide at lower cost than Vernon can itself.
Question: Which of the following, if true, most strongly supports the prediction that Vernon's plan will achieve its goal?
A. Vernon plans to select the independent suppliers it will use on the basis of submitted bids.
B. Relatively few manufacturers that start as independent suppliers have been able to expand their business and become direct competitors of the companies they once supplied.
C. Attending to certain tasks that Vernon performs relatively inefficiently has taken up much of the time and effort of top managers whose time would have been better spent attending to Vernon's core business.
D. Among the parts of its business that Vernon does not plan to outsource are some that require standards of accuracy too high for most independent suppliers to provide at lower cost than Vernon can.
token:  Let  prob:  0.5933392643928528  total_p:  0.9547496158629656
token:  To  prob:  0.3415283262729645  total_p:  0.9547496158629656
token:  We  prob:  0.019882025197148323  total_p:  0.9547496158629656
token:   This  prob:  0.4773648679256439  total_p:  0.9899072125554085
token:   Vernon  prob:  0.4531891942024231  total_p:  0.9899072125554085
token:   "  prob:  0.05935315042734146  total_p:  0.9899072125554085
token:  Considering  prob:  0.2588001787662506  total_p:  0.682612881064415
token:  Option  prob:  0.21858017146587372  total_p:  0.682612881064415
token:  After  prob:  0.20523253083229065  total_p:  0.682612881064415
usr_prompt:  Context: In a large residential building, there is a rule that no pets are allowed. A group of pet lovers tried to change that rule but failed. The rule-changing procedure outlined in the building' s regulations states that only if a group of tenants can obtain the signatures of 10 percent of the tenants on a petition to change a rule will the proposed change be put to a majority vote of all the tenants in the building. It follows that the pet lovers were voted down on their proposal by the majority of the tenants.
Question: The argument depends on which one of the following assumptions?
A. Ninety percent of the tenants are against changing the rule forbidding pets.
B. The pet lovers succeeded in obtaining the signatures of 10 percent of the tenants on their petition.
C. The signatures of less than 10 percent of the tenants were obtained on the pet lovers' petition.
D. The support of 10 percent of the tenants for a rule change ensures that the rule change will be adopted.
token:  The  prob:  0.5190032124519348  total_p:  0.9597481712698936
token:  1  prob:  0.36958301067352295  total_p:  0.9597481712698936
token:  -  prob:  0.07116194814443588  total_p:  0.9597481712698936
token:   

  prob:  0.36750563979148865  total_p:  0.7712683528661728
token:   The  prob:  0.3544731140136719  total_p:  0.7712683528661728
token:   This  prob:  0.04928959906101227  total_p:  0.7712683528661728
token:   The  prob:  0.5675310492515564  total_p:  0.8354483395814896
token:   If  prob:  0.1508743315935135  total_p:  0.8354483395814896
token:   Since  prob:  0.11704295873641968  total_p:  0.8354483395814896
token:   It  prob:  0.4526509642601013  total_p:  0.8736187592148781
token:   The  prob:  0.3495047986507416  total_p:  0.8736187592148781
token:   Even  prob:  0.07146299630403519  total_p:  0.8736187592148781
token:   If  prob:  0.2917615473270416  total_p:  0.6539711207151413
token:   However  prob:  0.2499331831932068  total_p:  0.6539711207151413
token:   But  prob:  0.11227639019489288  total_p:  0.6539711207151413
token:   Nin  prob:  0.7114419937133789  total_p:  0.9713800847530365
token:   This  prob:  0.1401395946741104  total_p:  0.9713800847530365
token:   "  prob:  0.11979849636554718  total_p:  0.9713800847530365
token:  Now  prob:  0.6084325313568115  total_p:  0.8022959381341934
token:  To  prob:  0.13064122200012207  total_p:  0.8022959381341934
token:  We  prob:  0.06322218477725983  total_p:  0.8022959381341934
token:  Given  prob:  0.2293914556503296  total_p:  0.6187503784894943
token:  The  prob:  0.21915380656719208  total_p:  0.6187503784894943
token:  Considering  prob:  0.17020511627197266  total_p:  0.6187503784894943
token:   Nin  prob:  0.6062230467796326  total_p:  0.9761432409286499
token:   This  prob:  0.28113484382629395  total_p:  0.9761432409286499
token:   "  prob:  0.08878535032272339  total_p:  0.9761432409286499
token:   The  prob:  0.6360912919044495  total_p:  0.9534731656312943
token:   It  prob:  0.17519140243530273  total_p:  0.9534731656312943
token:   Even  prob:  0.14219047129154205  total_p:  0.9534731656312943
token:   Nin  prob:  0.5625865459442139  total_p:  0.856252908706665
token:   This  prob:  0.29366636276245117  total_p:  0.856252908706665
token:   If  prob:  0.6189269423484802  total_p:  0.8329794853925705
token:   This  prob:  0.21405254304409027  total_p:  0.8329794853925705
token:   Getting  prob:  0.3004489541053772  total_p:  0.586647093296051
token:   The  prob:  0.28619813919067383  total_p:  0.586647093296051
token:  4  prob:  0.2697423994541168  total_p:  0.6101649552583694
token:  Given  prob:  0.2135898619890213  total_p:  0.6101649552583694
token:  The  prob:  0.12683269381523132  total_p:  0.6101649552583694
token:   This  prob:  0.5063790678977966  total_p:  0.912868358194828
token:   However  prob:  0.342652827501297  total_p:  0.912868358194828
token:   But  prob:  0.0638364627957344  total_p:  0.912868358194828
token:   This  prob:  0.4695163369178772  total_p:  0.8866837322711945
token:   If  prob:  0.41716739535331726  total_p:  0.8866837322711945
token:  Given  prob:  0.2844776213169098  total_p:  0.6269401758909225
token:  4  prob:  0.19609694182872772  total_p:  0.6269401758909225
token:  Considering  prob:  0.14636561274528503  total_p:  0.6269401758909225
token:   Therefore  prob:  0.4643116593360901  total_p:  0.851202666759491
token:   This  prob:  0.2794415354728699  total_p:  0.851202666759491
token:   Thus  prob:  0.107449471950531  total_p:  0.851202666759491
token:   Therefore  prob:  0.3629968762397766  total_p:  0.7246723771095276
token:   This  prob:  0.361675500869751  total_p:  0.7246723771095276
token:  Considering  prob:  0.20959660410881042  total_p:  0.5014620721340179
token:  Based  prob:  0.14834757149219513  total_p:  0.5014620721340179
token:  Given  prob:  0.1435178965330124  total_p:  0.5014620721340179
token:   This  prob:  0.30408725142478943  total_p:  0.8715967237949371
token:   If  prob:  0.29826030135154724  total_p:  0.8715967237949371
token:   It  prob:  0.26924917101860046  total_p:  0.8715967237949371
token:  4  prob:  0.2583560049533844  total_p:  0.6223769336938858
token:  Given  prob:  0.22674678266048431  total_p:  0.6223769336938858
token:  The  prob:  0.1372741460800171  total_p:  0.6223769336938858
token:   Therefore  prob:  0.554556131362915  total_p:  0.7087530344724655
token:   This  prob:  0.15419690310955048  total_p:  0.7087530344724655
token:   Without  prob:  0.4745766818523407  total_p:  0.7709374725818634
token:   This  prob:  0.18755227327346802  total_p:  0.7709374725818634
token:   

  prob:  0.10880851745605469  total_p:  0.7709374725818634
usr_prompt:  Context: According to current geological theory, the melting of ice at the end of the Ice Age significantly reduced the weight pressing on parts of the earth' s crust. As a result, lasting cracks in the earth' s crust appeared in some of those parts under the stress of pressure from below. At the end of the Ice Age Sweden was racked by severe earthquakes. Ttherefore, it is likely that the melting of the ice contributed to these earthquakes.
Question: Which one of the following, if true, most strengthens the argument above?
A. The earth's crust tends to crack whenever there is a sudden change in the pressures affecting it.
B. Severe earthquakes are generally caused by cracking of the earth's crust near the earthquake site.
C. Asteroid impacts, which did occur at the end of the Ice Age, generally cause severe earthquakes.
D. Evidence of severe earthquakes around the time of the end of the Ice Age can be found in parts of northern Canada.
token:  The  prob:  0.6199629902839661  total_p:  0.9648135453462601
token:  1  prob:  0.2860337495803833  total_p:  0.9648135453462601
token:  -  prob:  0.058816805481910706  total_p:  0.9648135453462601
token:  To  prob:  0.5309162735939026  total_p:  0.801478922367096
token:  Now  prob:  0.1940021812915802  total_p:  0.801478922367096
token:  We  prob:  0.07656046748161316  total_p:  0.801478922367096
token:  A  prob:  0.6527867913246155  total_p:  0.9089232534170151
token:  Option  prob:  0.1924569010734558  total_p:  0.9089232534170151
token:  -  prob:  0.06367956101894379  total_p:  0.9089232534170151
token:  Considering  prob:  0.35932785272598267  total_p:  0.697260171175003
token:  Option  prob:  0.18603356182575226  total_p:  0.697260171175003
token:  The  prob:  0.15189875662326813  total_p:  0.697260171175003
token:   Let  prob:  0.37350785732269287  total_p:  0.7925144135951996
token:   

  prob:  0.33248499035835266  total_p:  0.7925144135951996
token:   Here  prob:  0.08652156591415405  total_p:  0.7925144135951996
token:  Considering  prob:  0.28060516715049744  total_p:  0.6589976698160172
token:  Option  prob:  0.22653818130493164  total_p:  0.6589976698160172
token:  After  prob:  0.15185432136058807  total_p:  0.6589976698160172
token:   If  prob:  0.480998158454895  total_p:  0.9657387733459473
token:   It  prob:  0.40532469749450684  total_p:  0.9657387733459473
token:   This  prob:  0.07941591739654541  total_p:  0.9657387733459473
token:   This  prob:  0.4329290986061096  total_p:  0.7966404557228088
token:   While  prob:  0.3637113571166992  total_p:  0.7966404557228088
token:  The  prob:  0.2343517243862152  total_p:  0.5176542848348618
token:  Considering  prob:  0.150599405169487  total_p:  0.5176542848348618
token:  Given  prob:  0.13270315527915955  total_p:  0.5176542848348618
token:  The  prob:  0.23153077065944672  total_p:  0.5950644910335541
token:  Considering  prob:  0.18904922902584076  total_p:  0.5950644910335541
token:  Given  prob:  0.1744844913482666  total_p:  0.5950644910335541
token:  The  prob:  0.26499423384666443  total_p:  0.627090334892273
token:  Option  prob:  0.2361128181219101  total_p:  0.627090334892273
token:  Considering  prob:  0.12598328292369843  total_p:  0.627090334892273
usr_prompt:  Context: For years, Pleasanton was a commuter community to industries in Middleburg. The close of several factories in Middleburg has set in motion a wave of mortgage defaults: citizens of Pleasanton are foreclosing on their houses in significant numbers. Many of the mortgages were held by local banks, and these adversely affected banks have been under pressure from their boards to offset the banks' losses. One principal means to recoup these losses is for the banks to raise interest rates, including mortgage rates. If those owning property in Pleasanton continue to default on their mortgages, then the mortgage rates offered by these banks will continue to rise.
Question: Which of the following, if true, best supports the conclusion that mortgage rates in Pleasanton will continue to increase?
A. Many local businesses in Pleasanton, who were dependent on local residents employed in Middleburg, have been unable to pay the mortgage on the business properties they own.
B. Mortgage rates in Middleburg have been steadily increasing over the past year and analysts expect them to continue increasing for some time.
C. Many prospective homebuyers in the Pleasanton area, deterred by increased mortgage rates, have decided to purchase homes in other areas.
D. There are so few houses in Pleasanton that the banks cannot realize an economy of scale, making mortgage rates unrealistic for most potential homeowners.
token:   This  prob:  0.7532691359519958  total_p:  0.9305361099541187
token:   While  prob:  0.13603924214839935  total_p:  0.9305361099541187
token:   Middle  prob:  0.041227731853723526  total_p:  0.9305361099541187
token:   This  prob:  0.6003196239471436  total_p:  0.7613019496202469
token:   However  prob:  0.08916762471199036  total_p:  0.7613019496202469
token:   Lower  prob:  0.07181470096111298  total_p:  0.7613019496202469
token:  The  prob:  0.49528297781944275  total_p:  0.9239274114370346
token:  Option  prob:  0.40270066261291504  total_p:  0.9239274114370346
token:  E  prob:  0.02594377100467682  total_p:  0.9239274114370346
token:  The  prob:  0.5216599702835083  total_p:  0.9415993392467499
token:  Option  prob:  0.4199393689632416  total_p:  0.9415993392467499
token:   However  prob:  0.46645912528038025  total_p:  0.7019670456647873
token:   If  prob:  0.23550792038440704  total_p:  0.7019670456647873
usr_prompt:  Context: Cognitive psychologist: The majority of skilled artists are very creative people, and all people who are very creative are also good at abstract reasoning. However, not all skilled artists are famous. It follows that some people who are good at abstract reasoning are famous.
Question: The cognitive psychologist's conclusion follows logically if which one of the following is assumed?
A. Most skilled artists are good at abstract reasoning.
B. Most skilled artists are famous.
C. All people who are good at abstract reasoning are very creative.
D. Some skilled artists are not famous.
token:  Let  prob:  0.46715182065963745  total_p:  0.9580070450901985
token:  To  prob:  0.4110822379589081  total_p:  0.9580070450901985
token:  The  prob:  0.07977298647165298  total_p:  0.9580070450901985
token:  1  prob:  0.6067661046981812  total_p:  0.9411881864070892
token:  The  prob:  0.2663353383541107  total_p:  0.9411881864070892
token:  Prem  prob:  0.06808674335479736  total_p:  0.9411881864070892
token:   The  prob:  0.5701010823249817  total_p:  0.8581282272934914
token:   "  prob:  0.21829287707805634  total_p:  0.8581282272934914
token:   Prem  prob:  0.06973426789045334  total_p:  0.8581282272934914
token:   "  prob:  0.5015692710876465  total_p:  0.9295631498098373
token:   The  prob:  0.2998047471046448  total_p:  0.9295631498098373
token:   Conclusion  prob:  0.12818913161754608  total_p:  0.9295631498098373
token:   The  prob:  0.49490371346473694  total_p:  0.9241005480289459
token:   "  prob:  0.23827360570430756  total_p:  0.9241005480289459
token:   Most  prob:  0.19092322885990143  total_p:  0.9241005480289459
token:   Conclusion  prob:  0.7021958231925964  total_p:  0.9513960480690002
token:   The  prob:  0.12797744572162628  total_p:  0.9513960480690002
token:   Therefore  prob:  0.12122277915477753  total_p:  0.9513960480690002
token:  To  prob:  0.5185368061065674  total_p:  0.9247441664338112
token:  The  prob:  0.28712835907936096  total_p:  0.9247441664338112
token:  For  prob:  0.11907900124788284  total_p:  0.9247441664338112
token:   Most  prob:  0.6541471481323242  total_p:  0.9172449111938477
token:   The  prob:  0.26309776306152344  total_p:  0.9172449111938477
token:   Conclusion  prob:  0.5571904182434082  total_p:  0.9203640222549438
token:   Therefore  prob:  0.36317360401153564  total_p:  0.9203640222549438
token:  The  prob:  0.4139517545700073  total_p:  0.8670250326395035
token:  To  prob:  0.2418384701013565  total_p:  0.8670250326395035
token:  For  prob:  0.21123480796813965  total_p:  0.8670250326395035
token:  The  prob:  0.359186053276062  total_p:  0.8897491097450256
token:  To  prob:  0.27076610922813416  total_p:  0.8897491097450256
token:  We  prob:  0.25979694724082947  total_p:  0.8897491097450256
token:  To  prob:  0.3054003417491913  total_p:  0.7807445824146271
token:  For  prob:  0.24129819869995117  total_p:  0.7807445824146271
token:  The  prob:  0.23404604196548462  total_p:  0.7807445824146271
token:  To  prob:  0.5474373698234558  total_p:  0.8553404435515404
token:  We  prob:  0.20048761367797852  total_p:  0.8553404435515404
token:  The  prob:  0.10741546005010605  total_p:  0.8553404435515404
token:   To  prob:  0.4673459231853485  total_p:  0.8346957564353943
token:   For  prob:  0.3673498332500458  total_p:  0.8346957564353943
token:  Option  prob:  0.30190935730934143  total_p:  0.7172424644231796
token:  Let  prob:  0.28125324845314026  total_p:  0.7172424644231796
token:  Looking  prob:  0.13407985866069794  total_p:  0.7172424644231796
token:  Option  prob:  0.41235268115997314  total_p:  0.8861738070845604
token:  A  prob:  0.3544100821018219  total_p:  0.8861738070845604
token:  Let  prob:  0.11941104382276535  total_p:  0.8861738070845604
token:   Since  prob:  0.4800645709037781  total_p:  0.7939472869038582
token:   Given  prob:  0.20057044923305511  total_p:  0.7939472869038582
token:   If  prob:  0.113312266767025  total_p:  0.7939472869038582
token:  Thus  prob:  0.3059951364994049  total_p:  0.806555986404419
token:  Therefore  prob:  0.30390122532844543  total_p:  0.806555986404419
token:  The  prob:  0.1966596245765686  total_p:  0.806555986404419
token:  Let  prob:  0.6716693043708801  total_p:  0.8701320812106133
token:  Option  prob:  0.14556792378425598  total_p:  0.8701320812106133
token:  -  prob:  0.05289485305547714  total_p:  0.8701320812106133
token:   The  prob:  0.6188310980796814  total_p:  0.8841935247182846
token:   We  prob:  0.17465254664421082  total_p:  0.8841935247182846
token:   Even  prob:  0.0907098799943924  total_p:  0.8841935247182846
token:  Let  prob:  0.678360104560852  total_p:  0.8104262501001358
token:  Option  prob:  0.13206614553928375  total_p:  0.8104262501001358
token:   The  prob:  0.5545318126678467  total_p:  0.8956947326660156
token:   It  prob:  0.17503151297569275  total_p:  0.8956947326660156
token:   We  prob:  0.1661314070224762  total_p:  0.8956947326660156
token:  Option  prob:  0.4488767087459564  total_p:  0.7071173414587975
token:  -  prob:  0.15019063651561737  total_p:  0.7071173414587975
token:  Let  prob:  0.10804999619722366  total_p:  0.7071173414587975
token:  Thus  prob:  0.33548957109451294  total_p:  0.7728983014822006
token:  Therefore  prob:  0.2570924162864685  total_p:  0.7728983014822006
token:  The  prob:  0.18031631410121918  total_p:  0.7728983014822006
token:  The  prob:  0.4913579225540161  total_p:  0.8878829777240753
token:  Option  prob:  0.3965250551700592  total_p:  0.8878829777240753
token:   The  prob:  0.6064192056655884  total_p:  0.8676565885543823
token:   

  prob:  0.26123738288879395  total_p:  0.8676565885543823
token:  -  prob:  0.3145354390144348  total_p:  0.7546897977590561
token:  The  prob:  0.24287620186805725  total_p:  0.7546897977590561
token:  Prem  prob:  0.19727815687656403  total_p:  0.7546897977590561
token:   The  prob:  0.3680228292942047  total_p:  0.7244052812457085
token:   We  prob:  0.25580111145973206  total_p:  0.7244052812457085
token:   Let  prob:  0.1005813404917717  total_p:  0.7244052812457085
token:  Thus  prob:  0.30566319823265076  total_p:  0.7026848942041397
token:  Therefore  prob:  0.20373719930648804  total_p:  0.7026848942041397
token:  The  prob:  0.19328449666500092  total_p:  0.7026848942041397
token:  Looking  prob:  0.2622263431549072  total_p:  0.44107750058174133
token:  Let  prob:  0.1788511574268341  total_p:  0.44107750058174133
token:  D  prob:  0.5712543725967407  total_p:  0.8146539032459259
token:  C  prob:  0.24339953064918518  total_p:  0.8146539032459259
token:   For  prob:  0.3574577867984772  total_p:  0.6351048648357391
token:   To  prob:  0.27764707803726196  total_p:  0.6351048648357391
token:  Let  prob:  0.4666268527507782  total_p:  0.6332892030477524
token:  Now  prob:  0.16666235029697418  total_p:  0.6332892030477524
token:   This  prob:  0.6030732989311218  total_p:  0.8304940760135651
token:   Therefore  prob:  0.22742077708244324  total_p:  0.8304940760135651
token:  To  prob:  0.4623631238937378  total_p:  0.7828857004642487
token:  For  prob:  0.32052257657051086  total_p:  0.7828857004642487
token:   This  prob:  0.3669843077659607  total_p:  0.6165027916431427
token:   Since  prob:  0.249518483877182  total_p:  0.6165027916431427
token:  The  prob:  0.49638378620147705  total_p:  0.7457361966371536
token:  Option  prob:  0.24935241043567657  total_p:  0.7457361966371536
token:   We  prob:  0.43421247601509094  total_p:  0.8022511005401611
token:   It  prob:  0.3680386245250702  total_p:  0.8022511005401611
token:   We  prob:  0.4834632873535156  total_p:  0.8054910004138947
token:   The  prob:  0.32202771306037903  total_p:  0.8054910004138947
usr_prompt:  Context: The typological theory of species classification, which has few adherents today, distinguishes species solely on the basis of observable physical characteristics, such as plumage color, adult size, or dental structure. However, there are many so-called "sibling species, " which are indistinguishable on the basis of their appearance but cannot interbreed and thus, according to the mainstream biological theory of species classification, are separate species. Since the typological theory does not count sibling species as separate species, it is unacceptable.
Question: The reasoning in the argument is most vulnerable to criticism on the grounds that
A. the argument, in its attempt to refute one theory of species classification, presupposes the truth of an opposing theory
B. the argument confuses a necessary condition for species distinction with a sufficient condition for species distinction
C. the argument takes a single fact that is incompatible with a theory as enough to show that theory to be false
D. the argument does not explain why sibling species cannot interbreed
token:   **  prob:  0.5927049517631531  total_p:  0.9894819855690002
token:   The  prob:  0.3580034375190735  total_p:  0.9894819855690002
token:   <  prob:  0.03877359628677368  total_p:  0.9894819855690002
token:   However  prob:  0.6785128712654114  total_p:  0.9013293534517288
token:   It  prob:  0.1198715940117836  total_p:  0.9013293534517288
token:   The  prob:  0.10294488817453384  total_p:  0.9013293534517288
token:   The  prob:  0.45092424750328064  total_p:  0.7678520008921623
token:   This  prob:  0.21244609355926514  total_p:  0.7678520008921623
token:   Since  prob:  0.10448165982961655  total_p:  0.7678520008921623
token:   This  prob:  0.5659344792366028  total_p:  0.8051692992448807
token:   It  prob:  0.13711872696876526  total_p:  0.8051692992448807
token:   However  prob:  0.10211609303951263  total_p:  0.8051692992448807
token:   This  prob:  0.6652059555053711  total_p:  0.8634075112640858
token:   The  prob:  0.14274734258651733  total_p:  0.8634075112640858
token:   It  prob:  0.05545421317219734  total_p:  0.8634075112640858
token:   However  prob:  0.5627443790435791  total_p:  0.8791685104370117
token:   The  prob:  0.2084978073835373  total_p:  0.8791685104370117
token:   This  prob:  0.10792632400989532  total_p:  0.8791685104370117
token:  3  prob:  0.7678729891777039  total_p:  0.8495569601655006
token:  Let  prob:  0.08168397098779678  total_p:  0.8495569601655006
token:  Given  prob:  0.3516337275505066  total_p:  0.6938880831003189
token:  Considering  prob:  0.20735372602939606  total_p:  0.6938880831003189
token:  Based  prob:  0.13490062952041626  total_p:  0.6938880831003189
token:   This  prob:  0.6138248443603516  total_p:  0.9040992707014084
token:   However  prob:  0.15012270212173462  total_p:  0.9040992707014084
token:   The  prob:  0.1401517242193222  total_p:  0.9040992707014084
token:   The  prob:  0.6801365613937378  total_p:  0.848307978361845
token:   However  prob:  0.12388970702886581  total_p:  0.848307978361845
token:   But  prob:  0.04428170993924141  total_p:  0.848307978361845
token:  4  prob:  0.48886871337890625  total_p:  0.7740244641900063
token:  Given  prob:  0.1729949414730072  total_p:  0.7740244641900063
token:  Based  prob:  0.1121608093380928  total_p:  0.7740244641900063
token:   The  prob:  0.5099458694458008  total_p:  0.9055453240871429
token:   However  prob:  0.39559945464134216  total_p:  0.9055453240871429
token:   While  prob:  0.5367036461830139  total_p:  0.8281000256538391
token:   The  prob:  0.2913963794708252  total_p:  0.8281000256538391
token:   The  prob:  0.661360502243042  total_p:  0.804950088262558
token:   This  prob:  0.143589586019516  total_p:  0.804950088262558
token:   The  prob:  0.33874350786209106  total_p:  0.8697807341814041
token:   While  prob:  0.30359214544296265  total_p:  0.8697807341814041
token:   This  prob:  0.2274450808763504  total_p:  0.8697807341814041
token:   The  prob:  0.46537020802497864  total_p:  0.9076838493347168
token:   While  prob:  0.28867509961128235  total_p:  0.9076838493347168
token:   This  prob:  0.1536385416984558  total_p:  0.9076838493347168
token:   The  prob:  0.5368280410766602  total_p:  0.9226327240467072
token:   This  prob:  0.25780096650123596  total_p:  0.9226327240467072
token:   While  prob:  0.12800371646881104  total_p:  0.9226327240467072
token:   This  prob:  0.529784619808197  total_p:  0.8751533776521683
token:   The  prob:  0.2240200787782669  total_p:  0.8751533776521683
token:   However  prob:  0.12134867906570435  total_p:  0.8751533776521683
token:   This  prob:  0.5154235363006592  total_p:  0.9222669005393982
token:   It  prob:  0.406843364238739  total_p:  0.9222669005393982
usr_prompt:  Context: Explanation must be distinguished from justification. Every human action potentially has an explanation; that is, with sufficient knowledge it would be possible to give an accurate description of the causes of that action. An action is justified only when the person performing the action has sufficient reasons for the action. According to many psychologists, even when there is a justification for an action, that justification often forms no part of the explanation. The general principle, however, is that only an action whose justification, that is, the reasons for the action, forms an essential part of its explanation is rational.
Question: If the statements in the passage are correct, which one of the following can be properly concluded from them?
A. There are actions whose causes cannot be discovered.
B. Some psychologists believe that the justification for an action never forms an essential part of its explanation.
C. If any human actions are rational, then reasons must sometimes be causes of actions.
D. If there are any reasons among the causes of an action, then that action is rational.
token:   **  prob:  0.5858336091041565  total_p:  0.90010641887784
token:   The  prob:  0.255197674036026  total_p:  0.90010641887784
token:   Every  prob:  0.05907513573765755  total_p:  0.90010641887784
token:   Therefore  prob:  0.37645164132118225  total_p:  0.7107567191123962
token:   This  prob:  0.2116779386997223  total_p:  0.7107567191123962
token:   Thus  prob:  0.1226271390914917  total_p:  0.7107567191123962
token:   A  prob:  0.2932521402835846  total_p:  0.7261428534984589
token:   Rational  prob:  0.23542986810207367  total_p:  0.7261428534984589
token:   For  prob:  0.1974608451128006  total_p:  0.7261428534984589
token:   "  prob:  0.6048428416252136  total_p:  0.8230608552694321
token:   There  prob:  0.21821801364421844  total_p:  0.8230608552694321
token:   Therefore  prob:  0.4553871154785156  total_p:  0.8851589113473892
token:   This  prob:  0.2923385500907898  total_p:  0.8851589113473892
token:   Thus  prob:  0.1374332457780838  total_p:  0.8851589113473892
token:   This  prob:  0.407251238822937  total_p:  0.6830325722694397
token:   Therefore  prob:  0.2757813334465027  total_p:  0.6830325722694397
token:   Therefore  prob:  0.27514031529426575  total_p:  0.7072232812643051
token:   Hence  prob:  0.22292889654636383  total_p:  0.7072232812643051
token:   Thus  prob:  0.20915406942367554  total_p:  0.7072232812643051
token:   This  prob:  0.471564382314682  total_p:  0.7307343855500221
token:   However  prob:  0.14134915173053741  total_p:  0.7307343855500221
token:   Therefore  prob:  0.1178208515048027  total_p:  0.7307343855500221
token:   This  prob:  0.6067239046096802  total_p:  0.8264651745557785
token:   However  prob:  0.12046822905540466  total_p:  0.8264651745557785
token:   The  prob:  0.09927304089069366  total_p:  0.8264651745557785
token:   It  prob:  0.1864914447069168  total_p:  0.5343213230371475
token:   This  prob:  0.18075819313526154  total_p:  0.5343213230371475
token:   Just  prob:  0.16707168519496918  total_p:  0.5343213230371475
token:   This  prob:  0.4442965090274811  total_p:  0.697789192199707
token:   Therefore  prob:  0.25349268317222595  total_p:  0.697789192199707
token:  <  prob:  0.26497092843055725  total_p:  0.468151718378067
token:  Based  prob:  0.20318078994750977  total_p:  0.468151718378067
token:   This  prob:  0.297089159488678  total_p:  0.6735590174794197
token:   Having  prob:  0.28348010778427124  total_p:  0.6735590174794197
token:   Just  prob:  0.09298975020647049  total_p:  0.6735590174794197
token:  Based  prob:  0.2756190896034241  total_p:  0.6516597121953964
token:  After  prob:  0.2665477693080902  total_p:  0.6516597121953964
token:  Given  prob:  0.10949285328388214  total_p:  0.6516597121953964
token:   However  prob:  0.35197222232818604  total_p:  0.5904230624437332
token:   This  prob:  0.23845084011554718  total_p:  0.5904230624437332
token:   Therefore  prob:  0.29943400621414185  total_p:  0.6953064650297165
token:   This  prob:  0.22685173153877258  total_p:  0.6953064650297165
token:   Hence  prob:  0.16902072727680206  total_p:  0.6953064650297165
token:   This  prob:  0.3090391755104065  total_p:  0.5342287719249725
token:   It  prob:  0.1155308336019516  total_p:  0.5342287719249725
token:   The  prob:  0.10965876281261444  total_p:  0.5342287719249725
token:   This  prob:  0.628736674785614  total_p:  0.767304316163063
token:   Therefore  prob:  0.13856764137744904  total_p:  0.767304316163063
token:   This  prob:  0.26247620582580566  total_p:  0.7420308291912079
token:   Thus  prob:  0.24876734614372253  total_p:  0.7420308291912079
token:   Therefore  prob:  0.2307872772216797  total_p:  0.7420308291912079
token:   This  prob:  0.3149932622909546  total_p:  0.7057327330112457
token:   Therefore  prob:  0.22130271792411804  total_p:  0.7057327330112457
token:   If  prob:  0.1694367527961731  total_p:  0.7057327330112457
token:  Based  prob:  0.2626919150352478  total_p:  0.5939172506332397
token:  After  prob:  0.1781352013349533  total_p:  0.5939172506332397
token:  Given  prob:  0.15309013426303864  total_p:  0.5939172506332397
token:   This  prob:  0.5961992144584656  total_p:  0.8021414950489998
token:   Therefore  prob:  0.11688581109046936  total_p:  0.8021414950489998
token:   However  prob:  0.08905646950006485  total_p:  0.8021414950489998
token:   This  prob:  0.3344841003417969  total_p:  0.5490278974175453
token:   The  prob:  0.10839718580245972  total_p:  0.5490278974175453
token:   Having  prob:  0.10614661127328873  total_p:  0.5490278974175453
token:   This  prob:  0.45853981375694275  total_p:  0.865444041788578
token:   Therefore  prob:  0.3039168417453766  total_p:  0.865444041788578
token:   Hence  prob:  0.1029873862862587  total_p:  0.865444041788578
token:  After  prob:  0.25728148221969604  total_p:  0.5022526234388351
token:  Based  prob:  0.2449711412191391  total_p:  0.5022526234388351
token:  Given  prob:  0.213413268327713  total_p:  0.607586994767189
token:  Considering  prob:  0.21204346418380737  total_p:  0.607586994767189
token:  Based  prob:  0.18213026225566864  total_p:  0.607586994767189
token:   This  prob:  0.37726449966430664  total_p:  0.6005818620324135
token:   Having  prob:  0.12303616851568222  total_p:  0.6005818620324135
token:   Mer  prob:  0.10028119385242462  total_p:  0.6005818620324135
token:  Based  prob:  0.2613120675086975  total_p:  0.6454985588788986
token:  <  prob:  0.2579295039176941  total_p:  0.6454985588788986
token:  After  prob:  0.12625698745250702  total_p:  0.6454985588788986
token:  Based  prob:  0.25952839851379395  total_p:  0.529804490506649
token:  After  prob:  0.15460450947284698  total_p:  0.529804490506649
token:  Given  prob:  0.11567158252000809  total_p:  0.529804490506649
token:   Therefore  prob:  0.6252849698066711  total_p:  0.8736124336719513
token:   This  prob:  0.13476131856441498  total_p:  0.8736124336719513
token:   Thus  prob:  0.11356614530086517  total_p:  0.8736124336719513
token:  Based  prob:  0.2731122672557831  total_p:  0.5928269028663635
token:  <  prob:  0.16616295278072357  total_p:  0.5928269028663635
token:  After  prob:  0.15355168282985687  total_p:  0.5928269028663635
usr_prompt:  Context: The television network' s advertisement for its new medical drama grossly misrepresents what that program is like. Thus, it will not as effectively attract the sort of viewers likely to continue watching the program as would the advertisement that the program' s producers favored; people who tune in to the first episode based on false expectations will be unlikely to watch subsequent episodes.
Question: The argument relies on which one of the following assumptions?
A. Most viewers who tune in to the first episode of the program will do so because of the network's advertisement for the program.
B. Most people who tune in to the first episode of the program and become loyal viewers will not have tuned in to the first episode as a result of the network's advertisement for the program.
C. If the advertisement that the program's producers favored were used instead of the network's advertisement, almost all of the viewers who tuned in to the first episode would tune in to subsequent episodes as well.
D. The advertisement that the program's producers favored would not have grossly misrepresented what the program would be like.
token:  To  prob:  0.5742539167404175  total_p:  0.9032401964068413
token:  Let  prob:  0.22059541940689087  total_p:  0.9032401964068413
token:  The  prob:  0.10839086025953293  total_p:  0.9032401964068413
token:   We  prob:  0.5284199118614197  total_p:  0.872021522372961
token:   The  prob:  0.289043664932251  total_p:  0.872021522372961
token:   It  prob:  0.05455794557929039  total_p:  0.872021522372961
token:   It  prob:  0.7114255428314209  total_p:  0.8424817249178886
token:   This  prob:  0.08788548409938812  total_p:  0.8424817249178886
token:   As  prob:  0.04317069798707962  total_p:  0.8424817249178886
token:   The  prob:  0.7286102771759033  total_p:  0.8839369416236877
token:   It  prob:  0.15532666444778442  total_p:  0.8839369416236877
token:   Contr  prob:  0.29578450322151184  total_p:  0.5892431139945984
token:   States  prob:  0.29345861077308655  total_p:  0.5892431139945984
token:  A  prob:  0.33158716559410095  total_p:  0.7516266703605652
token:  Option  prob:  0.22483861446380615  total_p:  0.7516266703605652
token:  Let  prob:  0.19520089030265808  total_p:  0.7516266703605652
token:   We  prob:  0.5097635984420776  total_p:  0.7801012396812439
token:   The  prob:  0.27033764123916626  total_p:  0.7801012396812439
token:   If  prob:  0.3703293204307556  total_p:  0.7131534516811371
token:   While  prob:  0.34282413125038147  total_p:  0.7131534516811371
token:   While  prob:  0.6262804865837097  total_p:  0.9267808049917221
token:   This  prob:  0.2090192288160324  total_p:  0.9267808049917221
token:   If  prob:  0.09148108959197998  total_p:  0.9267808049917221
token:   If  prob:  0.3834710121154785  total_p:  0.792893186211586
token:   This  prob:  0.2260669618844986  total_p:  0.792893186211586
token:   While  prob:  0.1833552122116089  total_p:  0.792893186211586
token:  The  prob:  0.45461753010749817  total_p:  0.9129761308431625
token:  Option  prob:  0.39720800518989563  total_p:  0.9129761308431625
token:  Given  prob:  0.06115059554576874  total_p:  0.9129761308431625
token:   The  prob:  0.6449951529502869  total_p:  0.8797884732484818
token:   While  prob:  0.12407112121582031  total_p:  0.8797884732484818
token:   However  prob:  0.11072219908237457  total_p:  0.8797884732484818
token:   It  prob:  0.28296366333961487  total_p:  0.6326565146446228
token:   This  prob:  0.20294448733329773  total_p:  0.6326565146446228
token:   The  prob:  0.1467483639717102  total_p:  0.6326565146446228
token:   While  prob:  0.47274166345596313  total_p:  0.8980884552001953
token:   However  prob:  0.4253467917442322  total_p:  0.8980884552001953
token:   If  prob:  0.5118066072463989  total_p:  0.9897327646613121
token:   The  prob:  0.35487261414527893  total_p:  0.9897327646613121
token:   For  prob:  0.12305354326963425  total_p:  0.9897327646613121
token:  The  prob:  0.5002233386039734  total_p:  0.9219906330108643
token:  Option  prob:  0.42176729440689087  total_p:  0.9219906330108643
token:  The  prob:  0.39970967173576355  total_p:  0.5756048485636711
token:  After  prob:  0.09920075535774231  total_p:  0.5756048485636711
token:  Option  prob:  0.07669442147016525  total_p:  0.5756048485636711
token:   Therefore  prob:  0.28035759925842285  total_p:  0.6913208365440369
token:   The  prob:  0.2532631456851959  total_p:  0.6913208365440369
token:   This  prob:  0.1577000916004181  total_p:  0.6913208365440369
token:  The  prob:  0.2550514042377472  total_p:  0.6829234510660172
token:  </  prob:  0.22542709112167358  total_p:  0.6829234510660172
token:  Therefore  prob:  0.20244495570659637  total_p:  0.6829234510660172
token:   The  prob:  0.42052897810935974  total_p:  0.8998303860425949
token:   While  prob:  0.2596641480922699  total_p:  0.8998303860425949
token:   However  prob:  0.21963725984096527  total_p:  0.8998303860425949
token:   However  prob:  0.40896397829055786  total_p:  0.6825727224349976
token:   While  prob:  0.2736087441444397  total_p:  0.6825727224349976
usr_prompt:  Context: One year ago a local government initiated an antismoking advertising campaign in local newspapers, which it financed by imposing a tax on cigarettes of 20 cents per pack. One year later, the number of people in the locality who smoke cigarettes had declined by 3 percent. Clearly, what was said in the advertisements had an effect, although a small one, on the number of people in the locality who smoke cigarettes.
Question: Which one of the following, if true, most helps to strengthen the argument?
A. Merchants in the locality responded to the local tax by reducing the price at which they sold cigarettes by 20 cents per pack.
B. A substantial number of cigarette smokers in the locality who did not quit smoking during the campaign now smoke less than they did before it began.
C. Smokers in the locality had incomes that on average were 25 percent lower than those of nonsmokers.
D. Residents of the locality have not increased their use of other tobacco products such as snuff and chewing tobacco since the campaign went into effect.
token:  To  prob:  0.7144427299499512  total_p:  0.9502122327685356
token:  Let  prob:  0.1438307911157608  total_p:  0.9502122327685356
token:  The  prob:  0.09193871170282364  total_p:  0.9502122327685356
token:  Option  prob:  0.4645436704158783  total_p:  0.7974613606929779
token:  The  prob:  0.19757553935050964  total_p:  0.7974613606929779
token:  Among  prob:  0.13534215092658997  total_p:  0.7974613606929779
token:  Option  prob:  0.5241623520851135  total_p:  0.806630052626133
token:  The  prob:  0.18919451534748077  total_p:  0.806630052626133
token:  Among  prob:  0.09327318519353867  total_p:  0.806630052626133
usr_prompt:  Context: The construction of new apartments in Brewsterville increased the supply of available housing there. Ordinarily, increasing the supply of available housing leads to lower rents for existing apartments. But in Brewsterville, rents for existing apartments rose.
Question: Which one of the following, if true, most helps to explain the discrepancy described above?
A. The new apartments were much more desirable than the existing apartments.
B. Rents in some areas close to Brewsterville dropped as a result of the construction of the new apartments .
C. A sizeable number of people moved out of the existing apartments while the new apartments were being constructed.
D. The new apartments were constructed at the outset of a trend of increasing numbers of people seeking residence in Brewsterville .
token:  To  prob:  0.6120331287384033  total_p:  0.9497548826038837
token:  Let  prob:  0.29014360904693604  total_p:  0.9497548826038837
token:  The  prob:  0.04757814481854439  total_p:  0.9497548826038837
token:   Let  prob:  0.7135105729103088  total_p:  0.9528570529073477
token:   We  prob:  0.21743375062942505  total_p:  0.9528570529073477
token:   

  prob:  0.021912729367613792  total_p:  0.9528570529073477
token:   

  prob:  0.3423325717449188  total_p:  0.7461643368005753
token:   We  prob:  0.29959237575531006  total_p:  0.7461643368005753
token:   This  prob:  0.10423938930034637  total_p:  0.7461643368005753
token:  A  prob:  0.619641900062561  total_p:  0.8280273675918579
token:  Option  prob:  0.20838546752929688  total_p:  0.8280273675918579
token:   However  prob:  0.4974246323108673  total_p:  0.9326960444450378
token:   This  prob:  0.43527141213417053  total_p:  0.9326960444450378
token:   This  prob:  0.6786167621612549  total_p:  0.8756175637245178
token:   If  prob:  0.19700080156326294  total_p:  0.8756175637245178
token:   While  prob:  0.3456575870513916  total_p:  0.8009269088506699
token:   However  prob:  0.24074794352054596  total_p:  0.8009269088506699
token:   If  prob:  0.2145213782787323  total_p:  0.8009269088506699
token:   The  prob:  0.5294581055641174  total_p:  0.8944542706012726
token:   This  prob:  0.36499616503715515  total_p:  0.8944542706012726
token:  Option  prob:  0.6344245076179504  total_p:  0.8661061748862267
token:  The  prob:  0.14525826275348663  total_p:  0.8661061748862267
token:  Considering  prob:  0.08642340451478958  total_p:  0.8661061748862267
token:  The  prob:  0.3756409287452698  total_p:  0.8103481307625771
token:  Option  prob:  0.3204990327358246  total_p:  0.8103481307625771
token:  Considering  prob:  0.1142081692814827  total_p:  0.8103481307625771
token:  The  prob:  0.31181246042251587  total_p:  0.7034027725458145
token:  Considering  prob:  0.21064630150794983  total_p:  0.7034027725458145
token:  Given  prob:  0.18094401061534882  total_p:  0.7034027725458145
token:  Both  prob:  0.26430806517601013  total_p:  0.7214553356170654
token:  Option  prob:  0.2628836929798126  total_p:  0.7214553356170654
token:  Options  prob:  0.19426357746124268  total_p:  0.7214553356170654
token:  Option  prob:  0.3854437470436096  total_p:  0.719059020280838
token:  Considering  prob:  0.1894359439611435  total_p:  0.719059020280838
token:  The  prob:  0.1441793292760849  total_p:  0.719059020280838
token:   However  prob:  0.549495279788971  total_p:  0.8025901690125465
token:   This  prob:  0.15290863811969757  total_p:  0.8025901690125465
token:   People  prob:  0.10018625110387802  total_p:  0.8025901690125465
token:   If  prob:  0.49567270278930664  total_p:  0.9848124831914902
token:   This  prob:  0.2932403087615967  total_p:  0.9848124831914902
token:   While  prob:  0.19589947164058685  total_p:  0.9848124831914902
token:  Among  prob:  0.22179223597049713  total_p:  0.4071461707353592
token:  Considering  prob:  0.18535393476486206  total_p:  0.4071461707353592
usr_prompt:  Context: Jessica: The budget surplus should be used only to increase government payments to those who are unemployed. Marcie: A better use of the money would be for a public works project that would create jobs.
Question: On the basis of their statements, Jessica and Marcie are committed to disagreeing about the truth of which one of the following?
A. There is a better way to use the budget surplus than increasing government payments to those who are unemployed.
B. Using the budget surplus to increase government payments to those who are unemployed is putting the money to good use.
C. The public deserves to have jobs created when there are many people who are unemployed.
D. Creating jobs through a public works project will ultimately benefit the public.
token:  -  prob:  0.4382175803184509  total_p:  0.9997792989015579
token:  1  prob:  0.32593217492103577  total_p:  0.9997792989015579
token:  Jessica  prob:  0.23562954366207123  total_p:  0.9997792989015579
token:  Now  prob:  0.4262601137161255  total_p:  0.772585891187191
token:  From  prob:  0.2509024739265442  total_p:  0.772585891187191
token:  The  prob:  0.09542330354452133  total_p:  0.772585891187191
token:   This  prob:  0.7081654071807861  total_p:  0.8471505343914032
token:   They  prob:  0.09032604843378067  total_p:  0.8471505343914032
token:   However  prob:  0.048659078776836395  total_p:  0.8471505343914032
token:   Jessica  prob:  0.25558727979660034  total_p:  0.6235805451869965
token:   Marc  prob:  0.20894671976566315  total_p:  0.6235805451869965
token:   Specifically  prob:  0.15904654562473297  total_p:  0.6235805451869965
token:   Jessica  prob:  0.630074143409729  total_p:  0.7956309616565704
token:   Marc  prob:  0.16555681824684143  total_p:  0.7956309616565704
token:   

  prob:  0.371317058801651  total_p:  0.8174029290676117
token:   This  prob:  0.31166452169418335  total_p:  0.8174029290676117
token:   Let  prob:  0.13442134857177734  total_p:  0.8174029290676117
token:   Marc  prob:  0.5791566371917725  total_p:  0.9028261229395866
token:   This  prob:  0.2683447301387787  total_p:  0.9028261229395866
token:   While  prob:  0.05532475560903549  total_p:  0.9028261229395866
token:   Jessica  prob:  0.6886734962463379  total_p:  0.954249233007431
token:   This  prob:  0.21097226440906525  total_p:  0.954249233007431
token:   Both  prob:  0.05460347235202789  total_p:  0.954249233007431
token:  The  prob:  0.7279395461082458  total_p:  0.9046056568622589
token:  Option  prob:  0.17666611075401306  total_p:  0.9046056568622589
token:   This  prob:  0.3356072008609772  total_p:  0.7255708873271942
token:   While  prob:  0.2276248037815094  total_p:  0.7255708873271942
token:   However  prob:  0.16233888268470764  total_p:  0.7255708873271942
token:   This  prob:  0.5273816585540771  total_p:  0.8593354821205139
token:   Both  prob:  0.33195382356643677  total_p:  0.8593354821205139
token:   This  prob:  0.3812219500541687  total_p:  0.8391284942626953
token:   Jessica  prob:  0.32360613346099854  total_p:  0.8391284942626953
token:   Both  prob:  0.13430041074752808  total_p:  0.8391284942626953
token:   Both  prob:  0.5686355829238892  total_p:  0.7847186326980591
token:   While  prob:  0.21608304977416992  total_p:  0.7847186326980591
token:      prob:  0.4753578305244446  total_p:  0.9162229597568512
token:  -  prob:  0.4408651292324066  total_p:  0.9162229597568512
token:  The  prob:  0.5323554873466492  total_p:  0.9433358311653137
token:  Option  prob:  0.41098034381866455  total_p:  0.9433358311653137
token:  The  prob:  0.5680872201919556  total_p:  0.8448352217674255
token:  Option  prob:  0.27674800157546997  total_p:  0.8448352217674255
token:   They  prob:  0.478312224149704  total_p:  0.7235020622611046
token:   Jessica  prob:  0.153963103890419  total_p:  0.7235020622611046
token:   Both  prob:  0.0912267342209816  total_p:  0.7235020622611046
token:   This  prob:  0.6568630933761597  total_p:  0.8219067305326462
token:   Both  prob:  0.1650436371564865  total_p:  0.8219067305326462
token:   This  prob:  0.5787321329116821  total_p:  0.9500299543142319
token:   Both  prob:  0.24112585186958313  total_p:  0.9500299543142319
token:   Marc  prob:  0.1301719695329666  total_p:  0.9500299543142319
token:   This  prob:  0.4768230617046356  total_p:  0.9016614854335785
token:   Marc  prob:  0.42483842372894287  total_p:  0.9016614854335785
token:  The  prob:  0.4841800928115845  total_p:  0.6326549649238586
token:  Given  prob:  0.14847487211227417  total_p:  0.6326549649238586
token:  The  prob:  0.3305306136608124  total_p:  0.5076656490564346
token:  Based  prob:  0.17713503539562225  total_p:  0.5076656490564346
token:  The  prob:  0.5723592638969421  total_p:  0.7970884069800377
token:  Option  prob:  0.15005367994308472  total_p:  0.7970884069800377
token:  Based  prob:  0.07467546314001083  total_p:  0.7970884069800377
token:  The  prob:  0.45331329107284546  total_p:  0.733904205262661
token:  Option  prob:  0.19877661764621735  total_p:  0.733904205262661
token:  Based  prob:  0.08181429654359818  total_p:  0.733904205262661
token:   Marc  prob:  0.45143187046051025  total_p:  0.8652602136135101
token:   While  prob:  0.4138283431529999  total_p:  0.8652602136135101
usr_prompt:  Context: Internet users justifiably fear identity fraud and other online crimes. The attribute that most Internet crimes have in common is anonymity. Criminals hide behind screen names when perpetrating their crimes and feel safe from apprehension and punishment in doing so because other Internet users cannot learn their true identities, and jurisdictional and budget issues make it difficult for law enforcement agencies to enforce existing laws. Clearly, the only way to reduce such crime in the future is to create a system that requires Internet users to provide their true identities and full contact information in a way that is visible to all other users.
Question: The flawed pattern of reasoning in the argument above is most similar to which of the following?
A. Crimes involving deception are on the increase at the same time that crimes of violence seem to be decreasing. Law enforcement techniques in the past have focused primarily on the prevention and detection of violent crime. However, it is now clear that new techniques are required to combat crimes such as Internet fraud. Law enforcement agencies will have to focus on recruiting, hiring, and training a larger proportion of computer literate officers if they hope to keep up with modern criminals.
B. Most states carefully regulate the possession of exotic wild animals as pets. Specially trained officers often raid illicit breeding operations and seize proscribed animals such as chimpanzees and tigers. Although these species are capable of becoming dangerous, individuals are still drawn to them as pets. The fact that their possession is unlawful is an inadequate deterrent. Since prohibitions on ownership are clearly not eliminating the black market in exotic species, the focus should turn to education of the public regarding the dangers of such pets.
C. Wildlife biologists report that the population of the Northern Rock Fish is reaching dangerously low levels. The decrease in population is attributed to over fishing by unethical anglers who ignore laws regulating the size and number of the species that may be taken from rivers and streams. Poachers know that there are insufficient numbers of enforcement officers to create a credible threat of apprehension. It is obvious to authorities that the only way to save the species is to implement a total ban on the fishing of Northern Rock Fish immediately.
D. When surveyed in prison, the majority of convicted violent criminals report that they have made decisions during their criminal careers to avoid at least one potential victim because of fears that the potential victim might be armed. Even when the criminals themselves are armed, they tend to prefer unarmed victims. Add to this the fact that statistics reveal that complete bans on private weapons in some jurisdictions have failed to eliminate violent crime and the fact that many jurisdictions with a high proportion of private weapon ownership enjoy a very low crime rate, and one may conclude that public policy should favor the private ownership of weapons.
token:   The  prob:  0.469929963350296  total_p:  0.9454161375761032
token:   This  prob:  0.30673500895500183  total_p:  0.9454161375761032
token:   It  prob:  0.16875116527080536  total_p:  0.9454161375761032
token:   It  prob:  0.7013487219810486  total_p:  0.93694718927145
token:   While  prob:  0.15116091072559357  total_p:  0.93694718927145
token:   The  prob:  0.08443755656480789  total_p:  0.93694718927145
token:   

  prob:  0.39518478512763977  total_p:  0.8312818259000778
token:   Now  prob:  0.29091840982437134  total_p:  0.8312818259000778
token:   We  prob:  0.1451786309480667  total_p:  0.8312818259000778
token:   This  prob:  0.40846261382102966  total_p:  0.7269472032785416
token:   Now  prob:  0.2083180993795395  total_p:  0.7269472032785416
token:   We  prob:  0.11016649007797241  total_p:  0.7269472032785416
token:   It  prob:  0.3948359191417694  total_p:  0.8163217306137085
token:   While  prob:  0.23841454088687897  total_p:  0.8163217306137085
token:   This  prob:  0.18307127058506012  total_p:  0.8163217306137085
token:   

  prob:  0.43176329135894775  total_p:  0.6583389043807983
token:   Now  prob:  0.12494194507598877  total_p:  0.6583389043807983
token:   Let  prob:  0.10163366794586182  total_p:  0.6583389043807983
token:   This  prob:  0.2693886160850525  total_p:  0.7165424227714539
token:   Like  prob:  0.22854430973529816  total_p:  0.7165424227714539
token:   It  prob:  0.2186094969511032  total_p:  0.7165424227714539
token:   It  prob:  0.5537053346633911  total_p:  0.7776032537221909
token:   This  prob:  0.1266365796327591  total_p:  0.7776032537221909
token:   Similar  prob:  0.09726133942604065  total_p:  0.7776032537221909
token:  A  prob:  0.5304775238037109  total_p:  0.9495694935321808
token:  Option  prob:  0.41909196972846985  total_p:  0.9495694935321808
token:   This  prob:  0.4748274087905884  total_p:  0.8140302300453186
token:   However  prob:  0.3392028212547302  total_p:  0.8140302300453186
token:   It  prob:  0.4254744052886963  total_p:  0.7369178831577301
token:   This  prob:  0.3114434778690338  total_p:  0.7369178831577301
token:   This  prob:  0.6757993102073669  total_p:  0.9374638497829437
token:   It  prob:  0.1784011572599411  total_p:  0.9374638497829437
token:   The  prob:  0.08326338231563568  total_p:  0.9374638497829437
token:   This  prob:  0.4289683699607849  total_p:  0.695757657289505
token:   It  prob:  0.2667892873287201  total_p:  0.695757657289505
token:   It  prob:  0.5283233523368835  total_p:  0.8434099853038788
token:   While  prob:  0.31508663296699524  total_p:  0.8434099853038788
token:   It  prob:  0.5460010766983032  total_p:  0.8181275725364685
token:   

  prob:  0.2721264958381653  total_p:  0.8181275725364685
token:  The  prob:  0.465737521648407  total_p:  0.8277596533298492
token:  Option  prob:  0.36202213168144226  total_p:  0.8277596533298492
token:  Option  prob:  0.4522896111011505  total_p:  0.8989331722259521
token:  The  prob:  0.44664356112480164  total_p:  0.8989331722259521
token:  Option  prob:  0.31093356013298035  total_p:  0.6822312325239182
token:  The  prob:  0.28141289949417114  total_p:  0.6822312325239182
token:  Therefore  prob:  0.08988477289676666  total_p:  0.6822312325239182
token:  The  prob:  0.3959406018257141  total_p:  0.6787765622138977
token:  Option  prob:  0.2828359603881836  total_p:  0.6787765622138977
token:  The  prob:  0.36285504698753357  total_p:  0.7117434740066528
token:  Option  prob:  0.34888842701911926  total_p:  0.7117434740066528
token:  Option  prob:  0.4516662657260895  total_p:  0.794530838727951
token:  The  prob:  0.3428645730018616  total_p:  0.794530838727951
token:  Option  prob:  0.6121628284454346  total_p:  0.8869942426681519
token:  The  prob:  0.2748314142227173  total_p:  0.8869942426681519
token:  Option  prob:  0.5660738945007324  total_p:  0.8635227680206299
token:  The  prob:  0.29744887351989746  total_p:  0.8635227680206299
token:  Option  prob:  0.44826647639274597  total_p:  0.8541392982006073
token:  The  prob:  0.40587282180786133  total_p:  0.8541392982006073
token:   It  prob:  0.7086440920829773  total_p:  0.9437513276934624
token:   This  prob:  0.19533059000968933  total_p:  0.9437513276934624
token:   The  prob:  0.039776645600795746  total_p:  0.9437513276934624
token:   </  prob:  0.5162485241889954  total_p:  0.9153091311454773
token:   Both  prob:  0.39906060695648193  total_p:  0.9153091311454773
usr_prompt:  Context: When a forest is subject to acid rain, the calcium level in the soil declines. Spruce, fir, and sugar maple trees all need calcium to survive. However, sugar maples in forests that receive significant acid rain are much more likely to show signs of decline consistent with calcium deficiency than are spruces or firs in such forests.
Question: Which one of the following, if true, most helps to explain the greater decline among sugar maples?
A. Unlike spruces or firs, most sugar maples are native to areas that receive a lot of acid rain.
B. Spruces and firs, unlike sugar maples, can extract calcium from a mineral compound that is common in soil and is not affected by acid rain.
C. Sugar maples require more calcium in the spring and summer than they do in the fall and winter.
D. Sugar maples that do not receive enough calcium deteriorate less rapidly than spruces or firs that do not receive enough calcium.
token:  Let  prob:  0.46400606632232666  total_p:  0.9424086138606071
token:  To  prob:  0.42416584491729736  total_p:  0.9424086138606071
token:  This  prob:  0.054236702620983124  total_p:  0.9424086138606071
token:   Let  prob:  0.5370104312896729  total_p:  0.924432784318924
token:   

  prob:  0.3149998188018799  total_p:  0.924432784318924
token:   We  prob:  0.07242253422737122  total_p:  0.924432784318924
token:  Option  prob:  0.353533536195755  total_p:  0.6006083637475967
token:  The  prob:  0.1394576132297516  total_p:  0.6006083637475967
token:  Considering  prob:  0.10761721432209015  total_p:  0.6006083637475967
token:  A  prob:  0.5125941634178162  total_p:  0.9151788353919983
token:  Option  prob:  0.40258467197418213  total_p:  0.9151788353919983
token:  Option  prob:  0.4916839599609375  total_p:  0.844290055334568
token:  The  prob:  0.29254812002182007  total_p:  0.844290055334568
token:  Given  prob:  0.060057975351810455  total_p:  0.844290055334568
token:  A  prob:  0.522770345211029  total_p:  0.8005906343460083
token:  Option  prob:  0.27782028913497925  total_p:  0.8005906343460083
token:  Option  prob:  0.3124283254146576  total_p:  0.5975825786590576
token:  The  prob:  0.2851542532444  total_p:  0.5975825786590576
usr_prompt:  Context: Any food that is not sterilized and sealed can contain disease-causing bacteria. Once sterilized and properly sealed, however, it contains no bacteria. There are many different acceptable food-preservation techniques; each involves either sterilizing and sealing food or else at least slowing the growth of disease-causing bacteria. Some of the techniques may also destroy natural food enzymes that cause food to spoil or discolor quickly.
Question: If the statements above are true, which one of the following must be true?
A. Any nonsterilized food preserved by an acceptable method can contain disease-causing bacteria.
B. Food preserved by a sterilization method is less likely to discolor quickly than food preserved with other methods.
C. All food preserved by an acceptable method is free of disease-causing bacteria.
D. If a food contains no bacteria, then it has been preserved by an acceptable method.
token:   Any  prob:  0.5633507966995239  total_p:  0.9862657785415649
token:   "  prob:  0.3297598958015442  total_p:  0.9862657785415649
token:   This  prob:  0.09315508604049683  total_p:  0.9862657785415649
token:   This  prob:  0.4988170266151428  total_p:  0.9188151583075523
token:   Therefore  prob:  0.37513259053230286  total_p:  0.9188151583075523
token:   Thus  prob:  0.04486554116010666  total_p:  0.9188151583075523
token:   However  prob:  0.746259868144989  total_p:  0.8656606450676918
token:   But  prob:  0.11940077692270279  total_p:  0.8656606450676918
token:   Since  prob:  0.297467440366745  total_p:  0.6249917447566986
token:   However  prob:  0.17947785556316376  total_p:  0.6249917447566986
token:   Therefore  prob:  0.14804644882678986  total_p:  0.6249917447566986
token:   Therefore  prob:  0.6141476035118103  total_p:  0.8138793632388115
token:   This  prob:  0.1308014690876007  total_p:  0.8138793632388115
token:   Thus  prob:  0.06893029063940048  total_p:  0.8138793632388115
token:   It  prob:  0.4068194031715393  total_p:  0.734858050942421
token:   There  prob:  0.19049248099327087  total_p:  0.734858050942421
token:   Other  prob:  0.13754616677761078  total_p:  0.734858050942421
token:   Just  prob:  0.7098690867424011  total_p:  0.8955290615558624
token:   It  prob:  0.1856599748134613  total_p:  0.8955290615558624
token:  Based  prob:  0.22073370218276978  total_p:  0.5102269202470779
token:  Given  prob:  0.14942485094070435  total_p:  0.5102269202470779
token:  Option  prob:  0.14006836712360382  total_p:  0.5102269202470779
token:   Therefore  prob:  0.48791685700416565  total_p:  0.6638665199279785
token:   Some  prob:  0.17594966292381287  total_p:  0.6638665199279785
token:   The  prob:  0.5629433989524841  total_p:  0.9288491308689117
token:   While  prob:  0.3659057319164276  total_p:  0.9288491308689117
token:   There  prob:  0.3111598789691925  total_p:  0.6450787484645844
token:   It  prob:  0.19546829164028168  total_p:  0.6450787484645844
token:   Food  prob:  0.13845057785511017  total_p:  0.6450787484645844
token:  Based  prob:  0.2698524594306946  total_p:  0.6225893199443817
token:  Option  prob:  0.21039675176143646  total_p:  0.6225893199443817
token:  After  prob:  0.14234010875225067  total_p:  0.6225893199443817
token:  Option  prob:  0.2577137351036072  total_p:  0.5969625636935234
token:  Based  prob:  0.21719519793987274  total_p:  0.5969625636935234
token:  After  prob:  0.12205363065004349  total_p:  0.5969625636935234
token:  Based  prob:  0.2829219102859497  total_p:  0.6495759561657906
token:  Option  prob:  0.2577193081378937  total_p:  0.6495759561657906
token:  Given  prob:  0.10893473774194717  total_p:  0.6495759561657906
token:   Therefore  prob:  0.7119617462158203  total_p:  0.832392543554306
token:   Thus  prob:  0.12043079733848572  total_p:  0.832392543554306
token:  </  prob:  0.32486066222190857  total_p:  0.671329453587532
token:  Based  prob:  0.180400550365448  total_p:  0.671329453587532
token:  The  prob:  0.16606824100017548  total_p:  0.671329453587532
token:   Therefore  prob:  0.32125672698020935  total_p:  0.6178899109363556
token:   This  prob:  0.29663318395614624  total_p:  0.6178899109363556
token:   There  prob:  0.29575616121292114  total_p:  0.5514892637729645
token:   It  prob:  0.25573310256004333  total_p:  0.5514892637729645
token:  The  prob:  0.20493631064891815  total_p:  0.3961201608181
token:  After  prob:  0.19118385016918182  total_p:  0.3961201608181
token:  Based  prob:  0.301634281873703  total_p:  0.5620977878570557
token:  </  prob:  0.14526721835136414  total_p:  0.5620977878570557
token:  The  prob:  0.11519628763198853  total_p:  0.5620977878570557
token:  Based  prob:  0.266155868768692  total_p:  0.5162879899144173
token:  The  prob:  0.13749824464321136  total_p:  0.5162879899144173
token:  </  prob:  0.11263387650251389  total_p:  0.5162879899144173
token:  Based  prob:  0.3521946966648102  total_p:  0.46881143003702164
token:  The  prob:  0.11661673337221146  total_p:  0.46881143003702164
token:  Based  prob:  0.3504721522331238  total_p:  0.6331746578216553
token:  </  prob:  0.14452263712882996  total_p:  0.6331746578216553
token:  The  prob:  0.13817986845970154  total_p:  0.6331746578216553
usr_prompt:  Context: The public square was an important tool of democracy in days past because it provided a forum for disparate citizens to discuss the important issues of the day. Today, a person with Internet access can discuss important issues with millions of people across the nation, allowing the Internet to play the role once played by the public square. Hence, we should ensure that Internet users have at least as much freedom of expression as did people speaking in the public square.
Question: Which one of the following is an assumption required by the argument?
A. All citizens have the same level of access to the Internet.
B. The Internet is more often used to discuss important issues than to discuss frivolous issues.
C. People speaking in the public square of days past had complete freedom of expression.
D. A public forum can lose effectiveness as a tool of democracy if participants cannot discuss issues freely.
token:  1  prob:  0.5608867406845093  total_p:  0.9906381014734507
token:  The  prob:  0.4029957354068756  total_p:  0.9906381014734507
token:  -  prob:  0.026755625382065773  total_p:  0.9906381014734507
token:   It  prob:  0.5491286516189575  total_p:  0.9409441314637661
token:   The  prob:  0.3633016347885132  total_p:  0.9409441314637661
token:   To  prob:  0.028513845056295395  total_p:  0.9409441314637661
token:   It  prob:  0.5148100852966309  total_p:  0.8688706904649734
token:   The  prob:  0.24525794386863708  total_p:  0.8688706904649734
token:   Even  prob:  0.1088026612997055  total_p:  0.8688706904649734
token:   The  prob:  0.4587463438510895  total_p:  0.8911968618631363
token:   It  prob:  0.34784212708473206  total_p:  0.8911968618631363
token:   To  prob:  0.08460839092731476  total_p:  0.8911968618631363
token:  To  prob:  0.6942152976989746  total_p:  0.8692669346928596
token:  Now  prob:  0.1328752040863037  total_p:  0.8692669346928596
token:  <  prob:  0.04217643290758133  total_p:  0.8692669346928596
token:  Let  prob:  0.194552943110466  total_p:  0.5395370721817017
token:  Now  prob:  0.19187673926353455  total_p:  0.5395370721817017
token:  <  prob:  0.1531073898077011  total_p:  0.5395370721817017
token:   The  prob:  0.44845739006996155  total_p:  0.7784870862960815
token:   This  prob:  0.33002969622612  total_p:  0.7784870862960815
token:  Therefore  prob:  0.27421531081199646  total_p:  0.47049976885318756
token:  Thus  prob:  0.1962844580411911  total_p:  0.47049976885318756
token:  Based  prob:  0.21851970255374908  total_p:  0.537408709526062
token:  <  prob:  0.17133009433746338  total_p:  0.537408709526062
token:  Given  prob:  0.14755891263484955  total_p:  0.537408709526062
token:   The  prob:  0.5851446390151978  total_p:  0.972746953368187
token:   If  prob:  0.2393280267715454  total_p:  0.972746953368187
token:   For  prob:  0.1482742875814438  total_p:  0.972746953368187
token:   The  prob:  0.5502671003341675  total_p:  0.7781207486987114
token:   Specifically  prob:  0.11830475181341171  total_p:  0.7781207486987114
token:   

  prob:  0.1095488965511322  total_p:  0.7781207486987114
token:   
  prob:  0.545814573764801  total_p:  0.8647329658269882
token:   -  prob:  0.1627214550971985  total_p:  0.8647329658269882
token:    
  prob:  0.1561969369649887  total_p:  0.8647329658269882
token:   If  prob:  0.5245237946510315  total_p:  0.7754339203238487
token:   The  prob:  0.1477426141500473  total_p:  0.7754339203238487
token:   This  prob:  0.10316751152276993  total_p:  0.7754339203238487
token:  3  prob:  0.20082058012485504  total_p:  0.5274134278297424
token:  <  prob:  0.1751427948474884  total_p:  0.5274134278297424
token:  Based  prob:  0.151450052857399  total_p:  0.5274134278297424
token:  Based  prob:  0.1718459576368332  total_p:  0.49960196018218994
token:  3  prob:  0.165738046169281  total_p:  0.49960196018218994
token:  <  prob:  0.16201795637607574  total_p:  0.49960196018218994
token:  Now  prob:  0.3264693021774292  total_p:  0.7585641741752625
token:  Let  prob:  0.3100503087043762  total_p:  0.7585641741752625
token:  A  prob:  0.12204456329345703  total_p:  0.7585641741752625
token:  Let  prob:  0.3650875985622406  total_p:  0.7661565542221069
token:  A  prob:  0.20606940984725952  total_p:  0.7661565542221069
token:  Option  prob:  0.1949995458126068  total_p:  0.7661565542221069
token:   If  prob:  0.42890235781669617  total_p:  0.7882959246635437
token:   The  prob:  0.35939356684684753  total_p:  0.7882959246635437
token:   If  prob:  0.4047999680042267  total_p:  0.7667064964771271
token:   Without  prob:  0.3619065284729004  total_p:  0.7667064964771271
token:  Therefore  prob:  0.17406868934631348  total_p:  0.4695257991552353
token:  <  prob:  0.16350461542606354  total_p:  0.4695257991552353
token:  Based  prob:  0.13195249438285828  total_p:  0.4695257991552353
token:  <  prob:  0.19444935023784637  total_p:  0.5326850414276123
token:  Based  prob:  0.1920688897371292  total_p:  0.5326850414276123
token:  Given  prob:  0.14616680145263672  total_p:  0.5326850414276123
token:   Without  prob:  0.45669856667518616  total_p:  0.7709833681583405
token:   This  prob:  0.19853326678276062  total_p:  0.7709833681583405
token:   If  prob:  0.11575153470039368  total_p:  0.7709833681583405
token:   The  prob:  0.3492714464664459  total_p:  0.5121774077415466
token:   Therefore  prob:  0.1629059612751007  total_p:  0.5121774077415466
usr_prompt:  Context: Five years ago, during the first North American outbreak of the cattle disease CXC, the death rate from the disease was 5 percent of all reported cases, whereas today the corresponding figure is over 18 percent. It is clear, ttherefore, that during these past 5 years, CXC has increased in virulence.
Question: Which one of the following, if true, most substantially weakens the argument?
A. During the first North American outbreak of the disease, many of the deaths reported to have been caused by CXC were actually due to other causes.
B. Since the first outbreak, farmers have learned to treat mild cases of CXC and no longer report them to veterinarians or authorities.
C. An inoculation program against CXC was recently begun after controlled studies showed inoculation to be 70 percent effective in preventing serious cases of the illness.
D. Many recent cattle deaths that have actually been caused by CXC have been mistakenly attributed to another disease that mimics the symptoms of CXC.
token:   To  prob:  0.5676636099815369  total_p:  0.741372749209404
token:   The  prob:  0.08920349925756454  total_p:  0.741372749209404
token:   

  prob:  0.08450563997030258  total_p:  0.741372749209404
token:   This  prob:  0.3718700408935547  total_p:  0.8213382065296173
token:   However  prob:  0.2518594563007355  total_p:  0.8213382065296173
token:   If  prob:  0.19760870933532715  total_p:  0.8213382065296173
token:   It  prob:  0.6497386693954468  total_p:  0.8110926039516926
token:   Therefore  prob:  0.10677451640367508  total_p:  0.8110926039516926
token:   This  prob:  0.054579418152570724  total_p:  0.8110926039516926
token:   If  prob:  0.4715425372123718  total_p:  0.9401746690273285
token:   This  prob:  0.46863213181495667  total_p:  0.9401746690273285
token:   If  prob:  0.3458782434463501  total_p:  0.8293226957321167
token:   While  prob:  0.255562961101532  total_p:  0.8293226957321167
token:   This  prob:  0.22788149118423462  total_p:  0.8293226957321167
token:   This  prob:  0.380798876285553  total_p:  0.8970736861228943
token:   If  prob:  0.3344329297542572  total_p:  0.8970736861228943
token:   It  prob:  0.1818418800830841  total_p:  0.8970736861228943
token:   This  prob:  0.4371703863143921  total_p:  0.9383536875247955
token:   If  prob:  0.3184643089771271  total_p:  0.9383536875247955
token:   While  prob:  0.18271899223327637  total_p:  0.9383536875247955
token:   While  prob:  0.5508279204368591  total_p:  0.9237116202712059
token:   This  prob:  0.25100499391555786  total_p:  0.9237116202712059
token:   However  prob:  0.12187870591878891  total_p:  0.9237116202712059
token:   This  prob:  0.45634889602661133  total_p:  0.891634002327919
token:   While  prob:  0.2672685384750366  total_p:  0.891634002327919
token:   If  prob:  0.16801656782627106  total_p:  0.891634002327919
token:  Considering  prob:  0.24192187190055847  total_p:  0.6389892548322678
token:  The  prob:  0.22480329871177673  total_p:  0.6389892548322678
token:  After  prob:  0.17226408421993256  total_p:  0.6389892548322678
token:   It  prob:  0.7430440783500671  total_p:  0.9536561071872711
token:   While  prob:  0.14977750182151794  total_p:  0.9536561071872711
token:   The  prob:  0.060834527015686035  total_p:  0.9536561071872711
token:   While  prob:  0.5011496543884277  total_p:  0.7807419002056122
token:   This  prob:  0.27959224581718445  total_p:  0.7807419002056122
token:   It  prob:  0.4242490231990814  total_p:  0.8416302800178528
token:   Therefore  prob:  0.2900940477848053  total_p:  0.8416302800178528
token:   Thus  prob:  0.12728720903396606  total_p:  0.8416302800178528
token:   However  prob:  0.6266645193099976  total_p:  0.855921134352684
token:   This  prob:  0.22925661504268646  total_p:  0.855921134352684
token:   While  prob:  0.6055798530578613  total_p:  0.8611021041870117
token:   This  prob:  0.2555222511291504  total_p:  0.8611021041870117
token:  The  prob:  0.29475873708724976  total_p:  0.6200816780328751
token:  Considering  prob:  0.20527337491512299  total_p:  0.6200816780328751
token:  Among  prob:  0.12004956603050232  total_p:  0.6200816780328751
token:  Considering  prob:  0.32965177297592163  total_p:  0.660809151828289
token:  After  prob:  0.21486476063728333  total_p:  0.660809151828289
token:  The  prob:  0.11629261821508408  total_p:  0.660809151828289
token:  Considering  prob:  0.33817991614341736  total_p:  0.5785797983407974
token:  After  prob:  0.24039988219738007  total_p:  0.5785797983407974
token:  After  prob:  0.2921696901321411  total_p:  0.6991720497608185
token:  Considering  prob:  0.279439777135849  total_p:  0.6991720497608185
token:  The  prob:  0.12756258249282837  total_p:  0.6991720497608185
token:  Considering  prob:  0.23619306087493896  total_p:  0.6079967468976974
token:  After  prob:  0.2076301872730255  total_p:  0.6079967468976974
token:  <  prob:  0.16417349874973297  total_p:  0.6079967468976974
token:  Considering  prob:  0.27213054895401  total_p:  0.6665875911712646
token:  After  prob:  0.21156512200832367  total_p:  0.6665875911712646
token:  Given  prob:  0.18289192020893097  total_p:  0.6665875911712646
token:  Between  prob:  0.30257895588874817  total_p:  0.5471427887678146
token:  Considering  prob:  0.24456383287906647  total_p:  0.5471427887678146
token:  Considering  prob:  0.2794046401977539  total_p:  0.4201153516769409
token:  Among  prob:  0.140710711479187  total_p:  0.4201153516769409
usr_prompt:  Context: Because visual inspection cannot reliably distinguish certain skin discolorations from skin cancers, dermatologists at clinics have needed to perform tests of skin tissue taken from patients. At Westville Hospital, dermatological diagnostic costs were reduced by the purchase of a new imaging machine that diagnoses skin cancer in such cases as reliably as the tissue tests do. Consequently, even though the machine is expensive, a dermatological clinic in Westville is considering buying one to reduce diagnostic costs.
Question: Which of the following would it be most useful for the clinic to establish in order to make its decision?
A. Whether the visits of patients who require diagnosis of skin discolorations tend to be shorter in duration at the clinic than at the hospital
B. Whether the machine at the clinic would get significantly less heavy use than the machine at the hospital does
C. Whether the principles on which the machine operates have been known to science for a long time
D. Whether in certain cases of skin discoloration, visual inspection is sufficient to make a diagnosis of skin cancer
token:  The  prob:  0.7996397018432617  total_p:  0.9502907022833824
token:  1  prob:  0.1106850653886795  total_p:  0.9502907022833824
token:  <  prob:  0.03996593505144119  total_p:  0.9502907022833824
token:   The  prob:  0.6566595435142517  total_p:  0.8841073662042618
token:   To  prob:  0.14026442170143127  total_p:  0.8841073662042618
token:   However  prob:  0.0871834009885788  total_p:  0.8841073662042618
token:   The  prob:  0.8129200339317322  total_p:  0.9018359035253525
token:   However  prob:  0.0889158695936203  total_p:  0.9018359035253525
token:   This  prob:  0.46838417649269104  total_p:  0.8556335270404816
token:   The  prob:  0.2846235930919647  total_p:  0.8556335270404816
token:   We  prob:  0.1026257574558258  total_p:  0.8556335270404816
token:   The  prob:  0.5688275694847107  total_p:  0.8307582437992096
token:   To  prob:  0.2619306743144989  total_p:  0.8307582437992096
token:  Now  prob:  0.3676985502243042  total_p:  0.6267504319548607
token:  A  prob:  0.1568223237991333  total_p:  0.6267504319548607
token:  Let  prob:  0.10222955793142319  total_p:  0.6267504319548607
token:  Now  prob:  0.44134029746055603  total_p:  0.8664096593856812
token:  The  prob:  0.32855167984962463  total_p:  0.8664096593856812
token:  To  prob:  0.09651768207550049  total_p:  0.8664096593856812
token:  Now  prob:  0.45964109897613525  total_p:  0.6645832732319832
token:  <  prob:  0.10425934940576553  total_p:  0.6645832732319832
token:  Let  prob:  0.1006828248500824  total_p:  0.6645832732319832
token:   Conversely  prob:  0.3873966634273529  total_p:  0.6426621973514557
token:   The  prob:  0.2552655339241028  total_p:  0.6426621973514557
token:  Given  prob:  0.24936477839946747  total_p:  0.62237648665905
token:  4  prob:  0.20833934843540192  total_p:  0.62237648665905
token:  Considering  prob:  0.1646723598241806  total_p:  0.62237648665905
token:   If  prob:  0.6081664562225342  total_p:  0.8150838911533356
token:   However  prob:  0.2069174349308014  total_p:  0.8150838911533356
token:  Considering  prob:  0.3596833646297455  total_p:  0.6106358170509338
token:  Given  prob:  0.25095245242118835  total_p:  0.6106358170509338
token:   This  prob:  0.3971939980983734  total_p:  0.9406077563762665
token:   -  prob:  0.39462727308273315  total_p:  0.9406077563762665
token:   
  prob:  0.1487864851951599  total_p:  0.9406077563762665
token:   This  prob:  0.7524261474609375  total_p:  0.8995313197374344
token:   If  prob:  0.07902368158102036  total_p:  0.8995313197374344
token:   The  prob:  0.06808149069547653  total_p:  0.8995313197374344
token:   The  prob:  0.45220547914505005  total_p:  0.6321648061275482
token:   It  prob:  0.17995932698249817  total_p:  0.6321648061275482
token:   We  prob:  0.32772496342658997  total_p:  0.7109378576278687
token:   This  prob:  0.2787223160266876  total_p:  0.7109378576278687
token:   The  prob:  0.10449057817459106  total_p:  0.7109378576278687
token:  Let  prob:  0.5862727761268616  total_p:  0.8479536473751068
token:  A  prob:  0.1814560890197754  total_p:  0.8479536473751068
token:  Now  prob:  0.08022478222846985  total_p:  0.8479536473751068
token:  Let  prob:  0.5466628670692444  total_p:  0.8154959678649902
token:  Now  prob:  0.26883310079574585  total_p:  0.8154959678649902
token:   It  prob:  0.5007730722427368  total_p:  0.7328772693872452
token:   Short  prob:  0.23210419714450836  total_p:  0.7328772693872452
token:  The  prob:  0.299701988697052  total_p:  0.723526656627655
token:  Considering  prob:  0.29522159695625305  total_p:  0.723526656627655
token:  Given  prob:  0.12860307097434998  total_p:  0.723526656627655
token:   This  prob:  0.4034636914730072  total_p:  0.7340607270598412
token:   The  prob:  0.23162740468978882  total_p:  0.7340607270598412
token:   Therefore  prob:  0.09896963089704514  total_p:  0.7340607270598412
token:  Considering  prob:  0.27508899569511414  total_p:  0.4811663180589676
token:  Given  prob:  0.20607732236385345  total_p:  0.4811663180589676
usr_prompt:  Context: A major network news organization experienced a drop in viewership in the week following the airing of a controversial report on the economy. The network also received a very large number of complaints regarding the report. The network, however, maintains that negative reactions to the report had nothing to do with its loss of viewers.
Question: Which of the following, if true, most strongly supports the network's position?
A. This was not the first time that this network news organization has aired a controversial report on the economy that has inspired viewers to complain to the network.
B. Most network news viewers rely on network news broadcasts as their primary source of information regarding the economy.
C. The other major network news organizations reported similar reductions in viewership during the same week.
D. The viewers who registered complaints with the network were regular viewers of the news organization's programs.
token:  1  prob:  0.6396881937980652  total_p:  0.9895185306668282
token:  <  prob:  0.32106271386146545  total_p:  0.9895185306668282
token:  <th  prob:  0.028767623007297516  total_p:  0.9895185306668282
token:   Let  prob:  0.534181535243988  total_p:  0.9311425387859344
token:   Option  prob:  0.3669300079345703  total_p:  0.9311425387859344
token:   Looking  prob:  0.0300309956073761  total_p:  0.9311425387859344
token:  Option  prob:  0.47127434611320496  total_p:  0.897746130824089
token:  Let  prob:  0.2245413213968277  total_p:  0.897746130824089
token:  A  prob:  0.2019304633140564  total_p:  0.897746130824089
token:  Option  prob:  0.34747177362442017  total_p:  0.757611870765686
token:  The  prob:  0.25970137119293213  total_p:  0.757611870765686
token:  Considering  prob:  0.15043872594833374  total_p:  0.757611870765686
token:   Let  prob:  0.4903688132762909  total_p:  0.8993759751319885
token:   Option  prob:  0.40900716185569763  total_p:  0.8993759751319885
token:   This  prob:  0.643741250038147  total_p:  0.9476052261888981
token:   If  prob:  0.26213595271110535  total_p:  0.9476052261888981
token:   While  prob:  0.04172802343964577  total_p:  0.9476052261888981
token:  7  prob:  0.6103029251098633  total_p:  0.8683407381176949
token:  The  prob:  0.1856110841035843  total_p:  0.8683407381176949
token:  Considering  prob:  0.07242672890424728  total_p:  0.8683407381176949
token:  <  prob:  0.7424856424331665  total_p:  0.9045578837394714
token:  The  prob:  0.09108596295118332  total_p:  0.9045578837394714
token:  Option  prob:  0.07098627835512161  total_p:  0.9045578837394714
token:  4  prob:  0.6038742661476135  total_p:  0.7590258121490479
token:  Considering  prob:  0.08722197264432907  total_p:  0.7590258121490479
token:  The  prob:  0.06792957335710526  total_p:  0.7590258121490479
usr_prompt:  Context: A 1991 calculation was made to determine what, if any, additional health-care costs beyond the ordinary are borne by society at large for people who live a sedentary life. The figure reached was a lifetime average of $1, 650. Thus people' s voluntary choice not to exercise places a significant burden on society.
Question: Which one of the following, if true and not taken into account by the calculation, most seriously weakens the argument?
A. Many people whose employment requires physical exertion do not choose to engage in regular physical exercise when they are not at work.
B. Exercise is a topic that is often omitted from discussion between doctor and patient during a patient's visit.
C. Physical conditions that eventually require medical or nursing-home care often first predispose a person to adopt a sedentary lifestyle.
D. A regular program of moderate exercise tends to increase circulation, induce a feeling of well-being and energy, and decrease excess weight.
token:  To  prob:  0.44574931263923645  total_p:  0.9368310198187828
token:  Let  prob:  0.4219802916049957  total_p:  0.9368310198187828
token:  The  prob:  0.06910141557455063  total_p:  0.9368310198187828
token:   The  prob:  0.4216504395008087  total_p:  0.9294361025094986
token:   Let  prob:  0.3103350102901459  total_p:  0.9294361025094986
token:   

  prob:  0.197450652718544  total_p:  0.9294361025094986
token:  To  prob:  0.6356359720230103  total_p:  0.9195480942726135
token:  We  prob:  0.1544191837310791  total_p:  0.9195480942726135
token:  Let  prob:  0.12949293851852417  total_p:  0.9195480942726135
token:   This  prob:  0.5443135499954224  total_p:  0.9403858482837677
token:   While  prob:  0.22589319944381714  total_p:  0.9403858482837677
token:   It  prob:  0.1701790988445282  total_p:  0.9403858482837677
token:  Let  prob:  0.4556260108947754  total_p:  0.9145585149526596
token:  A  prob:  0.2737710177898407  total_p:  0.9145585149526596
token:  Option  prob:  0.18516148626804352  total_p:  0.9145585149526596
token:   This  prob:  0.5430098176002502  total_p:  0.8995428681373596
token:   It  prob:  0.18328757584095  total_p:  0.8995428681373596
token:   While  prob:  0.17324547469615936  total_p:  0.8995428681373596
token:  Let  prob:  0.5827819108963013  total_p:  0.8405914902687073
token:  A  prob:  0.257809579372406  total_p:  0.8405914902687073
token:  Option  prob:  0.3307204246520996  total_p:  0.694739893078804
token:  Considering  prob:  0.1865025907754898  total_p:  0.694739893078804
token:  The  prob:  0.1775168776512146  total_p:  0.694739893078804
token:  Option  prob:  0.2565259635448456  total_p:  0.641377866268158
token:  The  prob:  0.2144683599472046  total_p:  0.641377866268158
token:  Considering  prob:  0.1703835427761078  total_p:  0.641377866268158
token:  Option  prob:  0.32390934228897095  total_p:  0.676592156291008
token:  Considering  prob:  0.19252586364746094  total_p:  0.676592156291008
token:  The  prob:  0.1601569503545761  total_p:  0.676592156291008
token:   While  prob:  0.5276151299476624  total_p:  0.8875799179077148
token:   This  prob:  0.1917368471622467  total_p:  0.8875799179077148
token:   It  prob:  0.1682279407978058  total_p:  0.8875799179077148
token:   While  prob:  0.4998542368412018  total_p:  0.7485472708940506
token:   This  prob:  0.24869303405284882  total_p:  0.7485472708940506
token:   However  prob:  0.4062707722187042  total_p:  0.9342987090349197
token:   This  prob:  0.3984249234199524  total_p:  0.9342987090349197
token:   While  prob:  0.12960301339626312  total_p:  0.9342987090349197
token:   This  prob:  0.5721313953399658  total_p:  0.9132197499275208
token:   While  prob:  0.34108835458755493  total_p:  0.9132197499275208
token:  Option  prob:  0.3441203534603119  total_p:  0.563813641667366
token:  The  prob:  0.21969328820705414  total_p:  0.563813641667366
token:   It  prob:  0.5492826700210571  total_p:  0.6554585099220276
token:   

  prob:  0.10617583990097046  total_p:  0.6554585099220276
token:   If  prob:  0.48829084634780884  total_p:  0.8924431800842285
token:   This  prob:  0.4041523337364197  total_p:  0.8924431800842285
token:  Considering  prob:  0.2631340026855469  total_p:  0.5154221951961517
token:  Option  prob:  0.25228819251060486  total_p:  0.5154221951961517
token:  Option  prob:  0.29460614919662476  total_p:  0.49959060549736023
token:  The  prob:  0.20498445630073547  total_p:  0.49959060549736023
usr_prompt:  Context: Researchers compared the brains of recently deceased people who had schizophrenia with those of recently deceased people who did not have schizophrenia. They found that 35 percent of the former and none of the latter showed evidence of damage to a structure of nerve cells called the subplate. They knew that this damage must have occurred prior to the second fetal trimester, when the subplate controls the development of the connections between the different parts of the brain.
Question: Which one of the following conclusions is most strongly supported by the information above?
A. Roughly 35 percent of people with abnormal brain subplates will eventually have schizophrenia.
B. Schizophrenia is determined by genetic factors.
C. Some people developed schizophrenia because of damage to the brain subplate after the second fetal trimester.
D. There may be a cause of schizophrenia that predates birth.
token:  Let  prob:  0.6953781247138977  total_p:  0.9344474375247955
token:  The  prob:  0.1230420172214508  total_p:  0.9344474375247955
token:  To  prob:  0.11602729558944702  total_p:  0.9344474375247955
token:   The  prob:  0.5175681710243225  total_p:  0.8753842413425446
token:   It  prob:  0.2414833903312683  total_p:  0.8753842413425446
token:   Specifically  prob:  0.11633267998695374  total_p:  0.8753842413425446
token:   This  prob:  0.531426727771759  total_p:  0.8707733750343323
token:   "  prob:  0.1953839361667633  total_p:  0.8707733750343323
token:   The  prob:  0.14396271109580994  total_p:  0.8707733750343323
token:  The  prob:  0.2636719048023224  total_p:  0.6667399555444717
token:  Based  prob:  0.23627735674381256  total_p:  0.6667399555444717
token:  Option  prob:  0.1667906939983368  total_p:  0.6667399555444717
token:  Based  prob:  0.23071686923503876  total_p:  0.6398850232362747
token:  The  prob:  0.23035849630832672  total_p:  0.6398850232362747
token:  Given  prob:  0.17880965769290924  total_p:  0.6398850232362747
token:  Let  prob:  0.6738327145576477  total_p:  0.8101327121257782
token:  Now  prob:  0.1362999975681305  total_p:  0.8101327121257782
token:   The  prob:  0.5765166878700256  total_p:  0.8552434742450714
token:   This  prob:  0.2787267863750458  total_p:  0.8552434742450714
token:   The  prob:  0.4500542879104614  total_p:  0.7906665354967117
token:   It  prob:  0.19828854501247406  total_p:  0.7906665354967117
token:   This  prob:  0.14232370257377625  total_p:  0.7906665354967117
token:   The  prob:  0.5021660923957825  total_p:  0.8447795510292053
token:   This  prob:  0.34261345863342285  total_p:  0.8447795510292053
token:   The  prob:  0.5786007642745972  total_p:  0.8505495190620422
token:   This  prob:  0.27194875478744507  total_p:  0.8505495190620422
token:  </  prob:  0.39635515213012695  total_p:  0.8187572360038757
token:  The  prob:  0.2956724762916565  total_p:  0.8187572360038757
token:  Therefore  prob:  0.12672960758209229  total_p:  0.8187572360038757
token:   The  prob:  0.5350489616394043  total_p:  0.9405217468738556
token:   This  prob:  0.32545462250709534  total_p:  0.9405217468738556
token:   There  prob:  0.08001816272735596  total_p:  0.9405217468738556
token:   The  prob:  0.48219525814056396  total_p:  0.9364756345748901
token:   This  prob:  0.3624739348888397  total_p:  0.9364756345748901
token:   There  prob:  0.09180644154548645  total_p:  0.9364756345748901
token:   The  prob:  0.6167997717857361  total_p:  0.8559312969446182
token:   Since  prob:  0.23913152515888214  total_p:  0.8559312969446182
token:   This  prob:  0.5275973081588745  total_p:  0.8859915435314178
token:   Therefore  prob:  0.35839423537254333  total_p:  0.8859915435314178
token:  </  prob:  0.3575138449668884  total_p:  0.8211052268743515
token:  The  prob:  0.30570507049560547  total_p:  0.8211052268743515
token:  Therefore  prob:  0.1578863114118576  total_p:  0.8211052268743515
token:  The  prob:  0.40248796343803406  total_p:  0.6856613904237747
token:  Therefore  prob:  0.14442867040634155  total_p:  0.6856613904237747
token:  </  prob:  0.1387447565793991  total_p:  0.6856613904237747
token:   Therefore  prob:  0.3724713623523712  total_p:  0.7060813084244728
token:   It  prob:  0.21008840203285217  total_p:  0.7060813084244728
token:   Thus  prob:  0.12352154403924942  total_p:  0.7060813084244728
token:  The  prob:  0.2843035161495209  total_p:  0.508263498544693
token:  </  prob:  0.22395998239517212  total_p:  0.508263498544693
token:  The  prob:  0.2701705992221832  total_p:  0.6915089040994644
token:  </  prob:  0.23305626213550568  total_p:  0.6915089040994644
token:  Based  prob:  0.1882820427417755  total_p:  0.6915089040994644
usr_prompt:  Context: The sun emits two types of ultraviolet radiation that damage skin: UV-A, which causes premature wrinkles, and UV-B, which causes sunburn. Until about ten years ago, sunscreens protected against UV-B radiation but not against UV-A radiation.
Question: Which one of the following is best supported by the information above?
A. People who wear sunscreen now are less likely to become sunburned than were people who spent the same amount of time in the sun wearing sunscreen ten years ago.
B. The specific cause of premature skin wrinkling was not known until about ten years ago.
C. Most people whose skin is prematurely wrinkled have spent a large amount of time in the sun without wearing sunscreen.
D. Until about ten years ago, people who wore sunscreen were no less likely to have premature wrinkles than were people who spent the same amount of time in the sun without wearing sunscreen.
token:   This  prob:  0.6779171824455261  total_p:  0.9621040374040604
token:   People  prob:  0.17461001873016357  total_p:  0.9621040374040604
token:   The  prob:  0.10957683622837067  total_p:  0.9621040374040604
token:   So  prob:  0.5432203412055969  total_p:  0.8787620514631271
token:   Therefore  prob:  0.24503451585769653  total_p:  0.8787620514631271
token:   Thus  prob:  0.09050719439983368  total_p:  0.8787620514631271
token:   Therefore  prob:  0.3291981816291809  total_p:  0.8772433400154114
token:   So  prob:  0.305591881275177  total_p:  0.8772433400154114
token:   Thus  prob:  0.24245327711105347  total_p:  0.8772433400154114
token:   This  prob:  0.6205493807792664  total_p:  0.9886990040540695
token:   The  prob:  0.19332414865493774  total_p:  0.9886990040540695
token:   While  prob:  0.17482547461986542  total_p:  0.9886990040540695
token:   This  prob:  0.5875747799873352  total_p:  0.9789884984493256
token:   While  prob:  0.2253297120332718  total_p:  0.9789884984493256
token:   The  prob:  0.16608400642871857  total_p:  0.9789884984493256
token:   However  prob:  0.505769670009613  total_p:  0.9065874516963959
token:   The  prob:  0.40081778168678284  total_p:  0.9065874516963959
token:   However  prob:  0.5862721800804138  total_p:  0.9934853166341782
token:   The  prob:  0.2394738495349884  total_p:  0.9934853166341782
token:   While  prob:  0.16773928701877594  total_p:  0.9934853166341782
token:   It  prob:  0.20105041563510895  total_p:  0.5331645905971527
token:   The  prob:  0.18322791159152985  total_p:  0.5331645905971527
token:   Thus  prob:  0.14888626337051392  total_p:  0.5331645905971527
token:   It  prob:  0.2776113450527191  total_p:  0.6894213706254959
token:   So  prob:  0.24495330452919006  total_p:  0.6894213706254959
token:   This  prob:  0.16685672104358673  total_p:  0.6894213706254959
token:   The  prob:  0.4811314046382904  total_p:  0.9261451065540314
token:   It  prob:  0.44501370191574097  total_p:  0.9261451065540314
token:   Therefore  prob:  0.43530017137527466  total_p:  0.7324946820735931
token:   This  prob:  0.2971945106983185  total_p:  0.7324946820735931
token:   So  prob:  0.24416258931159973  total_p:  0.5852117389440536
token:   It  prob:  0.19058936834335327  total_p:  0.5852117389440536
token:   We  prob:  0.15045978128910065  total_p:  0.5852117389440536
token:   So  prob:  0.3578663766384125  total_p:  0.8338561356067657
token:   Thus  prob:  0.32034483551979065  total_p:  0.8338561356067657
token:   This  prob:  0.15564492344856262  total_p:  0.8338561356067657
token:   The  prob:  0.6266336441040039  total_p:  0.90071040391922
token:   This  prob:  0.27407675981521606  total_p:  0.90071040391922
token:   This  prob:  0.6316513419151306  total_p:  0.8732168674468994
token:   Therefore  prob:  0.2415655255317688  total_p:  0.8732168674468994
token:   So  prob:  0.45555251836776733  total_p:  0.827810674905777
token:   Thus  prob:  0.37225815653800964  total_p:  0.827810674905777
token:   The  prob:  0.7100153565406799  total_p:  0.8698117136955261
token:   This  prob:  0.1597963571548462  total_p:  0.8698117136955261
token:   The  prob:  0.5322272181510925  total_p:  0.8597516119480133
token:   It  prob:  0.3275243937969208  total_p:  0.8597516119480133
token:  </  prob:  0.324826180934906  total_p:  0.617866039276123
token:  The  prob:  0.29303985834121704  total_p:  0.617866039276123
token:   Thus  prob:  0.4030236303806305  total_p:  0.7712119221687317
token:   So  prob:  0.3681882917881012  total_p:  0.7712119221687317
token:   The  prob:  0.5576576590538025  total_p:  0.8523330986499786
token:   Since  prob:  0.29467543959617615  total_p:  0.8523330986499786
token:  Based  prob:  0.31705689430236816  total_p:  0.6962946355342865
token:  Given  prob:  0.24918806552886963  total_p:  0.6962946355342865
token:  The  prob:  0.1300496757030487  total_p:  0.6962946355342865
token:   The  prob:  0.5173864960670471  total_p:  0.9264085441827774
token:   This  prob:  0.31861886382102966  total_p:  0.9264085441827774
token:   Since  prob:  0.09040318429470062  total_p:  0.9264085441827774
token:  </  prob:  0.2450311779975891  total_p:  0.5813196003437042
token:  Based  prob:  0.17627236247062683  total_p:  0.5813196003437042
token:  The  prob:  0.16001605987548828  total_p:  0.5813196003437042
token:   So  prob:  0.5045546889305115  total_p:  0.8768720328807831
token:   Thus  prob:  0.23573875427246094  total_p:  0.8768720328807831
token:   This  prob:  0.13657858967781067  total_p:  0.8768720328807831
token:   The  prob:  0.6356673836708069  total_p:  0.8738576769828796
token:   Since  prob:  0.23819029331207275  total_p:  0.8738576769828796
token:   Therefore  prob:  0.5083378553390503  total_p:  0.8336411714553833
token:   Now  prob:  0.19542144238948822  total_p:  0.8336411714553833
token:   This  prob:  0.1298818737268448  total_p:  0.8336411714553833
token:   Since  prob:  0.41854220628738403  total_p:  0.6839492917060852
token:   Therefore  prob:  0.26540708541870117  total_p:  0.6839492917060852
token:  Based  prob:  0.24571336805820465  total_p:  0.6072887927293777
token:  Given  prob:  0.20203274488449097  total_p:  0.6072887927293777
token:  The  prob:  0.15954267978668213  total_p:  0.6072887927293777
token:  Based  prob:  0.2725413739681244  total_p:  0.49960634112358093
token:  The  prob:  0.22706496715545654  total_p:  0.49960634112358093
usr_prompt:  Context: Astronomer: Earth was bombarded repeatedly by comets and asteroids early in its history. This bombardment probably sterilized the surface and prevented life from originating during this early period in Earth' s geological history. Meanwhile, Mars escaped severe bombardment, and so there could have been microbial life on Mars prior to there being such life on Earth. Because many meteorites originating from Mars have landed on Earth, life on Earth may have started when living microbes were carried here from Mars on a meteorite.
Question: Which one of the following most accurately describes the role played in the astronomer's argument by the statement that there could have been microbial life on Mars prior to there being such life on Earth?
A. It is a claim for which justification is provided and that, if true, establishes the truth of the argument's main conclusion.
B. It is a claim for which some justification is provided and that is required in order to establish the argument's main conclusion.
C. It is a claim that provides some support for the argument's conclusion but that neither ensures the truth of that conclusion nor is required in order to establish that conclusion.
D. It is a claim for which no justification is provided and that, if true, ensures the truth of the argument's main conclusion.
token:   Meteor  prob:  0.472563236951828  total_p:  0.6870221048593521
token:   Some  prob:  0.12905393540859222  total_p:  0.6870221048593521
token:   Many  prob:  0.08540493249893188  total_p:  0.6870221048593521
token:  4  prob:  0.6735736727714539  total_p:  0.9368929862976074
token:  The  prob:  0.26331931352615356  total_p:  0.9368929862976074
token:   Therefore  prob:  0.3201836049556732  total_p:  0.8165194243192673
token:   The  prob:  0.31683868169784546  total_p:  0.8165194243192673
token:   This  prob:  0.1794971376657486  total_p:  0.8165194243192673
token:  The  prob:  0.49599355459213257  total_p:  0.9578786492347717
token:  Now  prob:  0.42373064160346985  total_p:  0.9578786492347717
token:  We  prob:  0.03815445303916931  total_p:  0.9578786492347717
token:   The  prob:  0.44154849648475647  total_p:  0.7696685791015625
token:   If  prob:  0.17440971732139587  total_p:  0.7696685791015625
token:   It  prob:  0.15371036529541016  total_p:  0.7696685791015625
token:  -  prob:  0.44613122940063477  total_p:  0.8011281192302704
token:  Option  prob:  0.3549968898296356  total_p:  0.8011281192302704
token:   However  prob:  0.4880306124687195  total_p:  0.8384340852499008
token:   The  prob:  0.23627859354019165  total_p:  0.8384340852499008
token:   This  prob:  0.11412487924098969  total_p:  0.8384340852499008
token:   The  prob:  0.23735268414020538  total_p:  0.5788463354110718
token:   This  prob:  0.17687369883060455  total_p:  0.5788463354110718
token:   Therefore  prob:  0.16461995244026184  total_p:  0.5788463354110718
token:   This  prob:  0.8215029239654541  total_p:  0.8577856831252575
token:   S  prob:  0.03628275915980339  total_p:  0.8577856831252575
token:   While  prob:  0.4581892788410187  total_p:  0.9067303687334061
token:   The  prob:  0.36329156160354614  total_p:  0.9067303687334061
token:   This  prob:  0.08524952828884125  total_p:  0.9067303687334061
token:  Now  prob:  0.3171026110649109  total_p:  0.6660364270210266
token:  Analy  prob:  0.19061526656150818  total_p:  0.6660364270210266
token:  Let  prob:  0.15831854939460754  total_p:  0.6660364270210266
token:  Option  prob:  0.5158576965332031  total_p:  0.810270220041275
token:  The  prob:  0.2204826921224594  total_p:  0.810270220041275
token:  Given  prob:  0.07392983138561249  total_p:  0.810270220041275
token:  Option  prob:  0.40601301193237305  total_p:  0.8206146508455276
token:  The  prob:  0.2689008116722107  total_p:  0.8206146508455276
token:  Therefore  prob:  0.1457008272409439  total_p:  0.8206146508455276
token:  Analy  prob:  0.3018261194229126  total_p:  0.5403913110494614
token:  Option  prob:  0.13261042535305023  total_p:  0.5403913110494614
token:  Looking  prob:  0.10595476627349854  total_p:  0.5403913110494614
token:  Analy  prob:  0.239307701587677  total_p:  0.5252301841974258
token:  Now  prob:  0.15905188024044037  total_p:  0.5252301841974258
token:  Option  prob:  0.12687060236930847  total_p:  0.5252301841974258
token:   It  prob:  0.7018356919288635  total_p:  0.7846520692110062
token:   However  prob:  0.08281637728214264  total_p:  0.7846520692110062
token:   This  prob:  0.4221522808074951  total_p:  0.8215118646621704
token:   The  prob:  0.3993595838546753  total_p:  0.8215118646621704
token:   The  prob:  0.43251287937164307  total_p:  0.6878495514392853
token:   This  prob:  0.1688867211341858  total_p:  0.6878495514392853
token:   It  prob:  0.08644995093345642  total_p:  0.6878495514392853
token:  Therefore  prob:  0.23208214342594147  total_p:  0.5198953300714493
token:  Thus  prob:  0.15877029299736023  total_p:  0.5198953300714493
token:  Option  prob:  0.12904289364814758  total_p:  0.5198953300714493
token:  Option  prob:  0.5199434757232666  total_p:  0.8847146332263947
token:  The  prob:  0.22515153884887695  total_p:  0.8847146332263947
token:  Given  prob:  0.1396196186542511  total_p:  0.8847146332263947
usr_prompt:  Context: Bottom trawling is a type of deep-sea fishing that involves dragging a large net along the bottom of the ocean, and it results in catching and killing many unintended species, some of which are endangered. Environmental advocates, concerned for these endangered marine species, have recommended that commercial fishers use a new set of nets, each designed specifically for the size and shape and pheromones (chemical attractors) of an individual marine species targeted by the commercial fishers. Environmentalists hope use of these new nets will protect the endangered marine species without interrupting commercial deep-sea fishing.
Question: Which of the following, if true, most strongly supports the claim that the use of the new nets will have the intended effects?
A. The pheromones that would most attract the species sought by commercial fishers indicate the presence of a dangerous threat to most of the endangered marine species
B. Freshwater fishers often increase the odds of catching a desired fish, and avoid catching unintended species, by the specific design of the fishing hook.
C. Most of the newly design nets are not significantly more expensive than a typical bottom trawling system.
D. Catching unintended, endangered species adds nothing to the profits of a commercial deep-sea fishing company.
token:   This  prob:  0.4367983639240265  total_p:  0.8166894912719727
token:   While  prob:  0.22675716876983643  total_p:  0.8166894912719727
token:   The  prob:  0.15313395857810974  total_p:  0.8166894912719727
token:  Option  prob:  0.5807932019233704  total_p:  0.8554635867476463
token:  The  prob:  0.23917359113693237  total_p:  0.8554635867476463
token:  Among  prob:  0.0354967936873436  total_p:  0.8554635867476463
token:  Option  prob:  0.6847381591796875  total_p:  0.9450558386743069
token:  The  prob:  0.20382925868034363  total_p:  0.9450558386743069
token:  B  prob:  0.05648842081427574  total_p:  0.9450558386743069
token:   </  prob:  0.759998619556427  total_p:  0.9103782922029495
token:   This  prob:  0.15037967264652252  total_p:  0.9103782922029495
token:   Option  prob:  0.700829029083252  total_p:  0.9317643046379089
token:   </  prob:  0.23093527555465698  total_p:  0.9317643046379089
usr_prompt:  Context: Linguist: Each language has a word that captures a concept or emotional state in a way that no other language does. To capture such a breadth of expression, an artificial language should be created that contains words corresponding to all the different concepts and emotional states captured by the world's languages. That is not to say that such a language would contain as many words as there are in all the world's languages. Rather, only for those words that have no corresponding word in another language. While such a plan is hugely ambitious, the resulting language would be more thorough than any existing language.
Question: The conclusion drawn above depends on which of the following assumptions?
A. It is possible for one person to learn all of the world's existing languages.
B. The range of concepts and emotional states is the only indication of a language's thoroughness.
C. Extinct languages do not offer up words that capture concepts and emotional states in ways that fundamentally differ from those of existing languages.
D. Each year hundreds of the world's languages go extinct, once there are no longer any native speakers remaining.
token:  A  prob:  0.6360063552856445  total_p:  0.7491234354674816
token:  Now  prob:  0.061863016337156296  total_p:  0.7491234354674816
token:  -  prob:  0.051254063844680786  total_p:  0.7491234354674816
token:   If  prob:  0.4890330135822296  total_p:  0.852007620036602
token:   The  prob:  0.27373671531677246  total_p:  0.852007620036602
token:   This  prob:  0.08923789113759995  total_p:  0.852007620036602
token:   The  prob:  0.39376285672187805  total_p:  0.9364600628614426
token:   This  prob:  0.3724191188812256  total_p:  0.9364600628614426
token:   While  prob:  0.17027808725833893  total_p:  0.9364600628614426
token:   The  prob:  0.4385194480419159  total_p:  0.843366414308548
token:   It  prob:  0.4048469662666321  total_p:  0.843366414308548
token:   This  prob:  0.5756264925003052  total_p:  0.9399361908435822
token:   The  prob:  0.364309698343277  total_p:  0.9399361908435822
token:   If  prob:  0.4928671717643738  total_p:  0.7063528746366501
token:   This  prob:  0.2134857028722763  total_p:  0.7063528746366501
token:   So  prob:  0.5337854027748108  total_p:  0.8567827045917511
token:   This  prob:  0.3229973018169403  total_p:  0.8567827045917511
token:   This  prob:  0.4320942759513855  total_p:  0.7372119724750519
token:   The  prob:  0.3051176965236664  total_p:  0.7372119724750519
token:   The  prob:  0.5458296537399292  total_p:  0.9163686633110046
token:   

  prob:  0.37053900957107544  total_p:  0.9163686633110046
token:   The  prob:  0.44178104400634766  total_p:  0.935447633266449
token:   However  prob:  0.3077770173549652  total_p:  0.935447633266449
token:   While  prob:  0.1858895719051361  total_p:  0.935447633266449
token:  Given  prob:  0.24714769423007965  total_p:  0.616289883852005
token:  <  prob:  0.18665438890457153  total_p:  0.616289883852005
token:  Considering  prob:  0.18248780071735382  total_p:  0.616289883852005
token:   The  prob:  0.4993523359298706  total_p:  0.7134168744087219
token:   It  prob:  0.21406453847885132  total_p:  0.7134168744087219
token:  Considering  prob:  0.2754642069339752  total_p:  0.5169546157121658
token:  Given  prob:  0.2414904087781906  total_p:  0.5169546157121658
token:   This  prob:  0.49055758118629456  total_p:  0.8445979058742523
token:   The  prob:  0.35404032468795776  total_p:  0.8445979058742523
token:  Given  prob:  0.23782214522361755  total_p:  0.4113684296607971
token:  Considering  prob:  0.17354628443717957  total_p:  0.4113684296607971
token:  Given  prob:  0.25286903977394104  total_p:  0.6473154723644257
token:  <  prob:  0.19765374064445496  total_p:  0.6473154723644257
token:  Considering  prob:  0.19679269194602966  total_p:  0.6473154723644257
token:  Given  prob:  0.31908684968948364  total_p:  0.6785221323370934
token:  Considering  prob:  0.255291610956192  total_p:  0.6785221323370934
token:  <  prob:  0.1041436716914177  total_p:  0.6785221323370934
token:  Given  prob:  0.22171646356582642  total_p:  0.5941176861524582
token:  <  prob:  0.1929243952035904  total_p:  0.5941176861524582
token:  Considering  prob:  0.17947682738304138  total_p:  0.5941176861524582
token:   This  prob:  0.31787240505218506  total_p:  0.7068052589893341
token:   

  prob:  0.22756867110729218  total_p:  0.7068052589893341
token:   Without  prob:  0.16136418282985687  total_p:  0.7068052589893341
usr_prompt:  Context: Criminals released from prison on parole have generally been put under routine supervision. A recent program has allowed criminals to leave prison early under intensive supervision; they must obey curfews and in some cases they must be electronically monitored. The percentage of released criminals arrested while under supervision is the same for intensive supervision as for routine supervision, so intensive supervision is no more effective than routine supervision in preventing criminals from committing additional crimes.
Question: Which one of the following is an assumption on which the argument relies?
A. The number of criminals put under routine supervision was not significantly greater than the number of criminals put under intensive supervision.
B. Of the criminals arrested while under intensive supervision, some would not have committed crimes if they had been under routine supervision.
C. All of the criminals who were arrested while under routine supervision had been in prison more than once before being paroled and put under supervision.
D. The proportion of arrests to crimes committed was not significantly higher for criminals under intensive supervision than for those under routine supervision.
token:  The  prob:  0.5290417671203613  total_p:  0.977395735681057
token:  1  prob:  0.3988772928714752  total_p:  0.977395735681057
token:  -  prob:  0.04947667568922043  total_p:  0.977395735681057
token:  To  prob:  0.7230067849159241  total_p:  0.8427252918481827
token:  <  prob:  0.062434252351522446  total_p:  0.8427252918481827
token:  The  prob:  0.05728425458073616  total_p:  0.8427252918481827
token:   The  prob:  0.28681179881095886  total_p:  0.8227409422397614
token:   This  prob:  0.2745288610458374  total_p:  0.8227409422397614
token:   
  prob:  0.2614002823829651  total_p:  0.8227409422397614
token:   The  prob:  0.44529128074645996  total_p:  0.7352040261030197
token:   

  prob:  0.16353784501552582  total_p:  0.7352040261030197
token:   Here  prob:  0.12637490034103394  total_p:  0.7352040261030197
token:   For  prob:  0.4448961615562439  total_p:  0.6417829245328903
token:   To  prob:  0.19688676297664642  total_p:  0.6417829245328903
token:   

  prob:  0.3505551815032959  total_p:  0.6923535168170929
token:   This  prob:  0.341798335313797  total_p:  0.6923535168170929
token:   If  prob:  0.28497323393821716  total_p:  0.6342116743326187
token:   We  prob:  0.19044382870197296  total_p:  0.6342116743326187
token:   The  prob:  0.1587946116924286  total_p:  0.6342116743326187
token:   If  prob:  0.41430240869522095  total_p:  0.7277460098266602
token:   However  prob:  0.17498455941677094  total_p:  0.7277460098266602
token:   While  prob:  0.13845904171466827  total_p:  0.7277460098266602
token:  Option  prob:  0.44155558943748474  total_p:  0.7740820348262787
token:  The  prob:  0.33252644538879395  total_p:  0.7740820348262787
token:   It  prob:  0.3851238489151001  total_p:  0.7915825918316841
token:   The  prob:  0.32817280292510986  total_p:  0.7915825918316841
token:   This  prob:  0.07828593999147415  total_p:  0.7915825918316841
token:  Now  prob:  0.32055720686912537  total_p:  0.6279243156313896
token:  The  prob:  0.21273952722549438  total_p:  0.6279243156313896
token:  For  prob:  0.09462758153676987  total_p:  0.6279243156313896
token:   The  prob:  0.2988602817058563  total_p:  0.6586273685097694
token:   We  prob:  0.2529394030570984  total_p:  0.6586273685097694
token:   There  prob:  0.10682768374681473  total_p:  0.6586273685097694
token:  3  prob:  0.5515837669372559  total_p:  0.8447697162628174
token:      prob:  0.2931859493255615  total_p:  0.8447697162628174
token:  3  prob:  0.584572970867157  total_p:  0.8231287747621536
token:      prob:  0.23855580389499664  total_p:  0.8231287747621536
token:  3  prob:  0.7155564427375793  total_p:  0.8871694952249527
token:      prob:  0.17161305248737335  total_p:  0.8871694952249527
token:   This  prob:  0.3810941278934479  total_p:  0.6767991185188293
token:   However  prob:  0.16196051239967346  total_p:  0.6767991185188293
token:   The  prob:  0.133744478225708  total_p:  0.6767991185188293
token:   Therefore  prob:  0.29107803106307983  total_p:  0.7621631771326065
token:   So  prob:  0.23709474503993988  total_p:  0.7621631771326065
token:   Thus  prob:  0.2339904010295868  total_p:  0.7621631771326065
token:  4  prob:  0.6190217137336731  total_p:  0.7373828589916229
token:  Given  prob:  0.11836114525794983  total_p:  0.7373828589916229
token:   However  prob:  0.4355013966560364  total_p:  0.6272734701633453
token:   This  prob:  0.19177207350730896  total_p:  0.6272734701633453
token:   If  prob:  0.3361883759498596  total_p:  0.7130660116672516
token:   However  prob:  0.20244909822940826  total_p:  0.7130660116672516
token:   The  prob:  0.1744285374879837  total_p:  0.7130660116672516
token:   Let  prob:  0.3283536732196808  total_p:  0.586246132850647
token:   

  prob:  0.2578924596309662  total_p:  0.586246132850647
token:   If  prob:  0.42041972279548645  total_p:  0.7423310875892639
token:   This  prob:  0.32191136479377747  total_p:  0.7423310875892639
token:   If  prob:  0.5824311375617981  total_p:  0.9120880365371704
token:   This  prob:  0.3296568989753723  total_p:  0.9120880365371704
token:   It  prob:  0.46185246109962463  total_p:  0.8603489995002747
token:   This  prob:  0.39849653840065  total_p:  0.8603489995002747
token:   Option  prob:  0.5556238889694214  total_p:  0.8029402047395706
token:   The  prob:  0.24731631577014923  total_p:  0.8029402047395706
token:   However  prob:  0.4416148364543915  total_p:  0.9551354646682739
token:   While  prob:  0.2753799855709076  total_p:  0.9551354646682739
token:   This  prob:  0.23814064264297485  total_p:  0.9551354646682739
token:   If  prob:  0.6471223831176758  total_p:  0.8797155022621155
token:   This  prob:  0.2325931191444397  total_p:  0.8797155022621155
token:   

  prob:  0.28118330240249634  total_p:  0.6753226667642593
token:   So  prob:  0.2482953816652298  total_p:  0.6753226667642593
token:   This  prob:  0.1458439826965332  total_p:  0.6753226667642593
token:   However  prob:  0.3723699450492859  total_p:  0.8664751648902893
token:   While  prob:  0.3047263026237488  total_p:  0.8664751648902893
token:   If  prob:  0.18937891721725464  total_p:  0.8664751648902893
token:  Let  prob:  0.3665299415588379  total_p:  0.8451701998710632
token:  Now  prob:  0.3439088761806488  total_p:  0.8451701998710632
token:  Option  prob:  0.13473138213157654  total_p:  0.8451701998710632
token:  Option  prob:  0.3260173201560974  total_p:  0.7104168459773064
token:  Let  prob:  0.26660168170928955  total_p:  0.7104168459773064
token:  A  prob:  0.1177978441119194  total_p:  0.7104168459773064
token:   This  prob:  0.5520833730697632  total_p:  0.8057133853435516
token:   While  prob:  0.25363001227378845  total_p:  0.8057133853435516
token:   If  prob:  0.31763947010040283  total_p:  0.7602378129959106
token:   However  prob:  0.2599806487560272  total_p:  0.7602378129959106
token:   The  prob:  0.1826176941394806  total_p:  0.7602378129959106
usr_prompt:  Context: While biodiversity is indispensable to the survival of life on Earth, biodiversity does not require the survival of every currently existing species. For there to be life on Earth, various ecological niches must be filled; many niches, however, can be filled by more than one species.
Question: Which one of the following statements most accurately expresses the conclusion drawn in the argument?
A. There are many ecological niches that can be filled by more than one species.
B. There are various ecological niches that must be filled if there is to be life on Earth.
C. Biodiversity does not require that all existing species continue to exist.
D. The survival of life on Earth depends upon biodiversity.
token:   **  prob:  0.494748592376709  total_p:  0.978884220123291
token:   The  prob:  0.48413562774658203  total_p:  0.978884220123291
token:   It  prob:  0.551183819770813  total_p:  0.8332566916942596
token:   Import  prob:  0.14795804023742676  total_p:  0.8332566916942596
token:   Cruc  prob:  0.1341148316860199  total_p:  0.8332566916942596
token:  Considering  prob:  0.27230867743492126  total_p:  0.6642982959747314
token:  After  prob:  0.203793466091156  total_p:  0.6642982959747314
token:  The  prob:  0.18819615244865417  total_p:  0.6642982959747314
usr_prompt:  Context: Politician: Democracy requires that there be no restrictions on the ability of citizens to share their ideas freely, without fear of reprisal. Ttherefore the right to have private conversations, unmonitored by the government, is essential to democracy. For a government to monitor conversations on the Internet would thus be a setback for democracy.
Question: Which one of the following most accurately describes the role played in the argument by the claim that democracy depends on the ability of citizens to share their ideas freely, without fear of reprisal?
A. It is the argument's main conclusion and is inferred from two other statements in the argument, neither of which is used to support the other.
B. It is a claim for which support is provided, and which is in turn used to support the argument's main conclusion.
C. It is a claim for which no support is provided, and which is used to support a claim that is itself used to support the argument's main conclusion.
D. It is a claim for which no support is provided, and which is used to support only the argument's main conclusion.
token:   The  prob:  0.6015124917030334  total_p:  0.9838749319314957
token:   **  prob:  0.3157968521118164  total_p:  0.9838749319314957
token:   <  prob:  0.06656558811664581  total_p:  0.9838749319314957
token:  4  prob:  0.7600592374801636  total_p:  0.871844120323658
token:  Now  prob:  0.05890467017889023  total_p:  0.871844120323658
token:  Given  prob:  0.05288021266460419  total_p:  0.871844120323658
token:   This  prob:  0.49155193567276  total_p:  0.7825918048620224
token:   It  prob:  0.14709153771400452  total_p:  0.7825918048620224
token:   Then  prob:  0.14394833147525787  total_p:  0.7825918048620224
token:   Finally  prob:  0.5883321166038513  total_p:  0.9567392505705357
token:   The  prob:  0.349841445684433  total_p:  0.9567392505705357
token:   This  prob:  0.018565688282251358  total_p:  0.9567392505705357
token:  Now  prob:  0.6258806586265564  total_p:  0.8933782652020454
token:  The  prob:  0.14439183473587036  total_p:  0.8933782652020454
token:  To  prob:  0.12310577183961868  total_p:  0.8933782652020454
token:  Now  prob:  0.5357439517974854  total_p:  0.8713635504245758
token:  The  prob:  0.2456325739622116  total_p:  0.8713635504245758
token:  To  prob:  0.08998702466487885  total_p:  0.8713635504245758
token:  Based  prob:  0.22226543724536896  total_p:  0.6399447619915009
token:  After  prob:  0.21415582299232483  total_p:  0.6399447619915009
token:  <  prob:  0.20352350175380707  total_p:  0.6399447619915009
token:   Instead  prob:  0.48962944746017456  total_p:  0.8942124247550964
token:   It  prob:  0.4045829772949219  total_p:  0.8942124247550964
token:   S  prob:  0.2949026823043823  total_p:  0.6138436496257782
token:   This  prob:  0.17063166201114655  total_p:  0.6138436496257782
token:   Indicates  prob:  0.14830930531024933  total_p:  0.6138436496257782
token:   S  prob:  0.640078604221344  total_p:  0.7946256846189499
token:   Claims  prob:  0.08551530539989471  total_p:  0.7946256846189499
token:   States  prob:  0.06903177499771118  total_p:  0.7946256846189499
token:  After  prob:  0.27658677101135254  total_p:  0.6050581634044647
token:  The  prob:  0.19374831020832062  total_p:  0.6050581634044647
token:  Given  prob:  0.13472308218479156  total_p:  0.6050581634044647
token:  The  prob:  0.21201953291893005  total_p:  0.5325124561786652
token:  Let  prob:  0.16433267295360565  total_p:  0.5325124561786652
token:  -  prob:  0.15616025030612946  total_p:  0.5325124561786652
token:   It  prob:  0.3161814510822296  total_p:  0.6678909957408905
token:   Instead  prob:  0.18985754251480103  total_p:  0.6678909957408905
token:   They  prob:  0.16185200214385986  total_p:  0.6678909957408905
token:  After  prob:  0.19771169126033783  total_p:  0.546747699379921
token:  The  prob:  0.1790689378976822  total_p:  0.546747699379921
token:  Given  prob:  0.16996707022190094  total_p:  0.546747699379921
token:  Therefore  prob:  0.2223590463399887  total_p:  0.5792603492736816
token:  Thus  prob:  0.17962829768657684  total_p:  0.5792603492736816
token:  Given  prob:  0.1772730052471161  total_p:  0.5792603492736816
token:  This  prob:  0.3276336193084717  total_p:  0.5055998861789703
token:  The  prob:  0.17796626687049866  total_p:  0.5055998861789703
token:  Therefore  prob:  0.23030784726142883  total_p:  0.6379985213279724
token:  Given  prob:  0.21687853336334229  total_p:  0.6379985213279724
token:  Thus  prob:  0.1908121407032013  total_p:  0.6379985213279724
token:  Given  prob:  0.23079626262187958  total_p:  0.4123425930738449
token:  This  prob:  0.18154633045196533  total_p:  0.4123425930738449
usr_prompt:  Context: When compact discs first entered the market, they were priced significantly higher than vinyl records. Manufacturers attributed the difference in price to the difference in production costs, saying that compact disc production was expensive because the technology was new and unfamiliar. As the technology became more efficient, the price of the discs did indeed come down. But vinyl records, whose production technology has long been established, then went up in price to approach that of compact discs.
Question: Which one of the following most helps to explain why the price of vinyl records went up?
A. As consumers bought compact discs instead of vinyl records, the number of vinyl records produced decreased, making their production less cost-efficient.
B. Compact disc player technology continued to change and develop even after compact discs first entered the market.
C. Consumers were so enthusiastic about the improved sound quality offered by compact disc technology that they were willing to pay a higher price to obtain it.
D. Some consumers who continued to buy vinyl records instead of compact discs did so because they were unwilling to pay a higher price for compact discs.
token:  Let  prob:  0.5411034822463989  total_p:  0.933730710297823
token:  To  prob:  0.3531176447868347  total_p:  0.933730710297823
token:  The  prob:  0.03950958326458931  total_p:  0.933730710297823
token:   However  prob:  0.4610355496406555  total_p:  0.9824477285146713
token:   This  prob:  0.4146212935447693  total_p:  0.9824477285146713
token:   While  prob:  0.10679088532924652  total_p:  0.9824477285146713
token:   Let  prob:  0.6307381391525269  total_p:  0.894646167755127
token:   We  prob:  0.2639080286026001  total_p:  0.894646167755127
token:   This  prob:  0.35089898109436035  total_p:  0.7260931730270386
token:   It  prob:  0.20432184636592865  total_p:  0.7260931730270386
token:   However  prob:  0.17087234556674957  total_p:  0.7260931730270386
token:   This  prob:  0.6573939323425293  total_p:  0.8623215891420841
token:   If  prob:  0.15666741132736206  total_p:  0.8623215891420841
token:   The  prob:  0.048260245472192764  total_p:  0.8623215891420841
token:  Option  prob:  0.45376771688461304  total_p:  0.7657255828380585
token:  Considering  prob:  0.17471995949745178  total_p:  0.7657255828380585
token:  The  prob:  0.13723790645599365  total_p:  0.7657255828380585
token:   This  prob:  0.49354398250579834  total_p:  0.794347770512104
token:   So  prob:  0.20876653492450714  total_p:  0.794347770512104
token:   Therefore  prob:  0.09203725308179855  total_p:  0.794347770512104
token:   If  prob:  0.7693533897399902  total_p:  0.9218928515911102
token:   It  prob:  0.07940247654914856  total_p:  0.9218928515911102
token:   The  prob:  0.07313698530197144  total_p:  0.9218928515911102
token:   It  prob:  0.5582735538482666  total_p:  0.7772058248519897
token:   The  prob:  0.21893227100372314  total_p:  0.7772058248519897
token:  Option  prob:  0.37771379947662354  total_p:  0.7617844641208649
token:  The  prob:  0.19510503113269806  total_p:  0.7617844641208649
token:  Considering  prob:  0.18896563351154327  total_p:  0.7617844641208649
token:   While  prob:  0.56751948595047  total_p:  0.9699675291776657
token:   This  prob:  0.2753925025463104  total_p:  0.9699675291776657
token:   However  prob:  0.12705554068088531  total_p:  0.9699675291776657
token:   It  prob:  0.6242824196815491  total_p:  0.8035853356122971
token:   This  prob:  0.17930291593074799  total_p:  0.8035853356122971
token:   However  prob:  0.6779748201370239  total_p:  0.8196857273578644
token:   This  prob:  0.14171090722084045  total_p:  0.8196857273578644
token:   Therefore  prob:  0.35918310284614563  total_p:  0.8393037915229797
token:   So  prob:  0.24264222383499146  total_p:  0.8393037915229797
token:   This  prob:  0.23747846484184265  total_p:  0.8393037915229797
token:  Option  prob:  0.31315019726753235  total_p:  0.7843087613582611
token:  The  prob:  0.25353631377220154  total_p:  0.7843087613582611
token:  Considering  prob:  0.21762225031852722  total_p:  0.7843087613582611
token:  Option  prob:  0.31799542903900146  total_p:  0.7667475044727325
token:  The  prob:  0.30051493644714355  total_p:  0.7667475044727325
token:  Given  prob:  0.14823713898658752  total_p:  0.7667475044727325
token:  Option  prob:  0.2813112139701843  total_p:  0.7166228294372559
token:  Considering  prob:  0.24575132131576538  total_p:  0.7166228294372559
token:  The  prob:  0.18956029415130615  total_p:  0.7166228294372559
token:  Considering  prob:  0.2848406434059143  total_p:  0.7150609344244003
token:  Option  prob:  0.24736720323562622  total_p:  0.7150609344244003
token:  The  prob:  0.1828530877828598  total_p:  0.7150609344244003
token:  Option  prob:  0.30256569385528564  total_p:  0.7574171274900436
token:  Considering  prob:  0.26562654972076416  total_p:  0.7574171274900436
token:  The  prob:  0.18922488391399384  total_p:  0.7574171274900436
token:  The  prob:  0.3168192207813263  total_p:  0.7013865560293198
token:  Option  prob:  0.19388726353645325  total_p:  0.7013865560293198
token:  Given  prob:  0.19068007171154022  total_p:  0.7013865560293198
token:   The  prob:  0.6007195115089417  total_p:  0.8947414755821228
token:   It  prob:  0.29402196407318115  total_p:  0.8947414755821228
usr_prompt:  Context: Economist: A country' s rapid emergence from an economic recession requires substantial new investment in that country' s economy. Since people' s confidence in the economic policies of their country is a precondition for any new investment, countries that put collective goals before individuals' goals cannot emerge quickly from an economic recession.
Question: Which one of the following, if assumed, enables the economist's conclusion to be properly drawn?
A. People in countries that put collective goals before individuals' goals lack confidence in the economic policies of their countries.
B. A country's economic policies are the most significant factor determining whether that country's economy will experience a recession.
C. If the people in a country that puts individuals' goals first are willing to make new investments in their country's economy, their country will emerge quickly from an economic recession.
D. No new investment occurs in any country that does not emerge quickly from an economic recession.
token:   The  prob:  0.6268399357795715  total_p:  0.968720069155097
token:   **  prob:  0.3207452595233917  total_p:  0.968720069155097
token:   First  prob:  0.02113487385213375  total_p:  0.968720069155097
token:  <  prob:  0.27669456601142883  total_p:  0.674249142408371
token:  Therefore  prob:  0.2738185524940491  total_p:  0.674249142408371
token:  Thus  prob:  0.12373602390289307  total_p:  0.674249142408371
token:   This  prob:  0.5193495154380798  total_p:  0.9511279202997684
token:   The  prob:  0.38494208455085754  total_p:  0.9511279202997684
token:   
  prob:  0.04683632031083107  total_p:  0.9511279202997684
token:   To  prob:  0.4408055543899536  total_p:  0.9275258332490921
token:   We  prob:  0.26724177598953247  total_p:  0.9275258332490921
token:   The  prob:  0.21947850286960602  total_p:  0.9275258332490921
token:   To  prob:  0.42800089716911316  total_p:  0.9089134335517883
token:   The  prob:  0.2428649216890335  total_p:  0.9089134335517883
token:   We  prob:  0.23804761469364166  total_p:  0.9089134335517883
token:   To  prob:  0.33353012800216675  total_p:  0.6549118459224701
token:   We  prob:  0.32138171792030334  total_p:  0.6549118459224701
token:   Let  prob:  0.7133501172065735  total_p:  0.8985902667045593
token:   Looking  prob:  0.11690699309110641  total_p:  0.8985902667045593
token:   Analy  prob:  0.06833315640687943  total_p:  0.8985902667045593
token:   This  prob:  0.6573137640953064  total_p:  0.890254907310009
token:   People  prob:  0.13237635791301727  total_p:  0.890254907310009
token:   "  prob:  0.10056478530168533  total_p:  0.890254907310009
token:   If  prob:  0.5201714038848877  total_p:  0.9900252819061279
token:   It  prob:  0.36985716223716736  total_p:  0.9900252819061279
token:   The  prob:  0.09999671578407288  total_p:  0.9900252819061279
token:   The  prob:  0.6631733179092407  total_p:  0.9197737276554108
token:   Option  prob:  0.25660040974617004  total_p:  0.9197737276554108
token:   We  prob:  0.44883185625076294  total_p:  0.8140087723731995
token:   To  prob:  0.3651769161224365  total_p:  0.8140087723731995
token:   To  prob:  0.42490580677986145  total_p:  0.7830305397510529
token:   We  prob:  0.3581247329711914  total_p:  0.7830305397510529
token:   The  prob:  0.5886679291725159  total_p:  0.9281886219978333
token:   Option  prob:  0.3395206928253174  total_p:  0.9281886219978333
token:   The  prob:  0.5108371376991272  total_p:  0.9144472777843475
token:   Option  prob:  0.40361014008522034  total_p:  0.9144472777843475
token:   The  prob:  0.5677262544631958  total_p:  0.8951111733913422
token:   Option  prob:  0.32738491892814636  total_p:  0.8951111733913422
token:  6  prob:  0.4460914433002472  total_p:  0.7601170539855957
token:  Therefore  prob:  0.3140256106853485  total_p:  0.7601170539855957
token:   This  prob:  0.3515446186065674  total_p:  0.9338280558586121
token:   People  prob:  0.30643555521965027  total_p:  0.9338280558586121
token:   "  prob:  0.2758478820323944  total_p:  0.9338280558586121
token:   Option  prob:  0.5640673041343689  total_p:  0.9206319153308868
token:   The  prob:  0.35656461119651794  total_p:  0.9206319153308868
token:  <  prob:  0.5329986810684204  total_p:  0.8632583916187286
token:  Therefore  prob:  0.3302597105503082  total_p:  0.8632583916187286
token:  <  prob:  0.6280873417854309  total_p:  0.9284417927265167
token:  Therefore  prob:  0.1802489012479782  total_p:  0.9284417927265167
token:  The  prob:  0.1201055496931076  total_p:  0.9284417927265167
usr_prompt:  Context: In its coverage of a controversy regarding a proposal to build a new freeway, a television news program showed interviews with several people who would be affected by the proposed freeway. Of the interviews shown, those conducted with people against the new freeway outnumbered those conducted with people for it two to one. The television program is ttherefore biased against the proposed freeway.
Question: Which one of the following, if true, most seriously weakens the argument?
A. In the interviews, the people against the new freeway expressed their opinions with more emotion than the people for the freeway did.
B. The business interests of the television station that produced the program would be harmed by the construction of a new freeway.
C. Most viewers of television news programs do not expect those programs to be completely free of bias.
D. Before the program aired, over twice as many people were against building the freeway than were in favor of it.
token:   However  prob:  0.2884087860584259  total_p:  0.7404425591230392
token:   To  prob:  0.26934492588043213  total_p:  0.7404425591230392
token:   The  prob:  0.1826888471841812  total_p:  0.7404425591230392
token:  A  prob:  0.7591513991355896  total_p:  0.9558893069624901
token:  Option  prob:  0.15545602142810822  total_p:  0.9558893069624901
token:  -  prob:  0.04128188639879227  total_p:  0.9558893069624901
token:   It  prob:  0.5913318991661072  total_p:  0.8085926882922649
token:   Therefore  prob:  0.15690207481384277  total_p:  0.8085926882922649
token:   Emotional  prob:  0.06035871431231499  total_p:  0.8085926882922649
token:  A  prob:  0.6638661026954651  total_p:  0.8935950994491577
token:  Option  prob:  0.22972899675369263  total_p:  0.8935950994491577
token:  A  prob:  0.4881668984889984  total_p:  0.8325759172439575
token:  Option  prob:  0.2558029592037201  total_p:  0.8325759172439575
token:  Now  prob:  0.08860605955123901  total_p:  0.8325759172439575
token:   While  prob:  0.738135039806366  total_p:  0.9269387684762478
token:   Emotional  prob:  0.15776650607585907  total_p:  0.9269387684762478
token:   It  prob:  0.03103722259402275  total_p:  0.9269387684762478
token:   It  prob:  0.6876586079597473  total_p:  0.8814448118209839
token:   Emotional  prob:  0.09790591150522232  total_p:  0.8814448118209839
token:   The  prob:  0.09588029235601425  total_p:  0.8814448118209839
token:   It  prob:  0.44998395442962646  total_p:  0.6512115746736526
token:   Therefore  prob:  0.20122762024402618  total_p:  0.6512115746736526
token:   While  prob:  0.41886574029922485  total_p:  0.8567995876073837
token:   However  prob:  0.3004550039768219  total_p:  0.8567995876073837
token:   This  prob:  0.13747884333133698  total_p:  0.8567995876073837
token:   It  prob:  0.7027528882026672  total_p:  0.8512529134750366
token:   While  prob:  0.0800037607550621  total_p:  0.8512529134750366
token:   Therefore  prob:  0.06849626451730728  total_p:  0.8512529134750366
token:   It  prob:  0.19217808544635773  total_p:  0.5330254435539246
token:   Viewer  prob:  0.17764213681221008  total_p:  0.5330254435539246
token:   Even  prob:  0.16320522129535675  total_p:  0.5330254435539246
token:  Therefore  prob:  0.18153774738311768  total_p:  0.5250066965818405
token:  Considering  prob:  0.17379242181777954  total_p:  0.5250066965818405
token:  <  prob:  0.1696765273809433  total_p:  0.5250066965818405
token:   While  prob:  0.43663936853408813  total_p:  0.8003856390714645
token:   This  prob:  0.295026034116745  total_p:  0.8003856390714645
token:   However  prob:  0.06872023642063141  total_p:  0.8003856390714645
token:   It  prob:  0.595859706401825  total_p:  0.8980099260807037
token:   If  prob:  0.3021502196788788  total_p:  0.8980099260807037
token:  <  prob:  0.38162174820899963  total_p:  0.5628741681575775
token:  Therefore  prob:  0.18125241994857788  total_p:  0.5628741681575775
token:   It  prob:  0.2865299880504608  total_p:  0.5948077291250229
token:   This  prob:  0.17313280701637268  total_p:  0.5948077291250229
token:   While  prob:  0.1351449340581894  total_p:  0.5948077291250229
token:   It  prob:  0.4836147725582123  total_p:  0.7122443690896034
token:   View  prob:  0.12045450508594513  total_p:  0.7122443690896034
token:   While  prob:  0.10817509144544601  total_p:  0.7122443690896034
token:  Considering  prob:  0.24590365588665009  total_p:  0.5527182072401047
token:  Given  prob:  0.18049056828022003  total_p:  0.5527182072401047
token:  The  prob:  0.12632398307323456  total_p:  0.5527182072401047
token:  Considering  prob:  0.22741571068763733  total_p:  0.5347211807966232
token:  Given  prob:  0.1585208922624588  total_p:  0.5347211807966232
token:  The  prob:  0.1487845778465271  total_p:  0.5347211807966232
token:  <  prob:  0.2098083347082138  total_p:  0.508145198225975
token:  After  prob:  0.16635142266750336  total_p:  0.508145198225975
token:  Considering  prob:  0.13198544085025787  total_p:  0.508145198225975
token:  Considering  prob:  0.2217341512441635  total_p:  0.5608858317136765
token:  Given  prob:  0.19416801631450653  total_p:  0.5608858317136765
token:  The  prob:  0.1449836641550064  total_p:  0.5608858317136765
token:   This  prob:  0.422012597322464  total_p:  0.8715850263834
token:   If  prob:  0.3106217384338379  total_p:  0.8715850263834
token:   It  prob:  0.13895069062709808  total_p:  0.8715850263834
token:  Considering  prob:  0.27075013518333435  total_p:  0.550117127597332
token:  Given  prob:  0.1804710030555725  total_p:  0.550117127597332
token:  <  prob:  0.09889598935842514  total_p:  0.550117127597332
token:  Therefore  prob:  0.15862756967544556  total_p:  0.45499807596206665
token:  <  prob:  0.15139639377593994  total_p:  0.45499807596206665
token:  Given  prob:  0.14497411251068115  total_p:  0.45499807596206665
usr_prompt:  Context: Global warming has contributed to a rise in global sea level not only because it causes glaciers and ice sheets to melt, but also simply because when water is heated its volume increases. But this rise in global sea level is less than it otherwise would be, since over the years artificial reservoirs have been built all around the world that collectively contain a great deal of water that would otherwise reach the sea.
Question: Which one of the following can most reasonably be concluded on the basis of the information above?
A. Little is known about the contribution of global warming to the rise in global sea level.
B. The amount of water that results from the melting of glaciers and ice sheets cannot be determined by looking at the rise in global sea level alone.
C. Rises in global sea level that occurred before the world's reservoirs were built are difficult to explain.
D. The exact magnitude of the rise in global sea level is in dispute.
token:  1  prob:  0.5719039440155029  total_p:  0.9598555862903595
token:  -  prob:  0.19453337788581848  total_p:  0.9598555862903595
token:  The  prob:  0.19341826438903809  total_p:  0.9598555862903595
token:   The  prob:  0.5915034413337708  total_p:  0.9812870919704437
token:   **  prob:  0.33995965123176575  total_p:  0.9812870919704437
token:   <  prob:  0.04982399940490723  total_p:  0.9812870919704437
token:   It  prob:  0.6896166801452637  total_p:  0.9572254121303558
token:   However  prob:  0.22080647945404053  total_p:  0.9572254121303558
token:   Additionally  prob:  0.046802252531051636  total_p:  0.9572254121303558
token:  Now  prob:  0.8146600723266602  total_p:  0.9235087856650352
token:  Given  prob:  0.060256391763687134  total_p:  0.9235087856650352
token:  Considering  prob:  0.04859232157468796  total_p:  0.9235087856650352
token:     
  prob:  0.6256693005561829  total_p:  0.8917428553104401
token:      prob:  0.2660735547542572  total_p:  0.8917428553104401
token:   The  prob:  0.7060571908950806  total_p:  0.9430258423089981
token:   It  prob:  0.1810232698917389  total_p:  0.9430258423089981
token:   While  prob:  0.05594538152217865  total_p:  0.9430258423089981
token:   The  prob:  0.4304294288158417  total_p:  0.8406626284122467
token:   This  prob:  0.41023319959640503  total_p:  0.8406626284122467
token:   This  prob:  0.5422468781471252  total_p:  0.9424086511135101
token:   "  prob:  0.24616049230098724  total_p:  0.9424086511135101
token:   Little  prob:  0.15400128066539764  total_p:  0.9424086511135101
token:   This  prob:  0.5505658388137817  total_p:  0.8385424017906189
token:   The  prob:  0.28797656297683716  total_p:  0.8385424017906189
token:  Based  prob:  0.24000512063503265  total_p:  0.5969979166984558
token:  After  prob:  0.18938660621643066  total_p:  0.5969979166984558
token:  Considering  prob:  0.1676061898469925  total_p:  0.5969979166984558
token:  After  prob:  0.25543412566185  total_p:  0.6634729653596878
token:  Based  prob:  0.2073427438735962  total_p:  0.6634729653596878
token:  Considering  prob:  0.20069609582424164  total_p:  0.6634729653596878
token:   The  prob:  0.4381667971611023  total_p:  0.841214120388031
token:   This  prob:  0.4030473232269287  total_p:  0.841214120388031
token:   This  prob:  0.46718335151672363  total_p:  0.8738185465335846
token:   The  prob:  0.40663519501686096  total_p:  0.8738185465335846
usr_prompt:  Context: Health insurance insulates patients from the expense of medical care, giving doctors almost complete discretion in deciding the course of most medical treatments. Moreover, with doctors being paid for each procedure performed, they have an incentive to overtreat patients. It is thus clear that medical procedures administered by doctors are frequently prescribed only because these procedures lead to financial rewards.
Question: The argument uses which one of the following questionable techniques?
A. depicting choices as having been made arbitrarily by dismissing without argument reasons that have been given for these choices
B. presenting as capricious and idiosyncratic decisions that are based on the rigorous application of well-defined principles
C. inferring the performance of certain actions on no basis other than the existence of both incentive and opportunity for performing those actions
D. assuming that the irrelevance of a consideration for one participant in a decision makes that consideration irrelevant for each participant in the decision
token:   The  prob:  0.3729243874549866  total_p:  0.8474806100130081
token:   Let  prob:  0.29247117042541504  total_p:  0.8474806100130081
token:   It  prob:  0.1820850521326065  total_p:  0.8474806100130081
token:  The  prob:  0.26163676381111145  total_p:  0.71052585542202
token:  Option  prob:  0.2526123821735382  total_p:  0.71052585542202
token:  Given  prob:  0.1962767094373703  total_p:  0.71052585542202
token:   This  prob:  0.42738017439842224  total_p:  0.8665733709931374
token:   Let  prob:  0.3654175400733948  total_p:  0.8665733709931374
token:   We  prob:  0.07377565652132034  total_p:  0.8665733709931374
token:  Option  prob:  0.5430899262428284  total_p:  0.7443755716085434
token:  A  prob:  0.20128564536571503  total_p:  0.7443755716085434
token:  The  prob:  0.2713070511817932  total_p:  0.6067982465028763
token:  Given  prob:  0.16985538601875305  total_p:  0.6067982465028763
token:  Therefore  prob:  0.16563580930233002  total_p:  0.6067982465028763
token:  The  prob:  0.302189439535141  total_p:  0.6834085285663605
token:  Option  prob:  0.209286168217659  total_p:  0.6834085285663605
token:  Given  prob:  0.17193292081356049  total_p:  0.6834085285663605
token:  The  prob:  0.47600096464157104  total_p:  0.8255614899098873
token:  Option  prob:  0.29028454422950745  total_p:  0.8255614899098873
token:  Therefore  prob:  0.05927598103880882  total_p:  0.8255614899098873
usr_prompt:  Context: Planting peach trees on their farm makes more sense for the Johnsons than planting apricot trees. Although fresh, locally grown apricots are very popular in this area, the same is true of peaches. However, individual peach trees cost much less to purchase and plant than do apricot trees, and peach trees also begin bearing fruit at a much younger age.
Question: Which one of the following, if true, would most seriously weaken the argument?
A. The market for fresh, locally grown apricots has grown in recent years as awareness of the health benefits of eating fresh fruit has increased.
B. Peach production has decreased dramatically over the last several years.
C. Fresh, locally grown apricots sell at a much higher price than do fresh, locally grown peaches.
D. It costs as much to water and fertilize peach trees as it does to water and fertilize apricot trees.
token:  1  prob:  0.6417100429534912  total_p:  0.9861766770482063
token:  The  prob:  0.2556653618812561  total_p:  0.9861766770482063
token:  -  prob:  0.08880127221345901  total_p:  0.9861766770482063
token:  Now  prob:  0.8317211270332336  total_p:  0.8871107883751392
token:  A  prob:  0.029555458575487137  total_p:  0.8871107883751392
token:  We  prob:  0.025834202766418457  total_p:  0.8871107883751392
token:   This  prob:  0.49356621503829956  total_p:  0.848041221499443
token:   While  prob:  0.20264650881290436  total_p:  0.848041221499443
token:   However  prob:  0.15182849764823914  total_p:  0.848041221499443
token:   It  prob:  0.5300108194351196  total_p:  0.7926765009760857
token:   Therefore  prob:  0.1582382470369339  total_p:  0.7926765009760857
token:   While  prob:  0.10442743450403214  total_p:  0.7926765009760857
token:   This  prob:  0.32787927985191345  total_p:  0.7782240360975266
token:   While  prob:  0.31983405351638794  total_p:  0.7782240360975266
token:   However  prob:  0.13051070272922516  total_p:  0.7782240360975266
token:   This  prob:  0.5663514733314514  total_p:  0.8458198308944702
token:   "  prob:  0.14915819466114044  total_p:  0.8458198308944702
token:   The  prob:  0.13031016290187836  total_p:  0.8458198308944702
token:   This  prob:  0.5108701586723328  total_p:  0.8929191082715988
token:   If  prob:  0.22083592414855957  total_p:  0.8929191082715988
token:   While  prob:  0.16121302545070648  total_p:  0.8929191082715988
token:   While  prob:  0.5544477105140686  total_p:  0.8800414204597473
token:   This  prob:  0.19478951394557953  total_p:  0.8800414204597473
token:   However  prob:  0.13080419600009918  total_p:  0.8800414204597473
token:   This  prob:  0.3732287287712097  total_p:  0.8550910502672195
token:   While  prob:  0.30468374490737915  total_p:  0.8550910502672195
token:   However  prob:  0.17717857658863068  total_p:  0.8550910502672195
token:   This  prob:  0.6124724745750427  total_p:  0.9538126140832901
token:   If  prob:  0.1857830286026001  total_p:  0.9538126140832901
token:   A  prob:  0.15555711090564728  total_p:  0.9538126140832901
token:   While  prob:  0.6360739469528198  total_p:  0.9042540937662125
token:   This  prob:  0.1795327216386795  total_p:  0.9042540937662125
token:   However  prob:  0.08864742517471313  total_p:  0.9042540937662125
token:   This  prob:  0.5583893060684204  total_p:  0.9460760056972504
token:   If  prob:  0.24374829232692719  total_p:  0.9460760056972504
token:   A  prob:  0.14393840730190277  total_p:  0.9460760056972504
token:   While  prob:  0.435116708278656  total_p:  0.8952435180544853
token:   This  prob:  0.3745178282260895  total_p:  0.8952435180544853
token:   However  prob:  0.08560898154973984  total_p:  0.8952435180544853
token:   If  prob:  0.5238181948661804  total_p:  0.9037548005580902
token:   It  prob:  0.3799366056919098  total_p:  0.9037548005580902
token:   It  prob:  0.5427221059799194  total_p:  0.6783960312604904
token:   Therefore  prob:  0.13567392528057098  total_p:  0.6783960312604904
token:   While  prob:  0.4274964928627014  total_p:  0.8949931263923645
token:   This  prob:  0.31944015622138977  total_p:  0.8949931263923645
token:   If  prob:  0.14805647730827332  total_p:  0.8949931263923645
token:   This  prob:  0.5098778605461121  total_p:  0.7319198697805405
token:   While  prob:  0.2220420092344284  total_p:  0.7319198697805405
token:   This  prob:  0.47958266735076904  total_p:  0.8559058308601379
token:   If  prob:  0.27729129791259766  total_p:  0.8559058308601379
token:   While  prob:  0.09903186559677124  total_p:  0.8559058308601379
token:   This  prob:  0.47237128019332886  total_p:  0.9732247292995453
token:   While  prob:  0.30667218565940857  total_p:  0.9732247292995453
token:   If  prob:  0.19418126344680786  total_p:  0.9732247292995453
token:   It  prob:  0.29188627004623413  total_p:  0.6817914694547653
token:   This  prob:  0.20261994004249573  total_p:  0.6817914694547653
token:   Therefore  prob:  0.18728525936603546  total_p:  0.6817914694547653
token:   This  prob:  0.5865153670310974  total_p:  0.9262358248233795
token:   If  prob:  0.3397204577922821  total_p:  0.9262358248233795
token:   This  prob:  0.5229199528694153  total_p:  0.787355363368988
token:   While  prob:  0.26443541049957275  total_p:  0.787355363368988
token:  Considering  prob:  0.38407784700393677  total_p:  0.6288938000798225
token:  After  prob:  0.15146011114120483  total_p:  0.6288938000798225
token:  Given  prob:  0.09335584193468094  total_p:  0.6288938000798225
token:   This  prob:  0.45584484934806824  total_p:  0.7374325692653656
token:   If  prob:  0.28158771991729736  total_p:  0.7374325692653656
token:   This  prob:  0.6599805355072021  total_p:  0.8962744474411011
token:   If  prob:  0.23629391193389893  total_p:  0.8962744474411011
token:   If  prob:  0.5013501644134521  total_p:  0.8880268037319183
token:   This  prob:  0.3866766393184662  total_p:  0.8880268037319183
token:   This  prob:  0.4648260474205017  total_p:  0.6894538104534149
token:   If  prob:  0.2246277630329132  total_p:  0.6894538104534149
usr_prompt:  Context: A study of young children' s ability to learn foreign languages found that those with parents who read them more than one book per week in their native language were 75% more proficient in the foreign languages that they learned than children whose parents read them one book per week or less. A secondary finding of the study was that children' s ability to remember new vocabulary in a second language drops off sharply after the age of 6, when it becomes 75% more difficult to retain new words learned in the second language.
Question: Assuming the statements above are true, which of the following can be inferred from them?
A. The ease of learning a second language depends almost exclusively on environmental factors.
B. Students whose parents enter them in early education and who read to them frequently are more likely to have extra income and more free time.
C. Students who begin studying a language later in life would have had an easier time learning some aspects of that language if they had begun studying it as a young child.
D. Proficient speakers of a second language are likely to have begun learning it before the age of 6.
token:   The  prob:  0.4907306730747223  total_p:  0.9796102344989777
token:   This  prob:  0.30390647053718567  total_p:  0.9796102344989777
token:   "  prob:  0.1849730908870697  total_p:  0.9796102344989777
token:   Other  prob:  0.2760322690010071  total_p:  0.6302181035280228
token:   There  prob:  0.19839395582675934  total_p:  0.6302181035280228
token:   This  prob:  0.15579187870025635  total_p:  0.6302181035280228
token:   The  prob:  0.3670560121536255  total_p:  0.8384839445352554
token:   While  prob:  0.2662244737148285  total_p:  0.8384839445352554
token:   This  prob:  0.20520345866680145  total_p:  0.8384839445352554
token:   It  prob:  0.6208128929138184  total_p:  0.9143518954515457
token:   This  prob:  0.2130652368068695  total_p:  0.9143518954515457
token:   The  prob:  0.08047376573085785  total_p:  0.9143518954515457
token:  Based  prob:  0.2561486065387726  total_p:  0.6290811896324158
token:  Given  prob:  0.19021956622600555  total_p:  0.6290811896324158
token:  Considering  prob:  0.18271301686763763  total_p:  0.6290811896324158
token:   The  prob:  0.6970707178115845  total_p:  0.9490443989634514
token:   There  prob:  0.1868547946214676  total_p:  0.9490443989634514
token:   While  prob:  0.06511888653039932  total_p:  0.9490443989634514
token:   The  prob:  0.5751137733459473  total_p:  0.9669379070401192
token:   Given  prob:  0.2818276584148407  total_p:  0.9669379070401192
token:   This  prob:  0.10999647527933121  total_p:  0.9669379070401192
token:  Given  prob:  0.24963152408599854  total_p:  0.6104656755924225
token:  Based  prob:  0.22295795381069183  total_p:  0.6104656755924225
token:  The  prob:  0.13787619769573212  total_p:  0.6104656755924225
token:   Additionally  prob:  0.23061323165893555  total_p:  0.6110956966876984
token:   It  prob:  0.22049131989479065  total_p:  0.6110956966876984
token:   Given  prob:  0.15999114513397217  total_p:  0.6110956966876984
token:   Therefore  prob:  0.41067367792129517  total_p:  0.6253015398979187
token:   Thus  prob:  0.21462786197662354  total_p:  0.6253015398979187
token:   It  prob:  0.3252597749233246  total_p:  0.8150442242622375
token:   Additionally  prob:  0.2522682249546051  total_p:  0.8150442242622375
token:   This  prob:  0.23751622438430786  total_p:  0.8150442242622375
token:  Given  prob:  0.2543348968029022  total_p:  0.5742553770542145
token:  Based  prob:  0.17970216274261475  total_p:  0.5742553770542145
token:  Considering  prob:  0.1402183175086975  total_p:  0.5742553770542145
token:  Based  prob:  0.38536593317985535  total_p:  0.6971114128828049
token:  Given  prob:  0.17176808416843414  total_p:  0.6971114128828049
token:  Considering  prob:  0.13997739553451538  total_p:  0.6971114128828049
token:   This  prob:  0.6859956979751587  total_p:  0.8852525651454926
token:   Therefore  prob:  0.19925686717033386  total_p:  0.8852525651454926
token:  Based  prob:  0.3308922052383423  total_p:  0.6416030377149582
token:  Given  prob:  0.1877010315656662  total_p:  0.6416030377149582
token:  Considering  prob:  0.12300980091094971  total_p:  0.6416030377149582
token:  Based  prob:  0.2935889959335327  total_p:  0.5545138865709305
token:  Considering  prob:  0.1416746973991394  total_p:  0.5545138865709305
token:  The  prob:  0.11925019323825836  total_p:  0.5545138865709305
usr_prompt:  Context: Big-game trophy hunting is the hunting of large terrestrial mammals, typically in reference to Africa' s "Big Five" game -- lions, African elephants, Cape buffalos, leopards, and rhinoceroses. Despite widespread criticism and vocal public protest, big-game trophy hunting is entirely defensible. The controversial practice places a monetary value on the "Big Five" game. Hunters spend millions of dollars in Africa, which allows the participating countries to better care for the animals.
Question: Which one of the following, if true, most strengthens the argument?
A. The widespread criticism and vocal public protest is misguided.
B. None of the "Big Five" animals are endangered.
C. The hunters are only allowed to hunt sick or elderly animals.
D. African countries would otherwise not be able to afford to protect the animals.
token:  To  prob:  0.5926522612571716  total_p:  0.9474034160375595
token:  Let  prob:  0.248481884598732  total_p:  0.9474034160375595
token:  The  prob:  0.10626927018165588  total_p:  0.9474034160375595
token:   This  prob:  0.43378034234046936  total_p:  0.9277356415987015
token:   The  prob:  0.3145096004009247  total_p:  0.9277356415987015
token:   "  prob:  0.17944569885730743  total_p:  0.9277356415987015
token:   "  prob:  0.4193778932094574  total_p:  0.977858379483223
token:   The  prob:  0.33390089869499207  total_p:  0.977858379483223
token:   This  prob:  0.2245795875787735  total_p:  0.977858379483223
token:   In  prob:  0.3852785527706146  total_p:  0.7558704167604446
token:   It  prob:  0.21746720373630524  total_p:  0.7558704167604446
token:   Even  prob:  0.15312466025352478  total_p:  0.7558704167604446
token:  The  prob:  0.5119675397872925  total_p:  0.8776772357523441
token:  Option  prob:  0.3154471516609192  total_p:  0.8776772357523441
token:  </  prob:  0.05026254430413246  total_p:  0.8776772357523441
token:   This  prob:  0.5708885192871094  total_p:  0.8063050508499146
token:   If  prob:  0.23541653156280518  total_p:  0.8063050508499146
token:   This  prob:  0.6270274519920349  total_p:  0.9520300477743149
token:   While  prob:  0.1812516301870346  total_p:  0.9520300477743149
token:   If  prob:  0.14375096559524536  total_p:  0.9520300477743149
token:   While  prob:  0.4202456772327423  total_p:  0.7910609543323517
token:   This  prob:  0.3708152770996094  total_p:  0.7910609543323517
token:   This  prob:  0.4656427502632141  total_p:  0.7753317058086395
token:   All  prob:  0.3096889555454254  total_p:  0.7753317058086395
token:  Option  prob:  0.6577399373054504  total_p:  0.8758060038089752
token:  The  prob:  0.21806606650352478  total_p:  0.8758060038089752
token:   This  prob:  0.6704676747322083  total_p:  0.9451301693916321
token:   While  prob:  0.218936026096344  total_p:  0.9451301693916321
token:   All  prob:  0.055726468563079834  total_p:  0.9451301693916321
token:  Option  prob:  0.3999258577823639  total_p:  0.7733154296875
token:  The  prob:  0.3733895719051361  total_p:  0.7733154296875
token:  Option  prob:  0.5007084012031555  total_p:  0.8863623142242432
token:  The  prob:  0.38565391302108765  total_p:  0.8863623142242432
token:  Option  prob:  0.454424113035202  total_p:  0.7915474474430084
token:  The  prob:  0.3371233344078064  total_p:  0.7915474474430084
token:  Option  prob:  0.4052424430847168  total_p:  0.851941779255867
token:  The  prob:  0.36684420704841614  total_p:  0.851941779255867
token:  Given  prob:  0.07985512912273407  total_p:  0.851941779255867
usr_prompt:  Context: In the first phase of the Industrial Revolution, machines were invented whose main advantage was that they worked faster than human workers. This technology became widely used because it was economically attractive; many unskilled workers could be replaced by just a few skilled workers. Today managers are looking for technology that will allow them to replace highly paid skilled workers with a smaller number of less-skilled workers.
Question: The examples presented above best illustrate which one of the following propositions?
A. Workers will need to acquire more education and skills to remain competitive in the labor market.
B. Employers utilize new technology because it allows them to reduce labor costs.
C. In seeking employment, highly skilled workers no longer have an advantage over less-skilled workers.
D. Technology eliminates many jobs but also creates just as many jobs.
token:  Let  prob:  0.6922896504402161  total_p:  0.9677051156759262
token:  To  prob:  0.22651544213294983  total_p:  0.9677051156759262
token:  The  prob:  0.048900023102760315  total_p:  0.9677051156759262
token:   The  prob:  0.7059113383293152  total_p:  0.9657172858715057
token:   In  prob:  0.13048312067985535  total_p:  0.9657172858715057
token:   **  prob:  0.1293228268623352  total_p:  0.9657172858715057
token:   Initially  prob:  0.44551682472229004  total_p:  0.8000796660780907
token:   It  prob:  0.24748267233371735  total_p:  0.8000796660780907
token:   The  prob:  0.10708016902208328  total_p:  0.8000796660780907
token:   This  prob:  0.5054005980491638  total_p:  0.8825200200080872
token:   Let  prob:  0.37711942195892334  total_p:  0.8825200200080872
token:   Let  prob:  0.6067684888839722  total_p:  0.8774937614798546
token:   Option  prob:  0.2122042030096054  total_p:  0.8774937614798546
token:   Looking  prob:  0.05852106958627701  total_p:  0.8774937614798546
token:  Based  prob:  0.45573240518569946  total_p:  0.705920547246933
token:  The  prob:  0.12561875581741333  total_p:  0.705920547246933
token:  Given  prob:  0.12456938624382019  total_p:  0.705920547246933
token:  Let  prob:  0.38409513235092163  total_p:  0.7035230696201324
token:  Option  prob:  0.3194279372692108  total_p:  0.7035230696201324
token:  Option  prob:  0.34956762194633484  total_p:  0.834069699048996
token:  The  prob:  0.2655816972255707  total_p:  0.834069699048996
token:  Based  prob:  0.21892037987709045  total_p:  0.834069699048996
token:   The  prob:  0.6144710183143616  total_p:  0.9470603764057159
token:   This  prob:  0.19370995461940765  total_p:  0.9470603764057159
token:   While  prob:  0.13887940347194672  total_p:  0.9470603764057159
token:  Based  prob:  0.4263238310813904  total_p:  0.7464099079370499
token:  The  prob:  0.19388699531555176  total_p:  0.7464099079370499
token:  Given  prob:  0.12619908154010773  total_p:  0.7464099079370499
usr_prompt:  Context: It is likely that most of the new television programs Wilke & Wilke produce for this season will be canceled. Most of the new shows they produced last season were canceled due to insufficient viewership. Furthermore, their new shows are all police dramas, and few police dramas have been popular in recent years.
Question: Which one of the following, if true, most helps to strengthen the argument?
A. None of the shows that Wilke & Wilke produced last year that were not canceled were police dramas.
B. All of the new shows that Wilke & Wilke produced last year that were canceled were police dramas.
C. Most of the shows that Wilke & Wilke produced last year were police dramas.
D. Wilke & Wilke have produced more new shows for this season than they produced last season.
token:  To  prob:  0.5788859128952026  total_p:  0.9651604443788528
token:  Let  prob:  0.27105095982551575  total_p:  0.9651604443788528
token:  The  prob:  0.11522357165813446  total_p:  0.9651604443788528
token:  A  prob:  0.5743789672851562  total_p:  0.9334329068660736
token:  Option  prob:  0.19021888077259064  total_p:  0.9334329068660736
token:  Let  prob:  0.16883505880832672  total_p:  0.9334329068660736
token:   Most  prob:  0.5864982604980469  total_p:  0.8910812363028526
token:   Many  prob:  0.22177644073963165  total_p:  0.8910812363028526
token:   They  prob:  0.0828065350651741  total_p:  0.8910812363028526
token:   All  prob:  0.35717397928237915  total_p:  0.7769475281238556
token:   These  prob:  0.22875139117240906  total_p:  0.7769475281238556
token:   Their  prob:  0.19102215766906738  total_p:  0.7769475281238556
token:  To  prob:  0.6365042924880981  total_p:  0.9319726824760437
token:  We  prob:  0.29546838998794556  total_p:  0.9319726824760437
token:  A  prob:  0.4656367301940918  total_p:  0.9555788487195969
token:  Option  prob:  0.3387117385864258  total_p:  0.9555788487195969
token:  Let  prob:  0.15123037993907928  total_p:  0.9555788487195969
token:   This  prob:  0.6801923513412476  total_p:  0.9253297224640846
token:   "  prob:  0.13802850246429443  total_p:  0.9253297224640846
token:   None  prob:  0.10710886865854263  total_p:  0.9253297224640846
token:  Option  prob:  0.576964795589447  total_p:  0.8244001269340515
token:  The  prob:  0.2474353313446045  total_p:  0.8244001269340515
token:   This  prob:  0.6739946007728577  total_p:  0.9306709542870522
token:   While  prob:  0.1669647991657257  total_p:  0.9306709542870522
token:   However  prob:  0.08971155434846878  total_p:  0.9306709542870522
token:   This  prob:  0.609413743019104  total_p:  0.9723080173134804
token:   While  prob:  0.2773698568344116  total_p:  0.9723080173134804
token:   However  prob:  0.08552441745996475  total_p:  0.9723080173134804
token:  Therefore  prob:  0.22096310555934906  total_p:  0.6164935231208801
token:  Option  prob:  0.20401552319526672  total_p:  0.6164935231208801
token:  The  prob:  0.19151489436626434  total_p:  0.6164935231208801
token:  Option  prob:  0.6404951214790344  total_p:  0.7988918572664261
token:  The  prob:  0.15839673578739166  total_p:  0.7988918572664261
token:   It  prob:  0.4756707549095154  total_p:  0.9455305188894272
token:   If  prob:  0.3296930491924286  total_p:  0.9455305188894272
token:   This  prob:  0.14016671478748322  total_p:  0.9455305188894272
token:  The  prob:  0.30042457580566406  total_p:  0.5947620570659637
token:  Option  prob:  0.2943374812602997  total_p:  0.5947620570659637
token:  The  prob:  0.30713459849357605  total_p:  0.5528415590524673
token:  Option  prob:  0.2457069605588913  total_p:  0.5528415590524673
token:  Option  prob:  0.42891955375671387  total_p:  0.7627989500761032
token:  The  prob:  0.25367072224617004  total_p:  0.7627989500761032
token:  Among  prob:  0.0802086740732193  total_p:  0.7627989500761032
usr_prompt:  Context: Kim: The rapidly growing world population is increasing demands of food producers in ways that threaten our natural resources. With more land needed for both food production and urban areas, less land will be available for forests and wildlife habitats. Hampton: You are overlooking the promise of technology. I am confident that improvements in agriculture will allow us to feed the world population of ten billion predicted for 2050 without significantly increasing the percentage of the world' s land now devoted to agriculture.
Question: Kim's and Hampton's statements most strongly support the claim that both of them would agree with which one of the following?
A. The human diet needs to be modified in the next half century because of the depletion of our natural resources due to overpopulation.
B. Agricultural and wilderness areas need to be protected from urban encroachment by preparing urban areas for greater population density.
C. Efforts should be taken to slow the rate of human population growth and to increase the amount of land committed to agriculture.
D. Continued research into more-efficient agricultural practices and innovative biotechnology aimed at producing more food on less land would be beneficial.
token:  Kim  prob:  0.6705052256584167  total_p:  0.9920617043972015
token:  -  prob:  0.2408946007490158  total_p:  0.9920617043972015
token:  1  prob:  0.08066187798976898  total_p:  0.9920617043972015
token:  Now  prob:  0.6106633543968201  total_p:  0.7280323207378387
token:  Looking  prob:  0.11736896634101868  total_p:  0.7280323207378387
token:   This  prob:  0.4730065166950226  total_p:  0.841174028813839
token:   Hampton  prob:  0.2475862205028534  total_p:  0.841174028813839
token:   She  prob:  0.12058129161596298  total_p:  0.841174028813839
token:  Now  prob:  0.49062833189964294  total_p:  0.8274054303765297
token:  Looking  prob:  0.2668853998184204  total_p:  0.8274054303765297
token:  Option  prob:  0.06989169865846634  total_p:  0.8274054303765297
token:   Hampton  prob:  0.7577672600746155  total_p:  0.8651034384965897
token:   This  prob:  0.10733617842197418  total_p:  0.8651034384965897
token:  Now  prob:  0.578880786895752  total_p:  0.8342690579593182
token:  Looking  prob:  0.197760209441185  total_p:  0.8342690579593182
token:  Option  prob:  0.05762806162238121  total_p:  0.8342690579593182
token:  The  prob:  0.3532184064388275  total_p:  0.6779640913009644
token:  Option  prob:  0.20390374958515167  total_p:  0.6779640913009644
token:  Given  prob:  0.12084193527698517  total_p:  0.6779640913009644
token:  Now  prob:  0.44285812973976135  total_p:  0.7647947147488594
token:  Option  prob:  0.19870620965957642  total_p:  0.7647947147488594
token:  Looking  prob:  0.12323037534952164  total_p:  0.7647947147488594
token:  Given  prob:  0.23218731582164764  total_p:  0.534445658326149
token:  The  prob:  0.16126486659049988  total_p:  0.534445658326149
token:  Based  prob:  0.14099347591400146  total_p:  0.534445658326149
token:   Hampton  prob:  0.4173298478126526  total_p:  0.8183108866214752
token:   
  prob:  0.40098103880882263  total_p:  0.8183108866214752
token:   Neither  prob:  0.4663751721382141  total_p:  0.8569194972515106
token:   Kim  prob:  0.2223503738641739  total_p:  0.8569194972515106
token:   Both  prob:  0.16819395124912262  total_p:  0.8569194972515106
token:   Kim  prob:  0.6269701719284058  total_p:  0.8491023257374763
token:   Both  prob:  0.11387026309967041  total_p:  0.8491023257374763
token:   Neither  prob:  0.10826189070940018  total_p:  0.8491023257374763
token:   This  prob:  0.6502932906150818  total_p:  0.8269556909799576
token:   Kim  prob:  0.09844813495874405  total_p:  0.8269556909799576
token:   While  prob:  0.07821426540613174  total_p:  0.8269556909799576
token:   Kim  prob:  0.6444050073623657  total_p:  0.9068775251507759
token:   Neither  prob:  0.1789325326681137  total_p:  0.9068775251507759
token:   Both  prob:  0.08353998512029648  total_p:  0.9068775251507759
token:  The  prob:  0.401521772146225  total_p:  0.5452389717102051
token:  Given  prob:  0.1437171995639801  total_p:  0.5452389717102051
token:   Hampton  prob:  0.5197065472602844  total_p:  0.888140857219696
token:   This  prob:  0.3684343099594116  total_p:  0.888140857219696
token:   </  prob:  0.6067829728126526  total_p:  0.8583584427833557
token:   It  prob:  0.2515754699707031  total_p:  0.8583584427833557
token:   Kim  prob:  0.7637654542922974  total_p:  0.8681571707129478
token:   Hampton  prob:  0.10439171642065048  total_p:  0.8681571707129478
token:   Their  prob:  0.2939029932022095  total_p:  0.5408810526132584
token:   They  prob:  0.2469780594110489  total_p:  0.5408810526132584
token:   They  prob:  0.30492183566093445  total_p:  0.6934191435575485
token:   This  prob:  0.22303323447704315  total_p:  0.6934191435575485
token:   There  prob:  0.16546407341957092  total_p:  0.6934191435575485
token:  Option  prob:  0.5168581604957581  total_p:  0.8378456383943558
token:  The  prob:  0.25992831587791443  total_p:  0.8378456383943558
token:  Based  prob:  0.06105916202068329  total_p:  0.8378456383943558
usr_prompt:  Context: Despite the best efforts of journalists to be objective, it is inevitable that their own biases will enter their reporting, even if inadvertently. Ttherefore, it is imperative that a trained editor look over journalists' work with an eye toward detecting and removing their biases, so as to make reporting as objective as possible.
Question: Each of the following is an assumption on which the argument depends EXCEPT:
A. Journalists do not eliminate all of the biases that enter their reporting.
B. Trained editors are able to detect at least some biases of journalists.
C. Journalists' reporting that is not objective is not taken seriously by trained editors.
D. It is imperative that reporting be as objective as possible.
token:  1  prob:  0.6556301116943359  total_p:  0.9903761893510818
token:  The  prob:  0.2803264856338501  total_p:  0.9903761893510818
token:  -  prob:  0.05441959202289581  total_p:  0.9903761893510818
token:   Editors  prob:  0.5206314325332642  total_p:  0.8548407480120659
token:   Tr  prob:  0.27060431241989136  total_p:  0.8548407480120659
token:   A  prob:  0.06360500305891037  total_p:  0.8548407480120659
token:   This  prob:  0.3628919720649719  total_p:  0.7150082737207413
token:   The  prob:  0.212307408452034  total_p:  0.7150082737207413
token:   Therefore  prob:  0.13980889320373535  total_p:  0.7150082737207413
token:   This  prob:  0.36065956950187683  total_p:  0.6695913076400757
token:   The  prob:  0.1974424123764038  total_p:  0.6695913076400757
token:   Thus  prob:  0.11148932576179504  total_p:  0.6695913076400757
token:   Journal  prob:  0.6425374746322632  total_p:  0.8326480686664581
token:   **  prob:  0.19011059403419495  total_p:  0.8326480686664581
token:  The  prob:  0.1485883593559265  total_p:  0.401104211807251
token:  Therefore  prob:  0.13920271396636963  total_p:  0.401104211807251
token:  After  prob:  0.11331313848495483  total_p:  0.401104211807251
token:   Journal  prob:  0.667883574962616  total_p:  0.9713310301303864
token:   **  prob:  0.1688690334558487  total_p:  0.9713310301303864
token:   "  prob:  0.1345784217119217  total_p:  0.9713310301303864
token:  Option  prob:  0.19937202334403992  total_p:  0.49018366634845734
token:  The  prob:  0.1923954337835312  total_p:  0.49018366634845734
token:  Based  prob:  0.09841620922088623  total_p:  0.49018366634845734
token:   The  prob:  0.6162490248680115  total_p:  0.8447900861501694
token:   Whether  prob:  0.11427238583564758  total_p:  0.8447900861501694
token:   It  prob:  0.11426867544651031  total_p:  0.8447900861501694
token:   This  prob:  0.2608145773410797  total_p:  0.6347520798444748
token:   The  prob:  0.22828280925750732  total_p:  0.6347520798444748
token:   Whether  prob:  0.14565469324588776  total_p:  0.6347520798444748
token:  Given  prob:  0.15541604161262512  total_p:  0.3814392387866974
token:  After  prob:  0.13884902000427246  total_p:  0.3814392387866974
token:  Considering  prob:  0.0871741771697998  total_p:  0.3814392387866974
token:  Given  prob:  0.17148733139038086  total_p:  0.43356868624687195
token:  Considering  prob:  0.13609769940376282  total_p:  0.43356868624687195
token:  The  prob:  0.12598365545272827  total_p:  0.43356868624687195
token:  Given  prob:  0.19290557503700256  total_p:  0.40018075704574585
token:  After  prob:  0.11337609589099884  total_p:  0.40018075704574585
token:  Considering  prob:  0.09389908611774445  total_p:  0.40018075704574585
token:  After  prob:  0.26078855991363525  total_p:  0.3965393453836441
token:  Given  prob:  0.13575078547000885  total_p:  0.3965393453836441
token:  After  prob:  0.16549152135849  total_p:  0.430223748087883
token:  Given  prob:  0.1532345712184906  total_p:  0.430223748087883
token:  Based  prob:  0.1114976555109024  total_p:  0.430223748087883
token:  Given  prob:  0.19137491285800934  total_p:  0.48845454305410385
token:  After  prob:  0.17503297328948975  total_p:  0.48845454305410385
token:  Based  prob:  0.12204665690660477  total_p:  0.48845454305410385
token:   The  prob:  0.3326294720172882  total_p:  0.5497727543115616
token:   

  prob:  0.21714328229427338  total_p:  0.5497727543115616
usr_prompt:  Context: If a society encourages freedom of thought and expression, then, during the time when it does so, creativity will flourish in that society. In the United States creativity flourished during the eighteenth century. It is clear, ttherefore, that freedom of thought was encouraged in the United States during eighteenth century.
Question: An error of reasoning of the same kind as one contained in the passage is present in each of EXCEPT:
A. According to the airline industry, airfares have to rise if air travel is to be made safer; since airfares were just raised, we can rest assured that air travel will ttherefore become safer.
B. People who are really interested in the preservation of wildlife obviously do not go hunting for big game; since Gerda has never gone hunting for big game and intends never to do so, it is clear that she is really interested in the preservation of wildlife.
C. If the contents of a bottle are safe to drink, the bottle will not be marked "poison, " so, since the bottle is not marked "poison, " its contents will be safe to drink.
D. None of the so-called Western democracies is really democratic, because, for a country to be democratic, the opinion of each of its citizens must have a meaningful effect on government, and in none of these countries does each citizen's opinion have such an effect.
token:   It  prob:  0.7528324723243713  total_p:  0.857073063030839
token:   Then  prob:  0.0763150230050087  total_p:  0.857073063030839
token:   From  prob:  0.02792556770145893  total_p:  0.857073063030839
token:   This  prob:  0.5334771275520325  total_p:  0.9823580402880907
token:   The  prob:  0.4292761981487274  total_p:  0.9823580402880907
token:   However  prob:  0.019604714587330818  total_p:  0.9823580402880907
token:  Now  prob:  0.8104219436645508  total_p:  0.9222451746463776
token:  Let  prob:  0.07703285664319992  total_p:  0.9222451746463776
token:  Next  prob:  0.03479037433862686  total_p:  0.9222451746463776
token:   This  prob:  0.6845051646232605  total_p:  0.8648888133466244
token:   The  prob:  0.14903157949447632  total_p:  0.8648888133466244
token:   Air  prob:  0.03135206922888756  total_p:  0.8648888133466244
token:   This  prob:  0.698711097240448  total_p:  0.945031113922596
token:   However  prob:  0.1835244745016098  total_p:  0.945031113922596
token:   It  prob:  0.06279554218053818  total_p:  0.945031113922596
token:   This  prob:  0.7287721037864685  total_p:  0.8725451715290546
token:   The  prob:  0.09629296511411667  total_p:  0.8725451715290546
token:   "  prob:  0.04748010262846947  total_p:  0.8725451715290546
token:   This  prob:  0.48564982414245605  total_p:  0.8293426930904388
token:   It  prob:  0.3436928689479828  total_p:  0.8293426930904388
token:  The  prob:  0.43173161149024963  total_p:  0.5917853862047195
token:  <  prob:  0.1600537747144699  total_p:  0.5917853862047195
token:   This  prob:  0.5897732377052307  total_p:  0.9431052207946777
token:   It  prob:  0.1775975227355957  total_p:  0.9431052207946777
token:   While  prob:  0.17573446035385132  total_p:  0.9431052207946777
token:   However  prob:  0.3344936668872833  total_p:  0.6640678942203522
token:   This  prob:  0.32957422733306885  total_p:  0.6640678942203522
token:   If  prob:  0.30353257060050964  total_p:  0.7227473706007004
token:   It  prob:  0.2821028232574463  total_p:  0.7227473706007004
token:   The  prob:  0.13711197674274445  total_p:  0.7227473706007004
token:  The  prob:  0.2655777931213379  total_p:  0.5222258418798447
token:  Considering  prob:  0.13559314608573914  total_p:  0.5222258418798447
token:  Option  prob:  0.12105490267276764  total_p:  0.5222258418798447
token:  The  prob:  0.28878045082092285  total_p:  0.5432915538549423
token:  Considering  prob:  0.13961368799209595  total_p:  0.5432915538549423
token:  Option  prob:  0.11489741504192352  total_p:  0.5432915538549423
token:  The  prob:  0.3932327330112457  total_p:  0.5408810377120972
token:  Option  prob:  0.14764830470085144  total_p:  0.5408810377120972
token:   The  prob:  0.20540229976177216  total_p:  0.5405322015285492
token:   However  prob:  0.18383194506168365  total_p:  0.5405322015285492
token:   This  prob:  0.15129795670509338  total_p:  0.5405322015285492
token:   It  prob:  0.6282981038093567  total_p:  0.9092546552419662
token:   The  prob:  0.17267869412899017  total_p:  0.9092546552419662
token:   There  prob:  0.10827785730361938  total_p:  0.9092546552419662
token:  The  prob:  0.38005292415618896  total_p:  0.5932895764708519
token:  Therefore  prob:  0.13538804650306702  total_p:  0.5932895764708519
token:  Based  prob:  0.07784860581159592  total_p:  0.5932895764708519
usr_prompt:  Context: A large survey of scientists found that almost all accept Wang' s Law, and almost all know the results of the Brown-Eisler Experiment. But those results together with Wang' s Law contradict the Minsk Hypothesis. Ttherefore, most of the scientists surveyed reject the Minsk Hypothesis.
Question: The argument requires assuming which one of the following?
A. Wang's Law has in fact been shown to be true.
B. The scientists surveyed are generally aware that the results of the Brown-Eisler Experiment together with Wang's Law contradict the Minsk Hypothesis.
C. The sample is large enough to be representative of scientists in the field.
D. Almost all of the scientists surveyed are familiar with the way in which the results of the Brown-Eisler Experiment were obtained.
token:   These  prob:  0.6167137026786804  total_p:  0.8860904574394226
token:   However  prob:  0.19590139389038086  total_p:  0.8860904574394226
token:   It  prob:  0.07347536087036133  total_p:  0.8860904574394226
token:  Now  prob:  0.3391737639904022  total_p:  0.7561484277248383
token:  The  prob:  0.21306680142879486  total_p:  0.7561484277248383
token:  We  prob:  0.20390786230564117  total_p:  0.7561484277248383
token:   Wang  prob:  0.6235551238059998  total_p:  0.983163233846426
token:   This  prob:  0.30771929025650024  total_p:  0.983163233846426
token:   "  prob:  0.05188881978392601  total_p:  0.983163233846426
token:   If  prob:  0.4687821865081787  total_p:  0.9812860414385796
token:   For  prob:  0.4123973250389099  total_p:  0.9812860414385796
token:   The  prob:  0.10010652989149094  total_p:  0.9812860414385796
token:   We  prob:  0.378864586353302  total_p:  0.7767348885536194
token:   Let  prob:  0.23921777307987213  total_p:  0.7767348885536194
token:   An  prob:  0.15865252912044525  total_p:  0.7767348885536194
token:  A  prob:  0.5428621172904968  total_p:  0.9059267938137054
token:  Option  prob:  0.2294072061777115  total_p:  0.9059267938137054
token:  Let  prob:  0.13365747034549713  total_p:  0.9059267938137054
token:  A  prob:  0.4993208348751068  total_p:  0.8564072176814079
token:  Let  prob:  0.2408987134695053  total_p:  0.8564072176814079
token:  Option  prob:  0.1161876693367958  total_p:  0.8564072176814079
token:   The  prob:  0.42124372720718384  total_p:  0.9280265271663666
token:   However  prob:  0.2852834165096283  total_p:  0.9280265271663666
token:   While  prob:  0.22149938344955444  total_p:  0.9280265271663666
token:   This  prob:  0.5915627479553223  total_p:  0.7966022342443466
token:   Therefore  prob:  0.11259055882692337  total_p:  0.7966022342443466
token:   So  prob:  0.09244892746210098  total_p:  0.7966022342443466
token:   This  prob:  0.39781293272972107  total_p:  0.7385823875665665
token:   Given  prob:  0.18463920056819916  total_p:  0.7385823875665665
token:   The  prob:  0.15613025426864624  total_p:  0.7385823875665665
token:   If  prob:  0.6543686389923096  total_p:  0.9311307445168495
token:   The  prob:  0.1681654304265976  total_p:  0.9311307445168495
token:   Without  prob:  0.10859667509794235  total_p:  0.9311307445168495
token:   The  prob:  0.4708612561225891  total_p:  0.7747240960597992
token:   This  prob:  0.17725425958633423  total_p:  0.7747240960597992
token:   Therefore  prob:  0.12660858035087585  total_p:  0.7747240960597992
token:   The  prob:  0.6045583486557007  total_p:  0.8843506574630737
token:   Fam  prob:  0.27979230880737305  total_p:  0.8843506574630737
token:   The  prob:  0.366150826215744  total_p:  0.7658409848809242
token:   This  prob:  0.3112749457359314  total_p:  0.7658409848809242
token:   Therefore  prob:  0.08841521292924881  total_p:  0.7658409848809242
token:   The  prob:  0.3155156970024109  total_p:  0.7614187151193619
token:   They  prob:  0.27906420826911926  total_p:  0.7614187151193619
token:   It  prob:  0.16683880984783173  total_p:  0.7614187151193619
token:   This  prob:  0.5269017815589905  total_p:  0.8903830647468567
token:   The  prob:  0.3634812831878662  total_p:  0.8903830647468567
token:  Option  prob:  0.23901881277561188  total_p:  0.4553133547306061
token:  The  prob:  0.2162945419549942  total_p:  0.4553133547306061
token:   The  prob:  0.5040248036384583  total_p:  0.765449583530426
token:   Fam  prob:  0.2614247798919678  total_p:  0.765449583530426
token:   Fam  prob:  0.3926202356815338  total_p:  0.6794380247592926
token:   Knowing  prob:  0.1559285819530487  total_p:  0.6794380247592926
token:   The  prob:  0.13088920712471008  total_p:  0.6794380247592926
token:   The  prob:  0.5468941330909729  total_p:  0.7875703573226929
token:   Fam  prob:  0.24067622423171997  total_p:  0.7875703573226929
token:   The  prob:  0.46589893102645874  total_p:  0.770815908908844
token:   Fam  prob:  0.30491697788238525  total_p:  0.770815908908844
token:   The  prob:  0.5528231263160706  total_p:  0.8767445795238018
token:   Fam  prob:  0.26629623770713806  total_p:  0.8767445795238018
token:   Knowing  prob:  0.057625215500593185  total_p:  0.8767445795238018
token:   This  prob:  0.5215002298355103  total_p:  0.8824092149734497
token:   The  prob:  0.36090898513793945  total_p:  0.8824092149734497
token:   Fam  prob:  0.6540502905845642  total_p:  0.8904590457677841
token:   This  prob:  0.2364087551832199  total_p:  0.8904590457677841
token:   This  prob:  0.5932257175445557  total_p:  0.8876728117465973
token:   The  prob:  0.2944470942020416  total_p:  0.8876728117465973
token:  Considering  prob:  0.21046796441078186  total_p:  0.40282557904720306
token:  Given  prob:  0.1923576146364212  total_p:  0.40282557904720306
token:   This  prob:  0.49907398223876953  total_p:  0.8682167530059814
token:   The  prob:  0.3691427707672119  total_p:  0.8682167530059814
token:  Considering  prob:  0.199432834982872  total_p:  0.517922043800354
token:  Option  prob:  0.18513639271259308  total_p:  0.517922043800354
token:  Based  prob:  0.13335281610488892  total_p:  0.517922043800354
token:   This  prob:  0.4407046139240265  total_p:  0.855081170797348
token:   Fam  prob:  0.41437655687332153  total_p:  0.855081170797348
token:   While  prob:  0.4923851490020752  total_p:  0.992611825466156
token:   This  prob:  0.3805430829524994  total_p:  0.992611825466156
token:   The  prob:  0.11968359351158142  total_p:  0.992611825466156
token:  Therefore  prob:  0.21606142818927765  total_p:  0.38471709191799164
token:  The  prob:  0.168655663728714  total_p:  0.38471709191799164
token:   While  prob:  0.49933379888534546  total_p:  0.9916620850563049
token:   This  prob:  0.35885152220726013  total_p:  0.9916620850563049
token:   The  prob:  0.13347676396369934  total_p:  0.9916620850563049
token:  Therefore  prob:  0.1881500780582428  total_p:  0.5101975500583649
token:  The  prob:  0.18553964793682098  total_p:  0.5101975500583649
token:  Given  prob:  0.1365078240633011  total_p:  0.5101975500583649
token:  Given  prob:  0.19735315442085266  total_p:  0.5439475476741791
token:  Based  prob:  0.17503874003887177  total_p:  0.5439475476741791
token:  Considering  prob:  0.17155565321445465  total_p:  0.5439475476741791
token:   The  prob:  0.7047920823097229  total_p:  0.8378817588090897
token:   What  prob:  0.13308967649936676  total_p:  0.8378817588090897
token:  The  prob:  0.23518481850624084  total_p:  0.5332863330841064
token:  Therefore  prob:  0.17035441100597382  total_p:  0.5332863330841064
token:  Given  prob:  0.12774710357189178  total_p:  0.5332863330841064
usr_prompt:  Context: Advertisement: Our oat bran cereal is the only one that has printed right on its package all of its claimed health benefits. And really health-conscious consumers have demonstrated that these health claims are true by buying our cereal since they would not have bought our cereal unless the claims were true. How do we know these consumers are really health-conscious? No really health-conscious consumer would buy food in a package that did not have accurate information about the food' s health benefits printed on it.
Question: Which one of the following employs a flawed argumentative strategy that is most closely parallel to the flawed argumentative strategy in the advertisement above?
A. This card game must be intellectually challenging, because it is played by highly intelligent people, who play only intellectually challenging card games. In fact, these players' intelligence is demonstrated by the fact that they play this game.
B. This painting is a poor imitation, because only people with poor eyesight mistook it for the original. That these people have poor eyesight is demonstrated by the fact that they also mistook a vase of flowers in the painting for a peacock.
C. That jacket must have been made for a very short person, because only very short people were able to fit into it. We know that they were very short because we saw them before they tried on the jacket.
D. When coffee is being chosen, Brand Z is the coffee chosen by people with highly developed taste in coffee. These people showed their highly developed taste in coffee by correctly distinguishing eight brands of coffee from each other in a taste test.
token:  The  prob:  0.4405848979949951  total_p:  0.7553663998842239
token:  1  prob:  0.1680617481470108  total_p:  0.7553663998842239
token:  <  prob:  0.14671975374221802  total_p:  0.7553663998842239
token:   Consumers  prob:  0.5550373196601868  total_p:  0.9619565978646278
token:   Health  prob:  0.37024903297424316  total_p:  0.9619565978646278
token:   People  prob:  0.036670245230197906  total_p:  0.9619565978646278
token:   Therefore  prob:  0.5337138772010803  total_p:  0.7317918688058853
token:   These  prob:  0.11630770564079285  total_p:  0.7317918688058853
token:   Since  prob:  0.08177028596401215  total_p:  0.7317918688058853
token:   This  prob:  0.5511237978935242  total_p:  0.9144386947154999
token:   It  prob:  0.2144019454717636  total_p:  0.9144386947154999
token:   The  prob:  0.1489129513502121  total_p:  0.9144386947154999
token:  The  prob:  0.43268170952796936  total_p:  0.8756024055182934
token:  This  prob:  0.38564997911453247  total_p:  0.8756024055182934
token:  Key  prob:  0.05727071687579155  total_p:  0.8756024055182934
token:  The  prob:  0.4904445707798004  total_p:  0.8773761689662933
token:  This  prob:  0.3869315981864929  total_p:  0.8773761689662933
token:  The  prob:  0.20612888038158417  total_p:  0.4704364314675331
token:  Given  prob:  0.14456774294376373  total_p:  0.4704364314675331
token:  Based  prob:  0.11973980814218521  total_p:  0.4704364314675331
token:  Given  prob:  0.13036444783210754  total_p:  0.3713637888431549
token:  The  prob:  0.12344212085008621  total_p:  0.3713637888431549
token:  Based  prob:  0.11755722016096115  total_p:  0.3713637888431549
token:  After  prob:  0.16324135661125183  total_p:  0.47349807620048523
token:  Given  prob:  0.15693050622940063  total_p:  0.47349807620048523
token:  Based  prob:  0.15332621335983276  total_p:  0.47349807620048523
token:   This  prob:  0.4333452880382538  total_p:  0.8325167298316956
token:   It  prob:  0.3991714417934418  total_p:  0.8325167298316956
token:  The  prob:  0.28978899121284485  total_p:  0.6676353514194489
token:  Option  prob:  0.21453459560871124  total_p:  0.6676353514194489
token:  After  prob:  0.16331176459789276  total_p:  0.6676353514194489
token:  The  prob:  0.3303627371788025  total_p:  0.5366600453853607
token:  Option  prob:  0.20629730820655823  total_p:  0.5366600453853607
token:  Option  prob:  0.34407714009284973  total_p:  0.7778606489300728
token:  The  prob:  0.3161376416683197  total_p:  0.7778606489300728
token:  <  prob:  0.11764586716890335  total_p:  0.7778606489300728
token:   It  prob:  0.6119560599327087  total_p:  0.8615125045180321
token:   This  prob:  0.17459550499916077  total_p:  0.8615125045180321
token:   The  prob:  0.07496093958616257  total_p:  0.8615125045180321
token:   This  prob:  0.5174243450164795  total_p:  0.7674712240695953
token:   It  prob:  0.25004687905311584  total_p:  0.7674712240695953
token:   Option  prob:  0.37530604004859924  total_p:  0.6245481669902802
token:   The  prob:  0.2492421269416809  total_p:  0.6245481669902802
token:   Both  prob:  0.3872682452201843  total_p:  0.6075157970190048
token:   Options  prob:  0.2202475517988205  total_p:  0.6075157970190048
token:   It  prob:  0.6696575284004211  total_p:  0.9282314032316208
token:   The  prob:  0.13694842159748077  total_p:  0.9282314032316208
token:   This  prob:  0.12162545323371887  total_p:  0.9282314032316208
token:  The  prob:  0.3759087026119232  total_p:  0.6978927552700043
token:  Option  prob:  0.32198405265808105  total_p:  0.6978927552700043
token:   This  prob:  0.4421495795249939  total_p:  0.9270986914634705
token:   However  prob:  0.29645705223083496  total_p:  0.9270986914634705
token:   It  prob:  0.1884920597076416  total_p:  0.9270986914634705
usr_prompt:  Context: Film historians often find it difficult to determine typical audience members' responses to particular films, especially those from the early twentieth century. Box office figures help little, for they indicate only a film' s financial success or failure; they do not show what audiences found funny, or frightening, or moving. These historians also find that newspaper and magazine reviews fail to provide much insight.
Question: Which one of the following is most strongly supported by the statements above?
A. Newspaper and magazine reviews of films are usually written in advance of a film's general release.
B. Typical audience members' responses to films from the latter part of the twentieth century are easy to determine .
C. Film historians do not believe that film reviews in newspapers and magazines reveal typical film audience members' views.
D. Films from the early part of the twentieth century were not usually reviewed in newspapers or magazmes.
token:  Let  prob:  0.6870005130767822  total_p:  0.9403393119573593
token:  The  prob:  0.16136908531188965  total_p:  0.9403393119573593
token:  To  prob:  0.09196971356868744  total_p:  0.9403393119573593
token:  1  prob:  0.5406826734542847  total_p:  0.9881254844367504
token:  The  prob:  0.4109329283237457  total_p:  0.9881254844367504
token:  -  prob:  0.036509882658720016  total_p:  0.9881254844367504
token:   The  prob:  0.6755239367485046  total_p:  0.9563307352364063
token:   There  prob:  0.23123016953468323  total_p:  0.9563307352364063
token:   It  prob:  0.04957662895321846  total_p:  0.9563307352364063
token:  The  prob:  0.2888382077217102  total_p:  0.5795543342828751
token:  Based  prob:  0.1598658412694931  total_p:  0.5795543342828751
token:  Therefore  prob:  0.13085028529167175  total_p:  0.5795543342828751
token:   It  prob:  0.553855299949646  total_p:  0.8208129033446312
token:   Specifically  prob:  0.1439756155014038  total_p:  0.8208129033446312
token:   The  prob:  0.12298198789358139  total_p:  0.8208129033446312
token:   Let  prob:  0.7911415696144104  total_p:  0.8817623108625412
token:   We  prob:  0.0906207412481308  total_p:  0.8817623108625412
token:  The  prob:  0.33884328603744507  total_p:  0.7581141442060471
token:  Therefore  prob:  0.24408109486103058  total_p:  0.7581141442060471
token:  </  prob:  0.1751897633075714  total_p:  0.7581141442060471
token:  Therefore  prob:  0.28814712166786194  total_p:  0.6269999891519547
token:  The  prob:  0.172415629029274  total_p:  0.6269999891519547
token:  </  prob:  0.16643723845481873  total_p:  0.6269999891519547
token:  The  prob:  0.27770230174064636  total_p:  0.6105096638202667
token:  Therefore  prob:  0.18612144887447357  total_p:  0.6105096638202667
token:  </  prob:  0.1466859132051468  total_p:  0.6105096638202667
token:  The  prob:  0.24386589229106903  total_p:  0.4623979181051254
token:  Therefore  prob:  0.2185320258140564  total_p:  0.4623979181051254
usr_prompt:  Context: Scientists studying a common type of bacteria have discovered that most bacteria of that type are in hibernation at any given time. Some microbiologists have concluded from this that bacteria in general are usually in hibernation. This conclusion would be reasonable if all types of bacteria were rather similar. But, in fact, since bacteria are extremely diverse, it is unlikely that most types of bacteria hibernate regularly.
Question: Which one of the following most accurately expresses the overall conclusion of the argument?
A. It is likely that only one type of bacteria hibernates regularly.
B. If bacteria are extremely diverse, it is unlikely that most types of bacteria hibernate regularly.
C. Bacteria of most types are usually in hibernation.
D. It is probably not true that most types of bacteria hibernate regularly.
token:  To  prob:  0.36763811111450195  total_p:  0.9458871185779572
token:  Let  prob:  0.3332025110721588  total_p:  0.9458871185779572
token:  The  prob:  0.2450464963912964  total_p:  0.9458871185779572
token:   The  prob:  0.7159760594367981  total_p:  0.9185921177268028
token:   Scientists  prob:  0.16137993335723877  total_p:  0.9185921177268028
token:   **  prob:  0.04123612493276596  total_p:  0.9185921177268028
token:   Some  prob:  0.8247184753417969  total_p:  0.8894053921103477
token:   It  prob:  0.03482484444975853  total_p:  0.8894053921103477
token:   The  prob:  0.029862072318792343  total_p:  0.8894053921103477
token:   The  prob:  0.4251354932785034  total_p:  0.8776654079556465
token:   Therefore  prob:  0.341513454914093  total_p:  0.8776654079556465
token:   From  prob:  0.11101645976305008  total_p:  0.8776654079556465
token:   However  prob:  0.611859917640686  total_p:  0.9309300854802132
token:   Since  prob:  0.25994300842285156  total_p:  0.9309300854802132
token:   B  prob:  0.05912715941667557  total_p:  0.9309300854802132
token:   This  prob:  0.41166508197784424  total_p:  0.8235630393028259
token:   Let  prob:  0.336409330368042  total_p:  0.8235630393028259
token:   Therefore  prob:  0.0754886269569397  total_p:  0.8235630393028259
token:   This  prob:  0.40078917145729065  total_p:  0.9675753712654114
token:   It  prob:  0.34666696190834045  total_p:  0.9675753712654114
token:   "  prob:  0.22011923789978027  total_p:  0.9675753712654114
token:  Options  prob:  0.35224583745002747  total_p:  0.8193056881427765
token:  Let  prob:  0.3500737249851227  total_p:  0.8193056881427765
token:  Option  prob:  0.11698612570762634  total_p:  0.8193056881427765
token:   It  prob:  0.37297534942626953  total_p:  0.9715389460325241
token:   This  prob:  0.3640464246273041  total_p:  0.9715389460325241
token:   "  prob:  0.2345171719789505  total_p:  0.9715389460325241
token:  The  prob:  0.6121044754981995  total_p:  0.7006728425621986
token:  Based  prob:  0.08856836706399918  total_p:  0.7006728425621986
token:   This  prob:  0.5761542916297913  total_p:  0.8384853899478912
token:   It  prob:  0.2623310983181  total_p:  0.8384853899478912
token:   This  prob:  0.4570225477218628  total_p:  0.9475788921117783
token:   It  prob:  0.3097173869609833  total_p:  0.9475788921117783
token:   "  prob:  0.1808389574289322  total_p:  0.9475788921117783
token:  The  prob:  0.745170533657074  total_p:  0.8707304149866104
token:  Option  prob:  0.12555988132953644  total_p:  0.8707304149866104
token:   Option  prob:  0.6270141005516052  total_p:  0.9761636033654213
token:   A  prob:  0.2798287570476532  total_p:  0.9761636033654213
token:   They  prob:  0.06932074576616287  total_p:  0.9761636033654213
token:   This  prob:  0.5236460566520691  total_p:  0.8942043781280518
token:   It  prob:  0.2209358513355255  total_p:  0.8942043781280518
token:   "  prob:  0.14962247014045715  total_p:  0.8942043781280518
token:  Therefore  prob:  0.6842890977859497  total_p:  0.857755184173584
token:  Thus  prob:  0.17346608638763428  total_p:  0.857755184173584
token:  </  prob:  0.5410657525062561  total_p:  0.8962615132331848
token:  Therefore  prob:  0.3551957607269287  total_p:  0.8962615132331848
token:  Therefore  prob:  0.5126093029975891  total_p:  0.8541934192180634
token:  </  prob:  0.34158411622047424  total_p:  0.8541934192180634
usr_prompt:  Context: The cost of manufacturing automobiles is considerably greater in Esteria than in Burdistan. In order to stimulate Esterian consumers' purchases of domestically manufactured automobiles, the Esterian government has historically charged taxes on automobiles manufactured in Burdistan. Five years ago, however, the Esterian government dropped those taxes; in those five years, the number of workers employed in Esterian automobile factories has decreased by 30%. Ttherefore, the number of vehicles manufactured and sold in Esteria must have decreased in the last five years.
Question: Which of the following, if true, most weakens the argument?
A. The number of automobile workers in Burdistan has not increased during the same period.
B. Esterian automobile manufacturers have lowered the price of their automobiles so as to remain competitive with the manufacturers in Burdistan.
C. Because vehicles manufactured in Esteria have a reputation for high quality, many Esterian consumers have continued to purchase domestically manufactured vehicles since the tax was abolished.
D. Recent innovations in automated automobile-manufacturing technology have approximately halved the number of worker-hours required to produce most automobiles.
token:   We  prob:  0.2772030234336853  total_p:  0.6737752109766006
token:   The  prob:  0.20043949782848358  total_p:  0.6737752109766006
token:   

  prob:  0.19613268971443176  total_p:  0.6737752109766006
token:   This  prob:  0.6919007897377014  total_p:  0.9782262071967125
token:   The  prob:  0.23773884773254395  total_p:  0.9782262071967125
token:   "  prob:  0.04858656972646713  total_p:  0.9782262071967125
token:  A  prob:  0.7003547549247742  total_p:  0.8547041937708855
token:  Option  prob:  0.0804181769490242  total_p:  0.8547041937708855
token:  Let  prob:  0.0739312618970871  total_p:  0.8547041937708855
token:   This  prob:  0.6766171455383301  total_p:  0.9692902639508247
token:   The  prob:  0.22945688664913177  total_p:  0.9692902639508247
token:   "  prob:  0.06321623176336288  total_p:  0.9692902639508247
token:   It  prob:  0.548162579536438  total_p:  0.9295803606510162
token:   This  prob:  0.38141778111457825  total_p:  0.9295803606510162
token:  <  prob:  0.517151415348053  total_p:  0.7636203616857529
token:  The  prob:  0.13190233707427979  total_p:  0.7636203616857529
token:  Therefore  prob:  0.1145666092634201  total_p:  0.7636203616857529
token:  Considering  prob:  0.34030428528785706  total_p:  0.5853280425071716
token:  After  prob:  0.13161404430866241  total_p:  0.5853280425071716
token:  <  prob:  0.11340971291065216  total_p:  0.5853280425071716
token:   This  prob:  0.5054369568824768  total_p:  0.9353674426674843
token:   Lower  prob:  0.35648995637893677  total_p:  0.9353674426674843
token:   While  prob:  0.07344052940607071  total_p:  0.9353674426674843
token:   It  prob:  0.6191220879554749  total_p:  0.869161531329155
token:   Therefore  prob:  0.18236090242862701  total_p:  0.869161531329155
token:   Thus  prob:  0.0676785409450531  total_p:  0.869161531329155
token:   While  prob:  0.5438575148582458  total_p:  0.9034488946199417
token:   However  prob:  0.21068879961967468  total_p:  0.9034488946199417
token:   This  prob:  0.14890258014202118  total_p:  0.9034488946199417
token:  Considering  prob:  0.28740909695625305  total_p:  0.6412974148988724
token:  The  prob:  0.2415873259305954  total_p:  0.6412974148988724
token:  Among  prob:  0.11230099201202393  total_p:  0.6412974148988724
token:   This  prob:  0.28241246938705444  total_p:  0.44353292882442474
token:   The  prob:  0.1611204594373703  total_p:  0.44353292882442474
token:   However  prob:  0.5497004985809326  total_p:  0.8986125886440277
token:   While  prob:  0.3489120900630951  total_p:  0.8986125886440277
token:  Considering  prob:  0.25401878356933594  total_p:  0.461046501994133
token:  The  prob:  0.20702771842479706  total_p:  0.461046501994133
token:  Considering  prob:  0.48524555563926697  total_p:  0.6904920488595963
token:  Given  prob:  0.10460299998521805  total_p:  0.6904920488595963
token:  Among  prob:  0.10064349323511124  total_p:  0.6904920488595963
usr_prompt:  Context: A study comparing infant care revealed that the amount of stimulation babies receive affects their sleep. At six months of age, the babies in the study with a less stimulating daytime routine slept an average of two hours more per day than those with a more stimulating routine. Since sleep plays a very important role in a child' s development, parents would be wise to reduce the amount of stimulation their babies receive.
Question: Which one of the following statements, if true, most seriously weakens the argument?
A. Studies showed no correlation between stimulation and amount of sleep for children three years of age or older.
B. The stimulation that babies receive helps them to develop intellectually.
C. The babies who had a less stimulating routine gained weight at an average rate.
D. Babies with less stimulating routines usually get extra sleep during the day.
token:  1  prob:  0.531246542930603  total_p:  0.9872491881251335
token:  The  prob:  0.4330998361110687  total_p:  0.9872491881251335
token:  First  prob:  0.02290280908346176  total_p:  0.9872491881251335
token:  Let  prob:  0.4152551293373108  total_p:  0.8904261142015457
token:  Now  prob:  0.3534497320652008  total_p:  0.8904261142015457
token:  A  prob:  0.12172125279903412  total_p:  0.8904261142015457
token:   The  prob:  0.4243169128894806  total_p:  0.8326891958713531
token:   Specifically  prob:  0.40837228298187256  total_p:  0.8326891958713531
token:  The  prob:  0.3075467646121979  total_p:  0.7349354326725006
token:  After  prob:  0.2412576526403427  total_p:  0.7349354326725006
token:  Considering  prob:  0.18613101541996002  total_p:  0.7349354326725006
token:  The  prob:  0.5657299757003784  total_p:  0.7725485786795616
token:  Considering  prob:  0.10527654737234116  total_p:  0.7725485786795616
token:  After  prob:  0.10154205560684204  total_p:  0.7725485786795616
token:   If  prob:  0.5897698998451233  total_p:  0.878517359495163
token:   It  prob:  0.2887474596500397  total_p:  0.878517359495163
token:   This  prob:  0.4564881920814514  total_p:  0.7274992540478706
token:   It  prob:  0.19229166209697723  total_p:  0.7274992540478706
token:   

  prob:  0.07871939986944199  total_p:  0.7274992540478706
usr_prompt:  Context: Editor: The city' s previous recycling program, which featured pickup of recyclables every other week, was too costly. The city claims that its new program, which features weekly pickup, will be more cost effective, since the greater the volume of recyclables collected per year, the more revenue the city gains from selling the recyclables. But this is absurd. People will put out the same volume of recyclables overall; it will just be spread out over a greater number of pickups.
Question: Which one of the following, if true, most weakens the editor's argument?
A. Even if the volume of collected recyclables increases, that increase might not be enough to make the recycling program cost effective.
B. Because of the increase in the number of pickups under the new program, the amount charged by the contractor that collects the city's recyclables will increase significantly.
C. The cost of collecting and disposing of general trash has been less than the cost of collecting and disposing of recyclables, and this is still likely to be the case under the new recycling program.
D. A weekly schedule for recyclables pickup is substantially easier for people to follow and adhere to than is a schedule of pickups every other week.
token:  To  prob:  0.43569913506507874  total_p:  0.9465395733714104
token:  Let  prob:  0.42419764399528503  total_p:  0.9465395733714104
token:  The  prob:  0.0866427943110466  total_p:  0.9465395733714104
token:   The  prob:  0.5752413868904114  total_p:  0.934905469417572
token:   Let  prob:  0.3245340883731842  total_p:  0.934905469417572
token:   We  prob:  0.03512999415397644  total_p:  0.934905469417572
token:   To  prob:  0.5083129405975342  total_p:  0.8008460327982903
token:   The  prob:  0.18838617205619812  total_p:  0.8008460327982903
token:   This  prob:  0.10414692014455795  total_p:  0.8008460327982903
token:   This  prob:  0.659957230091095  total_p:  0.9880930632352829
token:   However  prob:  0.2043750286102295  total_p:  0.9880930632352829
token:   While  prob:  0.12376080453395844  total_p:  0.9880930632352829
token:   This  prob:  0.5155677199363708  total_p:  0.9695469029247761
token:   It  prob:  0.42392784357070923  total_p:  0.9695469029247761
token:   While  prob:  0.030051339417696  total_p:  0.9695469029247761
token:  A  prob:  0.6425524353981018  total_p:  0.8405082672834396
token:  Let  prob:  0.19795583188533783  total_p:  0.8405082672834396
token:  Option  prob:  0.45771995186805725  total_p:  0.8136776089668274
token:  The  prob:  0.35595765709877014  total_p:  0.8136776089668274
token:   While  prob:  0.5886204838752747  total_p:  0.9118774980306625
token:   It  prob:  0.1994754523038864  total_p:  0.9118774980306625
token:   However  prob:  0.12378156185150146  total_p:  0.9118774980306625
token:   While  prob:  0.4254046082496643  total_p:  0.819701224565506
token:   It  prob:  0.3942966163158417  total_p:  0.819701224565506
token:   While  prob:  0.31906750798225403  total_p:  0.8035770356655121
token:   It  prob:  0.2650986313819885  total_p:  0.8035770356655121
token:   However  prob:  0.21941089630126953  total_p:  0.8035770356655121
token:  Option  prob:  0.5526707768440247  total_p:  0.9080762006342411
token:  The  prob:  0.29669636487960815  total_p:  0.9080762006342411
token:  Among  prob:  0.05870905891060829  total_p:  0.9080762006342411
token:   If  prob:  0.47049468755722046  total_p:  0.9384565055370331
token:   While  prob:  0.3254164159297943  total_p:  0.9384565055370331
token:   This  prob:  0.1425454020500183  total_p:  0.9384565055370331
token:  Option  prob:  0.6073070168495178  total_p:  0.9040375202894211
token:  The  prob:  0.22523504495620728  total_p:  0.9040375202894211
token:  Among  prob:  0.07149545848369598  total_p:  0.9040375202894211
token:  Option  prob:  0.4426095485687256  total_p:  0.7876575589179993
token:  The  prob:  0.3450480103492737  total_p:  0.7876575589179993
token:   This  prob:  0.29534977674484253  total_p:  0.6734343767166138
token:   It  prob:  0.19760771095752716  total_p:  0.6734343767166138
token:   

  prob:  0.18047688901424408  total_p:  0.6734343767166138
token:  Option  prob:  0.499702513217926  total_p:  0.8001404106616974
token:  The  prob:  0.30043789744377136  total_p:  0.8001404106616974
token:  The  prob:  0.3574579954147339  total_p:  0.7041250467300415
token:  Option  prob:  0.3466670513153076  total_p:  0.7041250467300415
token:  The  prob:  0.39399680495262146  total_p:  0.7765366286039352
token:  Option  prob:  0.31293222308158875  total_p:  0.7765366286039352
token:  Therefore  prob:  0.06960760056972504  total_p:  0.7765366286039352
token:  The  prob:  0.5403230786323547  total_p:  0.9006253480911255
token:  Option  prob:  0.36030226945877075  total_p:  0.9006253480911255
usr_prompt:  Context: All the books in the library have their proper shelf locations recorded in the catalog. The book Horatio wants is missing from its place on the library shelves, and no one in the library is using it. Since it is not checked out to a borrower nor awaiting shelving nor part of a special display, it must have been either misplaced or stolen.
Question: Which one of the following most accurately describes the method of reasoning used in the argument?
A. An observation about one object is used as a basis for a general conclusion regarding the status of similar objects.
B. A generalization is rejected by showing that it fails to hold in one particular instance.
C. A deficiency in a system is isolated by arguing that the system failed to control one of the objects that it was intended to control.
D. The conclusion is supported by ruling out other possible explanations of an observed fact.
token:   The  prob:  0.5494116544723511  total_p:  0.8534765690565109
token:   **  prob:  0.157957062125206  total_p:  0.8534765690565109
token:   All  prob:  0.14610785245895386  total_p:  0.8534765690565109
token:   It  prob:  0.3438863456249237  total_p:  0.8658553659915924
token:   No  prob:  0.3401477634906769  total_p:  0.8658553659915924
token:   The  prob:  0.18182125687599182  total_p:  0.8658553659915924
token:   It  prob:  0.5512647032737732  total_p:  0.9413434416055679
token:   The  prob:  0.2663886845111847  total_p:  0.9413434416055679
token:   Hor  prob:  0.12369005382061005  total_p:  0.9413434416055679
token:   The  prob:  0.30370861291885376  total_p:  0.5847868248820305
token:   It  prob:  0.15807850658893585  total_p:  0.5847868248820305
token:   Various  prob:  0.12299970537424088  total_p:  0.5847868248820305
token:  The  prob:  0.6275103688240051  total_p:  0.8507696688175201
token:  This  prob:  0.22325929999351501  total_p:  0.8507696688175201
token:   Therefore  prob:  0.7303770184516907  total_p:  0.891147643327713
token:   Conclusion  prob:  0.16077062487602234  total_p:  0.891147643327713
token:  The  prob:  0.5963696837425232  total_p:  0.8206516355276108
token:  This  prob:  0.22428195178508759  total_p:  0.8206516355276108
token:   Then  prob:  0.4299916923046112  total_p:  0.7845030128955841
token:   It  prob:  0.3545113205909729  total_p:  0.7845030128955841
token:   The  prob:  0.3020471930503845  total_p:  0.6799093186855316
token:   Given  prob:  0.20507274568080902  total_p:  0.6799093186855316
token:   Therefore  prob:  0.17278937995433807  total_p:  0.6799093186855316
token:  Now  prob:  0.539644718170166  total_p:  0.803563229739666
token:  The  prob:  0.17568621039390564  total_p:  0.803563229739666
token:  This  prob:  0.08823230117559433  total_p:  0.803563229739666
token:   Finally  prob:  0.3746829926967621  total_p:  0.6097560971975327
token:   It  prob:  0.12607073783874512  total_p:  0.6097560971975327
token:   As  prob:  0.10900236666202545  total_p:  0.6097560971975327
token:   This  prob:  0.5186054110527039  total_p:  0.8490076065063477
token:   The  prob:  0.18139807879924774  total_p:  0.8490076065063477
token:   Let  prob:  0.14900411665439606  total_p:  0.8490076065063477
token:  Now  prob:  0.4402172267436981  total_p:  0.7897201478481293
token:  The  prob:  0.207157701253891  total_p:  0.7897201478481293
token:  This  prob:  0.14234521985054016  total_p:  0.7897201478481293
token:  Now  prob:  0.28724730014801025  total_p:  0.6702451258897781
token:  This  prob:  0.20072723925113678  total_p:  0.6702451258897781
token:  The  prob:  0.1822705864906311  total_p:  0.6702451258897781
token:  Thus  prob:  0.37088876962661743  total_p:  0.6300425827503204
token:  Therefore  prob:  0.259153813123703  total_p:  0.6300425827503204
token:  This  prob:  0.31551921367645264  total_p:  0.5876730978488922
token:  Now  prob:  0.2721538841724396  total_p:  0.5876730978488922
token:   However  prob:  0.5120599865913391  total_p:  0.9575686156749725
token:   This  prob:  0.36641377210617065  total_p:  0.9575686156749725
token:   The  prob:  0.07909485697746277  total_p:  0.9575686156749725
token:  Therefore  prob:  0.2464035302400589  total_p:  0.5902381092309952
token:  <  prob:  0.21155352890491486  total_p:  0.5902381092309952
token:  Based  prob:  0.13228105008602142  total_p:  0.5902381092309952
token:  <  prob:  0.512000322341919  total_p:  0.6610725373029709
token:  Option  prob:  0.14907221496105194  total_p:  0.6610725373029709
token:   The  prob:  0.47604361176490784  total_p:  0.7873130738735199
token:   However  prob:  0.31126946210861206  total_p:  0.7873130738735199
token:  Therefore  prob:  0.16114521026611328  total_p:  0.4583413600921631
token:  Given  prob:  0.1510666459798813  total_p:  0.4583413600921631
token:  <  prob:  0.14612950384616852  total_p:  0.4583413600921631
token:  <  prob:  0.29844900965690613  total_p:  0.43962302803993225
token:  Option  prob:  0.14117401838302612  total_p:  0.43962302803993225
token:   The  prob:  0.3527742326259613  total_p:  0.9545852243900299
token:   This  prob:  0.33512046933174133  total_p:  0.9545852243900299
token:   However  prob:  0.26669052243232727  total_p:  0.9545852243900299
token:   This  prob:  0.641042947769165  total_p:  0.8961094617843628
token:   The  prob:  0.14537084102630615  total_p:  0.8961094617843628
token:   Let  prob:  0.1096956729888916  total_p:  0.8961094617843628
token:  Now  prob:  0.6437983512878418  total_p:  0.7166840210556984
token:  Considering  prob:  0.0728856697678566  total_p:  0.7166840210556984
token:  Therefore  prob:  0.3436189889907837  total_p:  0.7303023040294647
token:  <  prob:  0.21386227011680603  total_p:  0.7303023040294647
token:  Thus  prob:  0.172821044921875  total_p:  0.7303023040294647
token:  The  prob:  0.21845929324626923  total_p:  0.48990683257579803
token:  After  prob:  0.13842643797397614  total_p:  0.48990683257579803
token:  Given  prob:  0.13302110135555267  total_p:  0.48990683257579803
token:  <  prob:  0.3265491724014282  total_p:  0.6550452560186386
token:  The  prob:  0.17124603688716888  total_p:  0.6550452560186386
token:  Therefore  prob:  0.1572500467300415  total_p:  0.6550452560186386
usr_prompt:  Context: Doctor: It is wrong for medical researchers to keep their research confidential, even if the companies for which they work would rather that they do so. If research results are not shared, the development of effective medical treatments may be delayed, and thus humans may suffer unnecessarily.
Question: Which one of the following principles, if valid, most helps to justify the doctor's argument?
A. Medical researchers should always attempt to develop effective medical treatments as rapidly as they can while fulfilling their other moral obligations.
B. It is wrong for any company to ask its medical researchers to keep their research confidential, if failure to share the research might delay development of effective medical treatments.
C. If the most important moral principle is to prevent human suffering, then it is wrong for medical researchers to keep their research confidential.
D. Medical researchers should not keep information confidential if it is possible that sharing that information would prevent some unnecessary human suffering.
token:  Let  prob:  0.47929489612579346  total_p:  0.9825312048196793
token:  To  prob:  0.38769054412841797  total_p:  0.9825312048196793
token:  The  prob:  0.11554576456546783  total_p:  0.9825312048196793
token:  A  prob:  0.3603707253932953  total_p:  0.8729262351989746
token:  Option  prob:  0.28293702006340027  total_p:  0.8729262351989746
token:  Let  prob:  0.22961848974227905  total_p:  0.8729262351989746
token:  Option  prob:  0.46813204884529114  total_p:  0.7950974926352501
token:  The  prob:  0.276938796043396  total_p:  0.7950974926352501
token:  C  prob:  0.05002664774656296  total_p:  0.7950974926352501
usr_prompt:  Context: Some people claim that the reason herbs are not prescribed as drugs by licensed physicians is that the medical effectiveness of herbs is seriously in doubt. No drug can be offered for sale, however, unless it has regulatory-agency approval for medicinal use in specific illnesses or conditions. It costs about $200 million to get regulatory-agency approval for a drug, and only the holder of a patent can expect to recover such large expenses. Although methods of extracting particular substances from herbs can be patented, herbs themselves and their medicinal uses cannot be. Ttherefore, under the current system licensed physicians cannot recommend the medicinal use of herbs.
Question: The argument depends on the assumption that
A. the medical ineffectiveness of many herbs as treatments for specific illnesses or conditions is well established
B. the cost of medical care would be substantially reduced if faster ways of obtaining regulatory-agency approval for new drugs could be found.
C. some other substances, besides herbs, are not available as drugs because the illnesses they could effectively treat are too uncommon to allow those substances to be marketed profitably as drugs
D. a licensed physician cannot recommend the medicinal use of an herb unless that herb is offered for sale as a drug.
token:  Let  prob:  0.3652130663394928  total_p:  0.8450270444154739
token:  To  prob:  0.31025928258895874  total_p:  0.8450270444154739
token:  The  prob:  0.1695546954870224  total_p:  0.8450270444154739
token:   The  prob:  0.5085397362709045  total_p:  0.9459136426448822
token:   It  prob:  0.43737390637397766  total_p:  0.9459136426448822
token:   The  prob:  0.6196932196617126  total_p:  0.9387879744172096
token:   It  prob:  0.23454062640666962  total_p:  0.9387879744172096
token:   Finally  prob:  0.08455412834882736  total_p:  0.9387879744172096
token:  Let  prob:  0.7315998077392578  total_p:  0.7971420660614967
token:  Now  prob:  0.06554225832223892  total_p:  0.7971420660614967
token:  The  prob:  0.7464541792869568  total_p:  0.8710975870490074
token:  Given  prob:  0.06842297315597534  total_p:  0.8710975870490074
token:  Therefore  prob:  0.05622043460607529  total_p:  0.8710975870490074
token:  Let  prob:  0.3556886613368988  total_p:  0.8144445866346359
token:  1  prob:  0.3264225423336029  total_p:  0.8144445866346359
token:  The  prob:  0.13233338296413422  total_p:  0.8144445866346359
token:  The  prob:  0.5533364415168762  total_p:  0.9442093670368195
token:  Now  prob:  0.39087292551994324  total_p:  0.9442093670368195
token:   The  prob:  0.5872719883918762  total_p:  0.886724442243576
token:   This  prob:  0.29945245385169983  total_p:  0.886724442243576
token:   Only  prob:  0.658514142036438  total_p:  0.8778869993984699
token:   Pat  prob:  0.18523475527763367  total_p:  0.8778869993984699
token:   Patent  prob:  0.03413810208439827  total_p:  0.8778869993984699
token:   It  prob:  0.4569409191608429  total_p:  0.8064300417900085
token:   The  prob:  0.34948912262916565  total_p:  0.8064300417900085
token:   Methods  prob:  0.4556725323200226  total_p:  0.8375507444143295
token:   Her  prob:  0.23431329429149628  total_p:  0.8375507444143295
token:   Extract  prob:  0.14756491780281067  total_p:  0.8375507444143295
token:  Now  prob:  0.7332188487052917  total_p:  0.9080615490674973
token:  Let  prob:  0.1748427003622055  total_p:  0.9080615490674973
token:   It  prob:  0.6741003394126892  total_p:  0.8314776420593262
token:   The  prob:  0.15737730264663696  total_p:  0.8314776420593262
token:  The  prob:  0.5019594430923462  total_p:  0.7329236567020416
token:  Option  prob:  0.23096421360969543  total_p:  0.7329236567020416
token:   If  prob:  0.4389132261276245  total_p:  0.9732455611228943
token:   The  prob:  0.4327056407928467  total_p:  0.9732455611228943
token:   For  prob:  0.1016266942024231  total_p:  0.9732455611228943
token:  The  prob:  0.7685758471488953  total_p:  0.8651245683431625
token:  Therefore  prob:  0.09654872119426727  total_p:  0.8651245683431625
token:  Now  prob:  0.6575089693069458  total_p:  0.8442709147930145
token:  Let  prob:  0.12140581011772156  total_p:  0.8442709147930145
token:  Option  prob:  0.06535613536834717  total_p:  0.8442709147930145
token:   It  prob:  0.3464389443397522  total_p:  0.948759913444519
token:   The  prob:  0.34048423171043396  total_p:  0.948759913444519
token:   If  prob:  0.2618367373943329  total_p:  0.948759913444519
token:  Therefore  prob:  0.5337079167366028  total_p:  0.8173355907201767
token:  The  prob:  0.1543256640434265  total_p:  0.8173355907201767
token:  </  prob:  0.1293020099401474  total_p:  0.8173355907201767
token:   Her  prob:  0.3884745240211487  total_p:  0.6446166932582855
token:   Extract  prob:  0.14172232151031494  total_p:  0.6446166932582855
token:   Only  prob:  0.1144198477268219  total_p:  0.6446166932582855
token:  The  prob:  0.5276508331298828  total_p:  0.8776808977127075
token:  Option  prob:  0.3500300645828247  total_p:  0.8776808977127075
token:   Her  prob:  0.5777509808540344  total_p:  0.8512522578239441
token:   Extract  prob:  0.19560606777668  total_p:  0.8512522578239441
token:   Methods  prob:  0.07789520919322968  total_p:  0.8512522578239441
token:   The  prob:  0.44390347599983215  total_p:  0.9857740849256516
token:   However  prob:  0.40926921367645264  total_p:  0.9857740849256516
token:   While  prob:  0.13260139524936676  total_p:  0.9857740849256516
token:   If  prob:  0.43243828415870667  total_p:  0.8755720555782318
token:   The  prob:  0.22239941358566284  total_p:  0.8755720555782318
token:   It  prob:  0.2207343578338623  total_p:  0.8755720555782318
token:  The  prob:  0.5902618169784546  total_p:  0.7658157125115395
token:  Given  prob:  0.08922743797302246  total_p:  0.7658157125115395
token:  Option  prob:  0.08632645756006241  total_p:  0.7658157125115395
token:  The  prob:  0.5619254112243652  total_p:  0.7519696950912476
token:  Option  prob:  0.10624850541353226  total_p:  0.7519696950912476
token:  Therefore  prob:  0.08379577845335007  total_p:  0.7519696950912476
token:   The  prob:  0.46643662452697754  total_p:  0.7168289422988892
token:   This  prob:  0.2503923177719116  total_p:  0.7168289422988892
usr_prompt:  Context: A science class stored one selection of various fruits at 30 degrees Celsius, a similar selection in similar conditions at 20 degrees, and another similar selection in similar conditions at 10 degrees. Because the fruits stored at 20 degrees stayed fresh longer than those stored at 30 degrees, and those stored at 10 degrees stayed fresh longest, the class concluded that the cooler the temperature at which these varieties of fruits are stored, the longer they will stay fresh.
Question: The class's reasoning is flawed in that the class
A. neglected to offer any explanation for the results it discovered
B. assumed without proof that its thermometer was reliable
C. generalized too readily from the fruits it tested to fruits it did not test
D. too readily extrapolated from a narrow range of temperatures to the entire range of temperatures
token:  Let  prob:  0.4572175443172455  total_p:  0.9613310247659683
token:  To  prob:  0.2652190029621124  total_p:  0.9613310247659683
token:  The  prob:  0.2388944774866104  total_p:  0.9613310247659683
token:   Neg  prob:  0.7571892142295837  total_p:  0.9348656386137009
token:   The  prob:  0.10984762012958527  total_p:  0.9348656386137009
token:   "  prob:  0.06782880425453186  total_p:  0.9348656386137009
token:   While  prob:  0.5081961750984192  total_p:  0.9824064522981644
token:   The  prob:  0.34467431902885437  total_p:  0.9824064522981644
token:   There  prob:  0.1295359581708908  total_p:  0.9824064522981644
token:   However  prob:  0.3947305977344513  total_p:  0.7629873603582382
token:   This  prob:  0.18859104812145233  total_p:  0.7629873603582382
token:   While  prob:  0.1796657145023346  total_p:  0.7629873603582382
token:   The  prob:  0.5900101661682129  total_p:  0.9347769394516945
token:   Neg  prob:  0.2892278730869293  total_p:  0.9347769394516945
token:   This  prob:  0.05553890019655228  total_p:  0.9347769394516945
token:  The  prob:  0.5783711671829224  total_p:  0.9930673167109489
token:  1  prob:  0.37412744760513306  total_p:  0.9930673167109489
token:  -  prob:  0.040568701922893524  total_p:  0.9930673167109489
token:   While  prob:  0.5734111070632935  total_p:  0.9545773863792419
token:   The  prob:  0.3811662793159485  total_p:  0.9545773863792419
token:   The  prob:  0.346315860748291  total_p:  0.9867370128631592
token:   There  prob:  0.3309911787509918  total_p:  0.9867370128631592
token:   While  prob:  0.30942997336387634  total_p:  0.9867370128631592
token:   They  prob:  0.5719585418701172  total_p:  0.8738003522157669
token:   This  prob:  0.2283780723810196  total_p:  0.8738003522157669
token:   The  prob:  0.07346373796463013  total_p:  0.8738003522157669
token:  Now  prob:  0.5971343517303467  total_p:  0.9756361618638039
token:  The  prob:  0.3035222291946411  total_p:  0.9756361618638039
token:  Let  prob:  0.07497958093881607  total_p:  0.9756361618638039
token:   The  prob:  0.6289926767349243  total_p:  0.9835742563009262
token:   We  prob:  0.1912630796432495  total_p:  0.9835742563009262
token:   Now  prob:  0.16331849992275238  total_p:  0.9835742563009262
token:  Given  prob:  0.29185348749160767  total_p:  0.7291449010372162
token:  The  prob:  0.28512969613075256  total_p:  0.7291449010372162
token:  Option  prob:  0.15216171741485596  total_p:  0.7291449010372162
token:   The  prob:  0.3842238783836365  total_p:  0.8595138788223267
token:   This  prob:  0.2794256806373596  total_p:  0.8595138788223267
token:   They  prob:  0.19586431980133057  total_p:  0.8595138788223267
token:  Option  prob:  0.4271071255207062  total_p:  0.8527301251888275
token:  Given  prob:  0.27661028504371643  total_p:  0.8527301251888275
token:  The  prob:  0.1490127146244049  total_p:  0.8527301251888275
token:  Let  prob:  0.5527915358543396  total_p:  0.8147188425064087
token:  Now  prob:  0.2619273066520691  total_p:  0.8147188425064087
token:   Extr  prob:  0.5775090456008911  total_p:  0.7496157437562943
token:   Ex  prob:  0.17210669815540314  total_p:  0.7496157437562943
token:   However  prob:  0.6306142210960388  total_p:  0.8117668181657791
token:   The  prob:  0.1811525970697403  total_p:  0.8117668181657791
token:  The  prob:  0.4892784655094147  total_p:  0.7272675633430481
token:  Given  prob:  0.23798909783363342  total_p:  0.7272675633430481
token:   It  prob:  0.2691449820995331  total_p:  0.6326143741607666
token:   This  prob:  0.20530062913894653  total_p:  0.6326143741607666
token:   The  prob:  0.158168762922287  total_p:  0.6326143741607666
token:  The  prob:  0.5807142853736877  total_p:  0.8914839252829552
token:  Option  prob:  0.22978901863098145  total_p:  0.8914839252829552
token:  Given  prob:  0.08098062127828598  total_p:  0.8914839252829552
token:  The  prob:  0.43873780965805054  total_p:  0.8232849389314651
token:  Option  prob:  0.23232270777225494  total_p:  0.8232849389314651
token:  Given  prob:  0.15222442150115967  total_p:  0.8232849389314651
token:   They  prob:  0.3530384302139282  total_p:  0.6353840976953506
token:   Extr  prob:  0.1691894829273224  total_p:  0.6353840976953506
token:   Their  prob:  0.11315618455410004  total_p:  0.6353840976953506
token:   There  prob:  0.4428684711456299  total_p:  0.8406065702438354
token:   The  prob:  0.39773809909820557  total_p:  0.8406065702438354
token:   This  prob:  0.21122975647449493  total_p:  0.365681529045105
token:   Therefore  prob:  0.15445177257061005  total_p:  0.365681529045105
token:   They  prob:  0.6143841743469238  total_p:  0.8226140439510345
token:   It  prob:  0.20822986960411072  total_p:  0.8226140439510345
token:  Option  prob:  0.2331390529870987  total_p:  0.6412251889705658
token:  The  prob:  0.208073690533638  total_p:  0.6412251889705658
token:  Given  prob:  0.2000124454498291  total_p:  0.6412251889705658
token:   However  prob:  0.4045989215373993  total_p:  0.7810546457767487
token:   They  prob:  0.37645572423934937  total_p:  0.7810546457767487
token:  Option  prob:  0.24269379675388336  total_p:  0.47784847021102905
token:  The  prob:  0.2351546734571457  total_p:  0.47784847021102905
usr_prompt:  Context: Whales originated in the freshwater lakes and rivers of ancient Asia about sixty million years ago. Not until about ten million years later did species of whales develop specialized kidneys enabling them to drink salt water. Although fossil evidence shows that some early whale species that lacked such kidneys sometimes swam in the Earth' s saltwater oceans, these species must have had to return frequently to freshwater rivers to drink.
Question: Which of the following is most strongly supported by the information given?
A. Among whale fossils that date from later than about fifty million years ago, none are fossils of whale species that drank only fresh water.
B. The earliest whales that drank salt water differed from fresh-water-drinking whales only in their possession of specialized kidneys.
C. Fossils of whale species dating from between sixty million and fifty million years ago will not be found on continents that were at the time separated from ancient Asia by wide expanses of ocean.
D. Between sixty million and fifty million years ago, the freshwater lakes and rivers in which whales originated were gradually invaded by salt water.
token:  1  prob:  0.5776548385620117  total_p:  0.9392411708831787
token:  -  prob:  0.22182823717594147  total_p:  0.9392411708831787
token:  The  prob:  0.13975809514522552  total_p:  0.9392411708831787
token:      prob:  0.6810633540153503  total_p:  0.9685046374797821
token:     
  prob:  0.2097545564174652  total_p:  0.9685046374797821
token:        prob:  0.07768672704696655  total_p:  0.9685046374797821
token:  Now  prob:  0.7912617921829224  total_p:  0.8815524131059647
token:  Option  prob:  0.047824203968048096  total_p:  0.8815524131059647
token:  Considering  prob:  0.0424664169549942  total_p:  0.8815524131059647
token:   It  prob:  0.5028610229492188  total_p:  0.6861562207341194
token:   

  prob:  0.128472700715065  total_p:  0.6861562207341194
token:   In  prob:  0.05482249706983566  total_p:  0.6861562207341194
token:  After  prob:  0.20350345969200134  total_p:  0.5973066985607147
token:  Based  prob:  0.20312033593654633  total_p:  0.5973066985607147
token:  Given  prob:  0.19068290293216705  total_p:  0.5973066985607147
token:  <  prob:  0.2923605740070343  total_p:  0.6607492715120316
token:  Based  prob:  0.21180112659931183  total_p:  0.6607492715120316
token:  Given  prob:  0.15658757090568542  total_p:  0.6607492715120316
token:   

  prob:  0.27142247557640076  total_p:  0.671475276350975
token:   Other  prob:  0.21381457149982452  total_p:  0.671475276350975
token:   There  prob:  0.18623822927474976  total_p:  0.671475276350975
token:   This  prob:  0.6291483044624329  total_p:  0.9859879612922668
token:   There  prob:  0.21057957410812378  total_p:  0.9859879612922668
token:   The  prob:  0.1462600827217102  total_p:  0.9859879612922668
token:  <  prob:  0.24116171896457672  total_p:  0.4855349585413933
token:  The  prob:  0.12294355779886246  total_p:  0.4855349585413933
token:  Therefore  prob:  0.1214296817779541  total_p:  0.4855349585413933
usr_prompt:  Context: Researchers in South Australia estimate changes in shark populations inhabiting local waters by monitoring what is termed the "catch per unit effort" (CPUE). The CPUE for any species of shark is the number of those sharks that commercial sharkfishing boats catch per hour for each kilometer of gill net set out in the water. Since 1973 the CPUE for a particular species of shark has remained fairly constant. Ttherefore, the population of that species in the waters around South Australia must be at approximately its 1973 level.
Question: Which one of the following, if true, most seriously weakens the argument?
A. A significant threat to shark populations, in addition to commercial shark fishing, is "incidental mortality" that results from catching sharks in nets intended for other fish.
B. The sharks that are the most profitable to catch are those that tend to remain in the same area of ocean year after year and not migrate far from where they were born.
C. The waters around South Australia are the only area in the world where that particular species of shark is found.
D. Since 1980 commercial shark-fishing boats have used sophisticated electronic equipment that enables them to locate sharks with greater accuracy.
token:  To  prob:  0.5025056600570679  total_p:  0.9445568695664406
token:  Let  prob:  0.3216968774795532  total_p:  0.9445568695664406
token:  The  prob:  0.12035433202981949  total_p:  0.9445568695664406
token:   Let  prob:  0.5593217611312866  total_p:  0.9584082365036011
token:   The  prob:  0.34950828552246094  total_p:  0.9584082365036011
token:   

  prob:  0.049578189849853516  total_p:  0.9584082365036011
token:   To  prob:  0.7688353657722473  total_p:  0.9047145843505859
token:   We  prob:  0.13587921857833862  total_p:  0.9047145843505859
token:  A  prob:  0.5266952514648438  total_p:  0.9485931992530823
token:  Option  prob:  0.2150047868490219  total_p:  0.9485931992530823
token:  Let  prob:  0.2068931609392166  total_p:  0.9485931992530823
token:   If  prob:  0.609366774559021  total_p:  0.8539267033338547
token:   This  prob:  0.24455992877483368  total_p:  0.8539267033338547
token:  Option  prob:  0.6185109615325928  total_p:  0.9276116155087948
token:  The  prob:  0.28664299845695496  total_p:  0.9276116155087948
token:  Given  prob:  0.022457655519247055  total_p:  0.9276116155087948
token:  A  prob:  0.605617880821228  total_p:  0.9466423839330673
token:  Let  prob:  0.24416306614875793  total_p:  0.9466423839330673
token:  Option  prob:  0.09686143696308136  total_p:  0.9466423839330673
token:  The  prob:  0.41762247681617737  total_p:  0.6456850916147232
token:  Option  prob:  0.22806261479854584  total_p:  0.6456850916147232
token:  The  prob:  0.5401917695999146  total_p:  0.7457932829856873
token:  Option  prob:  0.2056015133857727  total_p:  0.7457932829856873
token:   This  prob:  0.5093697309494019  total_p:  0.9571230933070183
token:   If  prob:  0.3949836492538452  total_p:  0.9571230933070183
token:   Improved  prob:  0.05276971310377121  total_p:  0.9571230933070183
token:  This  prob:  0.24352720379829407  total_p:  0.4567537307739258
token:  The  prob:  0.2132265269756317  total_p:  0.4567537307739258
token:  The  prob:  0.6945585608482361  total_p:  0.8224319368600845
token:  Option  prob:  0.12787337601184845  total_p:  0.8224319368600845
token:  The  prob:  0.5876508951187134  total_p:  0.7686047852039337
token:  Option  prob:  0.18095389008522034  total_p:  0.7686047852039337
usr_prompt:  Context: In the United States between 1850 and 1880, the number of farmers continued to increase, but at a rate lower than that of the general population.
Question: Which of the following statements directly contradicts the information presented above?
A. The proportion of farmers in the United States labor force remained constant in the 30 years between 1850 and 1880.
B. The rate of growth of the United States labor force and the rate of growth of the general population rose simultaneously in the 30 years between 1850 and 1880.
C. The number of farmers in the general population increased slightly in the 30 years between 1850 and 1880.
D. The proportion of farmers in the general population increased from 68 percent in 1850 to 72 percent in 1880.
token:  Let  prob:  0.5480399131774902  total_p:  0.9488543979823589
token:  To  prob:  0.3483560383319855  total_p:  0.9488543979823589
token:  The  prob:  0.052458446472883224  total_p:  0.9488543979823589
token:   Let  prob:  0.5645180940628052  total_p:  0.9087543785572052
token:   This  prob:  0.3442362844944  total_p:  0.9087543785572052
token:   This  prob:  0.4828968644142151  total_p:  0.8294357061386108
token:   If  prob:  0.19751706719398499  total_p:  0.8294357061386108
token:   The  prob:  0.14902177453041077  total_p:  0.8294357061386108
token:   This  prob:  0.5271878838539124  total_p:  0.9284929744899273
token:   However  prob:  0.3390536606311798  total_p:  0.9284929744899273
token:   The  prob:  0.06225143000483513  total_p:  0.9284929744899273
token:  A  prob:  0.3446974456310272  total_p:  0.8357847630977631
token:  Now  prob:  0.25552499294281006  total_p:  0.8357847630977631
token:  Option  prob:  0.23556232452392578  total_p:  0.8357847630977631
token:   This  prob:  0.4884280264377594  total_p:  0.9335615932941437
token:   Therefore  prob:  0.24218635261058807  total_p:  0.9335615932941437
token:   So  prob:  0.2029472142457962  total_p:  0.9335615932941437
token:   The  prob:  0.4847738444805145  total_p:  0.8987236395478249
token:   It  prob:  0.3410510718822479  total_p:  0.8987236395478249
token:   Since  prob:  0.07289872318506241  total_p:  0.8987236395478249
token:  Therefore  prob:  0.3160172402858734  total_p:  0.8037425130605698
token:  The  prob:  0.29559433460235596  total_p:  0.8037425130605698
token:  </  prob:  0.1921309381723404  total_p:  0.8037425130605698
token:  The  prob:  0.3385404348373413  total_p:  0.7733637392520905
token:  Therefore  prob:  0.22494645416736603  total_p:  0.7733637392520905
token:  </  prob:  0.20987685024738312  total_p:  0.7733637392520905
token:   If  prob:  0.5636388063430786  total_p:  0.9123212248086929
token:   It  prob:  0.2156028151512146  total_p:  0.9123212248086929
token:   The  prob:  0.13307960331439972  total_p:  0.9123212248086929
token:   If  prob:  0.7010058164596558  total_p:  0.8457109779119492
token:   A  prob:  0.1447051614522934  total_p:  0.8457109779119492
token:  Therefore  prob:  0.45832329988479614  total_p:  0.8891522884368896
token:  </  prob:  0.2971617877483368  total_p:  0.8891522884368896
token:  The  prob:  0.1336672008037567  total_p:  0.8891522884368896
token:   It  prob:  0.6586698293685913  total_p:  0.9004392027854919
token:   Both  prob:  0.14905591309070587  total_p:  0.9004392027854919
token:   If  prob:  0.09271346032619476  total_p:  0.9004392027854919
token:   If  prob:  0.47352665662765503  total_p:  0.921503096818924
token:   This  prob:  0.4479764401912689  total_p:  0.921503096818924
token:   This  prob:  0.4026787281036377  total_p:  0.8040875792503357
token:   A  prob:  0.401408851146698  total_p:  0.8040875792503357
token:   This  prob:  0.5206165909767151  total_p:  0.746917374432087
token:   Therefore  prob:  0.13215674459934235  total_p:  0.746917374432087
token:   So  prob:  0.09414403885602951  total_p:  0.746917374432087
token:   A  prob:  0.4734475910663605  total_p:  0.9134114980697632
token:   This  prob:  0.313826322555542  total_p:  0.9134114980697632
token:   If  prob:  0.12613758444786072  total_p:  0.9134114980697632
token:   This  prob:  0.4144291579723358  total_p:  0.8021107614040375
token:   A  prob:  0.1949431151151657  total_p:  0.8021107614040375
token:   An  prob:  0.19273848831653595  total_p:  0.8021107614040375
token:  The  prob:  0.37163883447647095  total_p:  0.5450063794851303
token:  Given  prob:  0.08955180644989014  total_p:  0.5450063794851303
token:  Considering  prob:  0.08381573855876923  total_p:  0.5450063794851303
token:  Among  prob:  0.22233904898166656  total_p:  0.5759786069393158
token:  The  prob:  0.2158706933259964  total_p:  0.5759786069393158
token:  Option  prob:  0.13776886463165283  total_p:  0.5759786069393158
token:   This  prob:  0.7308850884437561  total_p:  0.8974851295351982
token:   If  prob:  0.09010997414588928  total_p:  0.8974851295351982
token:   A  prob:  0.07649006694555283  total_p:  0.8974851295351982
usr_prompt:  Context: Successful stand-up comedians are able to keep the attention of a large audience for a few hours, in such a way that the audience remembers long afterwards what the comedian said. And in their routines, many comedians make interesting points about serious topics. Unsurprisingly, humor is the means through which comedians are able to accomplish all of this. University professors hope to achieve much the same in their lectures. Thus, __
Question: Which one of the following most logically completes the argument?
A. incorporating humor into lectures can help professors to achieve the goals they have for those lectures
B. university professors should treat even the most serious topics in a humorous way
C. stand-up comedians and university professors have the same skill set
D. university professors can achieve the goals they have for their lectures only if they incorporate humor into them
token:   Successful  prob:  0.3140682876110077  total_p:  0.8629403412342072
token:   **  prob:  0.27600687742233276  total_p:  0.8629403412342072
token:   The  prob:  0.2728651762008667  total_p:  0.8629403412342072
token:  4  prob:  0.5888761281967163  total_p:  0.7872904241085052
token:  Given  prob:  0.10585714131593704  total_p:  0.7872904241085052
token:  Considering  prob:  0.0925571545958519  total_p:  0.7872904241085052
token:  <  prob:  0.7776544690132141  total_p:  0.8812575191259384
token:  Thus  prob:  0.05240227282047272  total_p:  0.8812575191259384
token:  Therefore  prob:  0.05120077729225159  total_p:  0.8812575191259384
usr_prompt:  Context: Since anyone who supports the new tax plan has no chance of being elected, and anyone who truly understands economics would not support the tax plan, only someone who truly understands economics would have any chance of being elected.
Question: The reasoning in the argument is flawed because the argument ignores the possibility that some people who
A. truly understand economics have no chance of being elected
B. truly understand economics do not support the tax plan
C. do not support the tax plan do not truly understand economics
D. do not support the tax plan have no chance of being elected
token:   The  prob:  0.6045777201652527  total_p:  0.8945377245545387
token:   **  prob:  0.21758969128131866  total_p:  0.8945377245545387
token:   "  prob:  0.07237031310796738  total_p:  0.8945377245545387
token:   "  prob:  0.680019199848175  total_p:  0.8420439511537552
token:   The  prob:  0.16202475130558014  total_p:  0.8420439511537552
token:   This  prob:  0.41085124015808105  total_p:  0.945283368229866
token:   

  prob:  0.3240419924259186  total_p:  0.945283368229866
token:   The  prob:  0.2103901356458664  total_p:  0.945283368229866
token:   The  prob:  0.4737502336502075  total_p:  0.8736361712217331
token:   Comb  prob:  0.20185580849647522  total_p:  0.8736361712217331
token:   From  prob:  0.19803012907505035  total_p:  0.8736361712217331
token:  The  prob:  0.5443627834320068  total_p:  0.9222579896450043
token:  Now  prob:  0.2640427350997925  total_p:  0.9222579896450043
token:  To  prob:  0.11385247111320496  total_p:  0.9222579896450043
token:  The  prob:  0.507537841796875  total_p:  0.9243604987859726
token:  Now  prob:  0.3551872968673706  total_p:  0.9243604987859726
token:  To  prob:  0.06163536012172699  total_p:  0.9243604987859726
token:   "  prob:  0.4318605661392212  total_p:  0.6784069389104843
token:   This  prob:  0.24654637277126312  total_p:  0.6784069389104843
token:   truly  prob:  0.30883729457855225  total_p:  0.8637891709804535
token:   "  prob:  0.29905688762664795  total_p:  0.8637891709804535
token:   This  prob:  0.2558949887752533  total_p:  0.8637891709804535
token:   The  prob:  0.5711696743965149  total_p:  0.819991946220398
token:   Let  prob:  0.13808077573776245  total_p:  0.819991946220398
token:   Specifically  prob:  0.1107414960861206  total_p:  0.819991946220398
token:   "  prob:  0.43924233317375183  total_p:  0.82947638630867
token:   truly  prob:  0.23714382946491241  total_p:  0.82947638630867
token:   **  prob:  0.1530902236700058  total_p:  0.82947638630867
token:   The  prob:  0.6691330671310425  total_p:  0.9561131969094276
token:   If  prob:  0.16207574307918549  total_p:  0.9561131969094276
token:   According  prob:  0.12490438669919968  total_p:  0.9561131969094276
token:   However  prob:  0.509367048740387  total_p:  0.7435031160712242
token:   It  prob:  0.13709376752376556  total_p:  0.7435031160712242
token:   The  prob:  0.09704229980707169  total_p:  0.7435031160712242
token:   The  prob:  0.5625056624412537  total_p:  0.8897255063056946
token:   If  prob:  0.3272198438644409  total_p:  0.8897255063056946
token:   The  prob:  0.4524437189102173  total_p:  0.8162373602390289
token:   However  prob:  0.28778883814811707  total_p:  0.8162373602390289
token:   It  prob:  0.07600480318069458  total_p:  0.8162373602390289
token:   This  prob:  0.3717743754386902  total_p:  0.9651554524898529
token:   The  prob:  0.34558796882629395  total_p:  0.9651554524898529
token:   However  prob:  0.24779310822486877  total_p:  0.9651554524898529
token:   This  prob:  0.2026214599609375  total_p:  0.5721327811479568
token:   The  prob:  0.19633051753044128  total_p:  0.5721327811479568
token:   However  prob:  0.17318080365657806  total_p:  0.5721327811479568
token:   However  prob:  0.5817948579788208  total_p:  0.8609495162963867
token:   This  prob:  0.1538867950439453  total_p:  0.8609495162963867
token:   

  prob:  0.1252678632736206  total_p:  0.8609495162963867
token:   However  prob:  0.48625773191452026  total_p:  0.9410316646099091
token:   The  prob:  0.4547739326953888  total_p:  0.9410316646099091
token:  The  prob:  0.4060783088207245  total_p:  0.7921561449766159
token:  Given  prob:  0.24078211188316345  total_p:  0.7921561449766159
token:  Considering  prob:  0.14529572427272797  total_p:  0.7921561449766159
token:   This  prob:  0.3947955071926117  total_p:  0.6410472989082336
token:   "  prob:  0.24625179171562195  total_p:  0.6410472989082336
token:  The  prob:  0.42997485399246216  total_p:  0.6887170374393463
token:  Therefore  prob:  0.25874218344688416  total_p:  0.6887170374393463
token:   

  prob:  0.5510050058364868  total_p:  0.8077950775623322
token:   This  prob:  0.25679007172584534  total_p:  0.8077950775623322
usr_prompt:  Context: Morton: In order to succeed in today' s society, one must have a college degree. Skeptics have objected that there are many people who never completed any education beyond high school but who are nevertheless quite successful. This success is only apparent, however, because without a college degree a person does not have enough education to be truly successful.
Question: Morton's argument is flawed because it
A. mistakes a correlation for a cause
B. fails to consider the status of alleged counterexamples
C. assumes what it sets out to conclude
D. bases its conclusion on the supposition that most people believe in that conclusion
token:  Let  prob:  0.6603469252586365  total_p:  0.9366110265254974
token:  To  prob:  0.15999548137187958  total_p:  0.9366110265254974
token:  M  prob:  0.11626861989498138  total_p:  0.9366110265254974
token:   Analy  prob:  0.7280117273330688  total_p:  0.8456503339111805
token:   Option  prob:  0.06730654090642929  total_p:  0.8456503339111805
token:   Let  prob:  0.05033206567168236  total_p:  0.8456503339111805
token:   Those  prob:  0.40865781903266907  total_p:  0.6889963150024414
token:   He  prob:  0.1685594767332077  total_p:  0.6889963150024414
token:   People  prob:  0.11177901923656464  total_p:  0.6889963150024414
token:  Now  prob:  0.8012370467185974  total_p:  0.8978863805532455
token:  Analy  prob:  0.051832862198352814  total_p:  0.8978863805532455
token:  We  prob:  0.04481647163629532  total_p:  0.8978863805532455
token:   He  prob:  0.7573673129081726  total_p:  0.8679138422012329
token:   In  prob:  0.1105465292930603  total_p:  0.8679138422012329
token:  Now  prob:  0.5231210589408875  total_p:  0.7650198340415955
token:  Option  prob:  0.15218232572078705  total_p:  0.7650198340415955
token:  Let  prob:  0.08971644937992096  total_p:  0.7650198340415955
token:   However  prob:  0.5552316308021545  total_p:  0.8374179899692535
token:   This  prob:  0.16169384121894836  total_p:  0.8374179899692535
token:   Morton  prob:  0.12049251794815063  total_p:  0.8374179899692535
token:  The  prob:  0.6762375235557556  total_p:  0.9283195734024048
token:  Option  prob:  0.25208204984664917  total_p:  0.9283195734024048
token:  The  prob:  0.5480999946594238  total_p:  0.8948759138584137
token:  Option  prob:  0.34677591919898987  total_p:  0.8948759138584137
token:   This  prob:  0.45424824953079224  total_p:  0.6391313672065735
token:   In  prob:  0.18488311767578125  total_p:  0.6391313672065735
token:   Morton  prob:  0.3763394355773926  total_p:  0.8628045246005058
token:   However  prob:  0.3725818991661072  total_p:  0.8628045246005058
token:   While  prob:  0.11388318985700607  total_p:  0.8628045246005058
token:  The  prob:  0.412207692861557  total_p:  0.8363714069128036
token:  Option  prob:  0.31481364369392395  total_p:  0.8363714069128036
token:  Therefore  prob:  0.10935007035732269  total_p:  0.8363714069128036
token:   However  prob:  0.27190259099006653  total_p:  0.5200116336345673
token:   This  prob:  0.24810904264450073  total_p:  0.5200116336345673
token:   Morton  prob:  0.5100401639938354  total_p:  0.7977974340319633
token:   In  prob:  0.21367418766021729  total_p:  0.7977974340319633
token:   This  prob:  0.07408308237791061  total_p:  0.7977974340319633
token:  The  prob:  0.3756626546382904  total_p:  0.6834109127521515
token:  Option  prob:  0.3077482581138611  total_p:  0.6834109127521515
usr_prompt:  Context: The television documentary went beyond the save-the-wildlife pieties of some of those remote from East Africa and showed that in a country pressed for food, the elephant is a pest, and an intelligent pest at that. There appears to be no way to protect East African farms from the voracious foraging of night-raiding elephant herds. Clearly this example illustrates that __.
Question: Which one of the following most logically completes the paragraph?
A. farmers and agricultural agents should work closely with wildlife conservationists before taking measures to control elephants
B. the preservation of wildlife may endanger human welfare
C. it is unfair that people in any country should have to endure food shortages
D. it is time to remove elephants from the list of endangered species
token:  Let  prob:  0.47899529337882996  total_p:  0.9156992882490158
token:  To  prob:  0.24533843994140625  total_p:  0.9156992882490158
token:  The  prob:  0.1913655549287796  total_p:  0.9156992882490158
token:   The  prob:  0.658331573009491  total_p:  0.9650282505899668
token:   We  prob:  0.29239094257354736  total_p:  0.9650282505899668
token:   Now  prob:  0.014305735006928444  total_p:  0.9650282505899668
token:   The  prob:  0.7590797543525696  total_p:  0.9363727606832981
token:   This  prob:  0.1179332584142685  total_p:  0.9363727606832981
token:   Let  prob:  0.05935974791646004  total_p:  0.9363727606832981
token:  Option  prob:  0.582942008972168  total_p:  0.8841433748602867
token:  Now  prob:  0.20638203620910645  total_p:  0.8841433748602867
token:  A  prob:  0.0948193296790123  total_p:  0.8841433748602867
token:  Now  prob:  0.732881486415863  total_p:  0.9590651914477348
token:  Option  prob:  0.15977002680301666  total_p:  0.9590651914477348
token:  Let  prob:  0.06641367822885513  total_p:  0.9590651914477348
token:  The  prob:  0.40334728360176086  total_p:  0.6975153386592865
token:  Option  prob:  0.16662625968456268  total_p:  0.6975153386592865
token:  Based  prob:  0.12754179537296295  total_p:  0.6975153386592865
token:  Option  prob:  0.5526402592658997  total_p:  0.8366336524486542
token:  The  prob:  0.2839933931827545  total_p:  0.8366336524486542
token:  Option  prob:  0.5894214510917664  total_p:  0.9380815289914608
token:  The  prob:  0.296536386013031  total_p:  0.9380815289914608
token:  Based  prob:  0.05212369188666344  total_p:  0.9380815289914608
token:  The  prob:  0.4240964353084564  total_p:  0.7591519057750702
token:  Given  prob:  0.18353579938411713  total_p:  0.7591519057750702
token:  Based  prob:  0.15151967108249664  total_p:  0.7591519057750702
token:  The  prob:  0.4035916030406952  total_p:  0.7532587945461273
token:  Option  prob:  0.1984066218137741  total_p:  0.7532587945461273
token:  Given  prob:  0.15126056969165802  total_p:  0.7532587945461273
generate 100 results in 4900.47 seconds(81.67 minutes)
